hour,day_of_week,is_weekend,ping_avg_rtt_ms_lag_1,ping_avg_rtt_ms_lag_2,ping_avg_rtt_ms_lag_3,ping_avg_rtt_ms_lag_4,download_lag_1,upload_lag_1,jitter_lag_1,weather_code,target
2,5,1,24.72,26.54,45.34,26.48,194.44,38.29,4.1,0.0,24.78
2,5,1,30.6,24.72,26.54,45.34,338.71,42.79,4.57,0.0,23.86
2,5,1,24.78,30.6,24.72,26.54,291.88,39.0,4.78,0.0,23.82
2,5,1,23.86,24.78,30.6,24.72,209.63,14.6,3.45,0.0,36.4
3,5,1,23.82,23.86,24.78,30.6,310.97,38.63,2.63,0.0,24.38
3,5,1,36.4,23.82,23.86,24.78,184.53,35.58,4.96,0.0,26.02
3,5,1,24.38,36.4,23.82,23.86,266.34,31.48,3.98,0.0,27.4
3,5,1,26.02,24.38,36.4,23.82,264.92,10.35,4.8,0.0,25.12
4,5,1,27.4,26.02,24.38,36.4,115.96,47.98,5.41,0.0,26.52
4,5,1,25.12,27.4,26.02,24.38,145.88,30.2,3.73,0.0,24.66
4,5,1,26.52,25.12,27.4,26.02,229.95,32.97,4.73,0.0,26.28
4,5,1,24.66,26.52,25.12,27.4,220.39,40.18,2.63,0.0,48.42
5,5,1,26.28,24.66,26.52,25.12,286.6,24.045,3.63,0.0,28.26
5,5,1,48.42,26.28,24.66,26.52,58.43,7.91,18.47,0.0,32.06
5,5,1,28.26,48.42,26.28,24.66,127.99,50.46,4.61,0.0,27.18
5,5,1,32.06,28.26,48.42,26.28,238.28,30.19,8.51,0.0,25.46
6,5,1,27.18,32.06,28.26,48.42,267.71,28.18,3.92,0.0,31.9
6,5,1,25.46,27.18,32.06,28.26,112.72,25.89,4.45,0.0,27.48
6,5,1,31.9,25.46,27.18,32.06,312.62,28.16,5.73,0.0,29.68
6,5,1,27.48,31.9,25.46,27.18,339.07,43.46,5.57,0.0,27.42
7,5,1,29.68,27.48,31.9,25.46,321.4,6.67,4.59,0.0,28.84
7,5,1,27.42,29.68,27.48,31.9,194.78,38.49,3.92,0.0,34.16
7,5,1,28.84,27.42,29.68,27.48,159.67,16.68,6.33,0.0,26.48
7,5,1,34.16,28.84,27.42,29.68,197.88,41.82,7.41,0.0,33.8
8,5,1,26.48,34.16,28.84,27.42,305.98,35.32,4.04,0.0,28.02
8,5,1,33.8,26.48,34.16,28.84,199.96,27.53,4.53,0.0,32.02
8,5,1,28.02,33.8,26.48,34.16,292.77,36.9,5.04,0.0,30.3
8,5,1,32.02,28.02,33.8,26.48,285.94,36.48,4.86,0.0,30.34
9,5,1,30.3,32.02,28.02,33.8,95.38,29.88,4.98,0.0,33.34
9,5,1,30.34,30.3,32.02,28.02,301.21,44.49,5.86,0.0,31.12
9,5,1,33.34,30.34,30.3,32.02,307.52,20.8,7.22,0.0,28.22
9,5,1,31.12,33.34,30.34,30.3,88.22,14.91,7.22,0.0,28.54
10,5,1,28.22,31.12,33.34,30.34,216.24,21.19,4.8,0.0,26.22
10,5,1,28.54,28.22,31.12,33.34,206.35,34.07,6.2,0.0,31.76
10,5,1,26.22,28.54,28.22,31.12,374.58,33.94,3.49,0.0,72.0
10,5,1,31.76,26.22,28.54,28.22,288.15,48.08,7.53,0.0,25.32
11,5,1,72.0,31.76,26.22,28.54,256.63,29.85,8.61,0.0,30.64
11,5,1,25.32,72.0,31.76,26.22,157.05,28.81,3.73,0.0,25.5
11,5,1,30.64,25.32,72.0,31.76,121.23,43.52,5.12,0.0,24.22
11,5,1,25.5,30.64,25.32,72.0,110.35,20.56,3.92,0.0,24.14
12,5,1,24.22,25.5,30.64,25.32,209.25,17.55,3.37,0.0,33.38
12,5,1,24.14,24.22,25.5,30.64,361.7,49.87,3.31,0.0,28.72
12,5,1,33.38,24.14,24.22,25.5,219.61,33.08,7.0,0.0,26.18
12,5,1,28.72,33.38,24.14,24.22,145.35,31.4,6.82,0.0,27.94
13,5,1,26.18,28.72,33.38,24.14,338.99,24.49,3.82,0.0,27.86
13,5,1,27.94,26.18,28.72,33.38,230.31,35.13,7.06,0.0,35.68
13,5,1,27.86,27.94,26.18,28.72,177.64,34.45,5.76,0.0,54.16
13,5,1,35.68,27.86,27.94,26.18,216.4,37.97,6.76,0.0,28.62
14,5,1,54.16,35.68,27.86,27.94,50.05,18.48,10.82,1.0,34.96
14,5,1,28.62,54.16,35.68,27.86,267.77,37.89,4.8,1.0,26.8
14,5,1,34.96,28.62,54.16,35.68,181.86,40.68,10.49,1.0,35.76
14,5,1,26.8,34.96,28.62,54.16,216.88,30.33,4.94,1.0,27.28
15,5,1,35.76,26.8,34.96,28.62,290.81,40.53,7.14,1.0,31.36
15,5,1,27.28,35.76,26.8,34.96,224.55,34.16,4.61,1.0,25.22
15,5,1,31.36,27.28,35.76,26.8,272.17,52.63,6.35,1.0,26.66
15,5,1,25.22,31.36,27.28,35.76,277.9,23.88,2.69,1.0,52.42
16,5,1,26.66,25.22,31.36,27.28,258.97,33.2,4.1,0.0,23.78
16,5,1,52.42,26.66,25.22,31.36,153.22,22.36,8.0,0.0,25.66
16,5,1,23.78,52.42,26.66,25.22,238.01,32.56,2.63,0.0,41.5
16,5,1,25.66,23.78,52.42,26.66,143.36,32.65,4.0,0.0,25.26
17,5,1,41.5,25.66,23.78,52.42,291.09,49.05,11.37,0.0,36.12
17,5,1,25.26,41.5,25.66,23.78,385.98,49.21,4.51,0.0,24.42
17,5,1,36.12,25.26,41.5,25.66,139.85,25.27,5.9,0.0,36.0
17,5,1,24.42,36.12,25.26,41.5,293.15,35.48,3.33,0.0,24.24
18,5,1,36.0,24.42,36.12,25.26,205.4,32.5,6.86,0.0,27.76
18,5,1,24.24,36.0,24.42,36.12,175.03,45.43,3.08,0.0,35.74
18,5,1,27.76,24.24,36.0,24.42,231.83,32.89,4.98,0.0,63.34
18,5,1,35.74,27.76,24.24,36.0,157.15,49.27,15.39,0.0,28.98
19,5,1,63.34,35.74,27.76,24.24,71.76,18.74,11.22,0.0,32.28
19,5,1,28.98,63.34,35.74,27.76,271.95,58.4,9.04,0.0,28.58
19,5,1,32.28,28.98,63.34,35.74,84.41,20.1,5.76,0.0,54.56
19,5,1,28.58,32.28,28.98,63.34,262.77,38.53,6.33,0.0,27.44
20,5,1,54.56,28.58,32.28,28.98,241.71,46.19,8.47,0.0,24.58
20,5,1,27.44,54.56,28.58,32.28,307.64,37.31,4.8,0.0,27.22
20,5,1,24.58,27.44,54.56,28.58,276.86,35.04,2.8,0.0,26.74
20,5,1,27.22,24.58,27.44,54.56,104.36,19.73,4.71,0.0,28.02
21,5,1,26.74,27.22,24.58,27.44,231.62,41.93,3.9,0.0,24.02
21,5,1,28.02,26.74,27.22,24.58,297.52,35.64,4.2,0.0,28.54
21,5,1,24.02,28.02,26.74,27.22,190.27,47.42,2.31,0.0,26.02
21,5,1,28.54,24.02,28.02,26.74,16.32,41.51,5.45,0.0,26.96
22,5,1,26.02,28.54,24.02,28.02,158.01,23.77,3.35,0.0,29.58
22,5,1,26.96,26.02,28.54,24.02,151.49,35.88,4.47,0.0,28.2
22,5,1,29.58,26.96,26.02,28.54,258.48,47.11,4.71,0.0,24.82
22,5,1,28.2,29.58,26.96,26.02,153.65,44.04,5.33,0.0,24.46
23,5,1,24.82,28.2,29.58,26.96,117.92,50.64,3.14,0.0,28.5
23,5,1,24.46,24.82,28.2,29.58,192.82,47.09,3.1,0.0,29.08
23,5,1,28.5,24.46,24.82,28.2,247.83,47.96,4.49,0.0,26.02
0,6,1,29.08,28.5,24.46,24.82,52.99,24.19,5.39,0.0,56.48
0,6,1,26.02,29.08,28.5,24.46,208.74,15.89,4.53,0.0,25.68
1,6,1,56.48,26.02,29.08,28.5,249.64,37.95,6.9,1.0,26.24
1,6,1,25.68,56.48,26.02,29.08,300.38,38.23,3.24,1.0,26.06
1,6,1,26.24,25.68,56.48,26.02,342.5,50.92,3.88,0.0,28.1
2,6,1,26.06,26.24,25.68,56.48,118.39,44.66,5.1,1.0,24.88
2,6,1,28.1,26.06,26.24,25.68,249.17,51.9,5.94,1.0,25.46
2,6,1,24.88,28.1,26.06,26.24,333.41,30.38,3.1,1.0,26.96
2,6,1,25.46,24.88,28.1,26.06,219.39,40.5,2.63,1.0,27.02
3,6,1,26.96,25.46,24.88,28.1,68.39,47.03,5.92,2.0,31.56
3,6,1,27.02,26.96,25.46,24.88,274.95,36.62,3.29,2.0,25.5
3,6,1,31.56,27.02,26.96,25.46,242.5,26.94,5.45,2.0,27.94
3,6,1,25.5,31.56,27.02,26.96,231.58,45.34,5.33,2.0,29.64
4,6,1,27.94,25.5,31.56,27.02,284.46,14.82,5.82,3.0,36.64
4,6,1,29.64,27.94,25.5,31.56,334.33,39.87,5.92,3.0,36.82
4,6,1,36.64,29.64,27.94,25.5,287.03,18.91,6.78,3.0,30.04
4,6,1,36.82,36.64,29.64,27.94,255.21,39.47,8.5,3.0,26.5
5,6,1,30.04,36.82,36.64,29.64,238.72,23.78,5.8,2.0,30.02
5,6,1,26.5,30.04,36.82,36.64,204.6,41.09,4.63,2.0,24.94
5,6,1,30.02,26.5,30.04,36.82,220.01,26.26,7.82,2.0,26.0
5,6,1,24.94,30.02,26.5,30.04,306.51,35.64,2.92,2.0,27.28
6,6,1,26.0,24.94,30.02,26.5,162.08,17.69,3.69,1.0,32.8
6,6,1,27.28,26.0,24.94,30.02,303.98,28.09,2.9,1.0,26.96
6,6,1,32.8,27.28,26.0,24.94,261.22,34.97,6.78,1.0,28.78
6,6,1,26.96,32.8,27.28,26.0,320.26,40.5,6.02,1.0,24.72
7,6,1,28.78,26.96,32.8,27.28,226.15,13.04,5.9,1.0,24.0
7,6,1,24.72,28.78,26.96,32.8,337.72,42.87,4.27,1.0,26.56
7,6,1,24.0,24.72,28.78,26.96,302.16,16.16,3.47,1.0,34.92
7,6,1,26.56,24.0,24.72,28.78,346.06,23.91,3.53,1.0,29.84
8,6,1,34.92,26.56,24.0,24.72,133.01,17.22,7.02,1.0,30.96
8,6,1,29.84,34.92,26.56,24.0,47.42,36.53,5.45,1.0,28.22
8,6,1,30.96,29.84,34.92,26.56,308.2,44.19,7.0,1.0,65.54
8,6,1,28.22,30.96,29.84,34.92,294.35,29.28,5.98,1.0,25.26
9,6,1,65.54,28.22,30.96,29.84,321.97,32.2,10.94,1.0,25.58
9,6,1,25.26,65.54,28.22,30.96,315.88,29.11,5.1,1.0,28.24
9,6,1,25.58,25.26,65.54,28.22,173.59,30.16,4.55,1.0,26.82
9,6,1,28.24,25.58,25.26,65.54,275.87,44.52,4.06,1.0,27.74
10,6,1,26.82,28.24,25.58,25.26,180.11,42.15,4.2,1.0,27.33
10,6,1,27.74,26.82,28.24,25.58,153.71,20.34,4.96,1.0,25.14
10,6,1,27.33,27.74,26.82,28.24,294.77,43.0,5.42,1.0,27.38
10,6,1,25.14,27.33,27.74,26.82,386.03,40.39,3.33,1.0,24.78
11,6,1,27.38,25.14,27.33,27.74,230.35,41.08,5.14,1.0,26.72
11,6,1,24.78,27.38,25.14,27.33,158.34,47.83,3.08,1.0,27.06
11,6,1,26.72,24.78,27.38,25.14,181.44,25.42,5.18,1.0,36.12
11,6,1,27.06,26.72,24.78,27.38,340.91,32.92,6.1,1.0,28.54
12,6,1,36.12,27.06,26.72,24.78,353.49,45.06,8.22,0.0,45.92
12,6,1,28.54,36.12,27.06,26.72,171.52,31.39,5.37,0.0,30.24
12,6,1,45.92,28.54,36.12,27.06,247.36,37.17,8.27,0.0,26.58
12,6,1,30.24,45.92,28.54,36.12,221.98,50.33,6.67,0.0,41.18
13,6,1,26.58,30.24,45.92,28.54,143.61,29.7,4.67,0.0,26.22
13,6,1,41.18,26.58,30.24,45.92,289.8,28.8,8.51,0.0,30.76
13,6,1,26.22,41.18,26.58,30.24,335.01,42.82,4.57,0.0,26.56
13,6,1,30.76,26.22,41.18,26.58,96.09,11.12,6.04,0.0,26.68
14,6,1,26.56,30.76,26.22,41.18,222.22,30.31,5.43,0.0,25.24
14,6,1,26.68,26.56,30.76,26.22,267.93,35.94,5.29,0.0,56.1
14,6,1,25.24,26.68,26.56,30.76,151.34,22.82,4.18,0.0,26.6
14,6,1,56.1,25.24,26.68,26.56,136.68,22.43,8.14,0.0,26.6
15,6,1,26.6,56.1,25.24,26.68,202.19,34.04,3.73,0.0,31.66
15,6,1,26.6,26.6,56.1,25.24,223.24,36.35,3.88,0.0,25.38
15,6,1,31.66,26.6,26.6,56.1,230.65,27.43,7.84,0.0,25.1
15,6,1,25.38,31.66,26.6,26.6,303.3,32.95,3.2,0.0,25.16
16,6,1,25.1,25.38,31.66,26.6,291.96,47.53,3.29,1.0,25.76
16,6,1,25.16,25.1,25.38,31.66,179.2,41.0,3.59,1.0,27.12
16,6,1,25.76,25.16,25.1,25.38,262.37,16.48,3.0,1.0,32.62
16,6,1,27.12,25.76,25.16,25.1,313.87,38.86,4.44,1.0,29.7
17,6,1,32.62,27.12,25.76,25.16,258.93,44.66,7.57,0.0,25.4
17,6,1,29.7,32.62,27.12,25.76,193.85,28.1,6.22,0.0,26.96
17,6,1,25.4,29.7,32.62,27.12,295.03,32.08,3.96,0.0,27.54
17,6,1,26.96,25.4,29.7,32.62,191.36,31.04,5.18,0.0,27.0
18,6,1,27.54,26.96,25.4,29.7,87.74,25.08,6.45,1.0,29.16
18,6,1,27.0,27.54,26.96,25.4,206.74,34.59,5.02,1.0,32.1
18,6,1,29.16,27.0,27.54,26.96,79.98,33.24,4.63,1.0,33.86
18,6,1,32.1,29.16,27.0,27.54,109.11,14.15,6.22,1.0,41.4
19,6,1,33.86,32.1,29.16,27.0,203.87,31.79,10.82,3.0,35.14
19,6,1,41.4,33.86,32.1,29.16,161.09,51.73,5.35,3.0,24.72
19,6,1,35.14,41.4,33.86,32.1,122.39,45.53,5.69,3.0,28.94
19,6,1,24.72,35.14,41.4,33.86,290.44,32.04,3.04,3.0,28.92
20,6,1,28.94,24.72,35.14,41.4,264.39,32.62,5.41,1.0,25.82
20,6,1,28.92,28.94,24.72,35.14,180.91,39.89,6.08,1.0,28.46
20,6,1,25.82,28.92,28.94,24.72,220.41,49.69,3.86,1.0,27.08
20,6,1,28.46,25.82,28.92,28.94,319.86,34.02,5.49,1.0,26.22
21,6,1,27.08,28.46,25.82,28.92,313.01,39.83,4.31,0.0,24.6
21,6,1,26.22,27.08,28.46,25.82,347.91,31.57,4.59,0.0,23.86
21,6,1,24.6,26.22,27.08,28.46,228.93,39.42,2.65,0.0,27.32
21,6,1,23.86,24.6,26.22,27.08,331.82,34.79,2.27,0.0,35.14
22,6,1,27.32,23.86,24.6,26.22,131.29,38.01,4.98,0.0,79.12
22,6,1,35.14,27.32,23.86,24.6,290.54,43.96,7.35,0.0,24.42
22,6,1,79.12,35.14,27.32,23.86,150.54,29.15,10.24,0.0,24.3
22,6,1,24.42,79.12,35.14,27.32,277.1,39.38,2.78,0.0,24.58
23,6,1,24.3,24.42,79.12,35.14,193.06,39.94,2.61,0.0,24.82
23,6,1,24.58,24.3,24.42,79.12,152.22,31.12,3.14,0.0,35.58
23,6,1,24.82,24.58,24.3,24.42,231.12,32.07,4.2,0.0,28.04
23,6,1,35.58,24.82,24.58,24.3,152.06,38.67,5.35,0.0,28.36
0,0,0,28.04,35.58,24.82,24.58,311.55,34.58,4.37,0.0,24.82
0,0,0,28.36,28.04,35.58,24.82,238.43,42.29,4.55,0.0,27.12
0,0,0,24.82,28.36,28.04,35.58,132.64,30.29,3.67,0.0,25.04
0,0,0,27.12,24.82,28.36,28.04,162.59,38.18,5.59,0.0,25.94
1,0,0,25.04,27.12,24.82,28.36,273.55,37.84,2.67,0.0,24.32
1,0,0,25.94,25.04,27.12,24.82,85.49,34.26,4.59,0.0,24.94
1,0,0,24.32,25.94,25.04,27.12,229.05,30.8,3.78,0.0,24.8
1,0,0,24.94,24.32,25.94,25.04,267.02,35.3,2.86,0.0,28.54
2,0,0,24.8,24.94,24.32,25.94,225.8,9.22,3.67,0.0,26.46
2,0,0,28.54,24.8,24.94,24.32,249.43,31.95,6.84,0.0,30.46
2,0,0,26.46,28.54,24.8,24.94,180.55,29.44,4.31,0.0,24.18
2,0,0,30.46,26.46,28.54,24.8,264.5,43.18,12.12,0.0,29.92
3,0,0,24.18,30.46,26.46,28.54,138.05,31.8,3.06,0.0,25.4
3,0,0,29.92,24.18,30.46,26.46,182.87,45.04,5.45,0.0,25.52
3,0,0,25.4,29.92,24.18,30.46,209.14,8.2,3.47,0.0,29.38
3,0,0,25.52,25.4,29.92,24.18,228.05,39.83,3.71,0.0,27.8
4,0,0,29.38,25.52,25.4,29.92,120.72,24.56,5.06,0.0,26.78
4,0,0,27.8,29.38,25.52,25.4,309.23,29.38,6.02,0.0,28.44
4,0,0,26.78,27.8,29.38,25.52,362.94,52.77,5.14,0.0,37.24
4,0,0,28.44,26.78,27.8,29.38,411.63,35.66,6.61,0.0,28.06
5,0,0,37.24,28.44,26.78,27.8,244.69,35.5,8.71,0.0,27.36
5,0,0,28.06,37.24,28.44,26.78,148.59,36.05,5.31,0.0,33.64
5,0,0,27.36,28.06,37.24,28.44,125.01,36.31,6.43,0.0,28.74
5,0,0,33.64,27.36,28.06,37.24,369.54,44.76,7.08,0.0,24.94
6,0,0,28.74,33.64,27.36,28.06,199.15,28.87,6.59,0.0,28.34
6,0,0,24.94,28.74,33.64,27.36,171.16,31.62,3.27,0.0,30.54
6,0,0,28.34,24.94,28.74,33.64,110.54,26.91,5.1,0.0,29.64
6,0,0,30.54,28.34,24.94,28.74,231.48,26.58,8.02,0.0,24.16
7,0,0,29.64,30.54,28.34,24.94,241.08,35.01,5.08,0.0,25.5
7,0,0,24.16,29.64,30.54,28.34,271.33,35.24,2.71,0.0,36.04
7,0,0,25.5,24.16,29.64,30.54,204.73,44.54,3.43,0.0,27.64
7,0,0,36.04,25.5,24.16,29.64,225.62,22.58,6.9,0.0,27.08
8,0,0,27.64,36.04,25.5,24.16,280.25,23.64,4.53,0.0,41.76
8,0,0,27.08,27.64,36.04,25.5,156.64,25.21,4.45,0.0,29.54
8,0,0,41.76,27.08,27.64,36.04,148.08,18.28,7.82,0.0,25.24
8,0,0,29.54,41.76,27.08,27.64,197.06,30.06,6.53,0.0,30.72
9,0,0,25.24,29.54,41.76,27.08,245.77,9.81,1.98,0.0,35.12
9,0,0,30.72,25.24,29.54,41.76,252.59,15.92,5.55,0.0,24.3
9,0,0,35.12,30.72,25.24,29.54,270.29,45.65,8.33,0.0,26.84
9,0,0,24.3,35.12,30.72,25.24,303.5,32.59,2.39,0.0,27.04
10,0,0,26.84,24.3,35.12,30.72,232.51,39.03,2.96,0.0,25.8
10,0,0,27.04,26.84,24.3,35.12,246.23,39.65,4.8,0.0,32.64
10,0,0,25.8,27.04,26.84,24.3,206.18,36.46,6.63,0.0,27.24
10,0,0,32.64,25.8,27.04,26.84,215.42,37.49,5.94,0.0,24.84
11,0,0,27.24,32.64,25.8,27.04,324.78,35.84,6.1,0.0,28.18
11,0,0,24.84,27.24,32.64,25.8,297.37,48.63,4.04,0.0,32.44
11,0,0,28.18,24.84,27.24,32.64,187.72,38.0,6.69,0.0,32.22
11,0,0,32.44,28.18,24.84,27.24,210.22,25.29,5.18,0.0,25.72
12,0,0,32.22,32.44,28.18,24.84,109.51,25.77,7.82,0.0,34.32
12,0,0,25.72,32.22,32.44,28.18,205.36,51.88,4.67,0.0,26.54
12,0,0,34.32,25.72,32.22,32.44,151.09,23.55,10.18,0.0,24.3
12,0,0,26.54,34.32,25.72,32.22,244.0,30.1,3.59,0.0,26.42
13,0,0,24.3,26.54,34.32,25.72,189.34,33.61,2.67,0.0,27.76
13,0,0,26.42,24.3,26.54,34.32,300.9,13.04,3.57,0.0,23.9
13,0,0,27.76,26.42,24.3,26.54,200.53,37.51,3.69,0.0,25.2
13,0,0,23.9,27.76,26.42,24.3,269.12,35.09,2.14,0.0,23.28
14,0,0,25.2,23.9,27.76,26.42,102.93,36.54,4.43,0.0,25.34
14,0,0,23.28,25.2,23.9,27.76,252.58,41.42,1.37,0.0,24.6
14,0,0,25.34,23.28,25.2,23.9,217.35,18.09,3.76,0.0,24.82
14,0,0,24.6,25.34,23.28,25.2,113.85,31.84,2.69,0.0,26.18
15,0,0,24.82,24.6,25.34,23.28,223.15,55.3,3.22,0.0,25.44
15,0,0,26.18,24.82,24.6,25.34,289.79,11.04,3.12,0.0,25.94
15,0,0,25.44,26.18,24.82,24.6,207.32,36.13,3.65,0.0,27.16
15,0,0,25.94,25.44,26.18,24.82,180.52,46.03,4.02,0.0,29.14
16,0,0,27.16,25.94,25.44,26.18,184.01,34.14,3.63,0.0,24.36
16,0,0,29.14,27.16,25.94,25.44,340.07,31.54,6.43,0.0,28.66
16,0,0,24.36,29.14,27.16,25.94,234.38,42.28,3.55,0.0,24.9
16,0,0,28.66,24.36,29.14,27.16,232.08,33.3,4.59,0.0,29.14
17,0,0,24.9,28.66,24.36,29.14,130.74,33.08,3.82,0.0,25.8
17,0,0,29.14,24.9,28.66,24.36,308.32,51.01,6.78,0.0,25.78
17,0,0,25.8,29.14,24.9,28.66,251.74,37.32,3.67,0.0,26.08
17,0,0,25.78,25.8,29.14,24.9,290.47,52.17,4.31,0.0,24.84
18,0,0,26.08,25.78,25.8,29.14,225.63,52.92,3.88,0.0,28.44
18,0,0,24.84,26.08,25.78,25.8,101.8,29.32,3.53,0.0,24.98
18,0,0,28.44,24.84,26.08,25.78,121.01,30.16,5.9,0.0,29.16
18,0,0,24.98,28.44,24.84,26.08,302.12,32.61,3.55,0.0,33.58
19,0,0,29.16,24.98,28.44,24.84,205.81,31.14,6.84,1.0,23.9
19,0,0,33.58,29.16,24.98,28.44,275.02,43.78,3.88,1.0,26.5
19,0,0,23.9,33.58,29.16,24.98,202.63,24.84,3.35,1.0,28.06
19,0,0,26.5,23.9,33.58,29.16,286.55,45.51,4.08,1.0,24.72
20,0,0,28.06,26.5,23.9,33.58,161.99,36.0,6.33,1.0,24.78
20,0,0,24.72,28.06,26.5,23.9,135.76,46.595,3.2,1.0,28.72
20,0,0,24.78,24.72,28.06,26.5,343.76,57.19,3.06,1.0,32.66
20,0,0,28.72,24.78,24.72,28.06,263.31,45.76,4.96,1.0,27.48
21,0,0,32.66,28.72,24.78,24.72,347.18,42.54,5.57,1.0,30.02
21,0,0,27.48,32.66,28.72,24.78,257.32,40.56,5.92,1.0,27.0
21,0,0,30.02,27.48,32.66,28.72,217.8,49.41,5.71,1.0,25.58
21,0,0,27.0,30.02,27.48,32.66,329.96,28.96,3.33,1.0,27.18
22,0,0,25.58,27.0,30.02,27.48,172.75,36.64,4.22,0.0,24.1
22,0,0,27.18,25.58,27.0,30.02,316.95,41.7,4.51,0.0,23.84
22,0,0,24.1,27.18,25.58,27.0,223.22,30.26,2.08,0.0,23.84
22,0,0,23.84,24.1,27.18,25.58,297.02,60.41,2.94,0.0,35.5
23,0,0,23.84,23.84,24.1,27.18,320.65,43.97,3.1,0.0,27.84
23,0,0,35.5,23.84,23.84,24.1,126.27,42.73,5.9,0.0,26.98
23,0,0,27.84,35.5,23.84,23.84,274.61,50.6,4.43,0.0,25.4
23,0,0,26.98,27.84,35.5,23.84,208.63,42.19,4.65,0.0,24.92
0,1,0,25.4,26.98,27.84,35.5,347.65,45.71,4.45,0.0,25.84
0,1,0,24.92,25.4,26.98,27.84,275.22,40.78,3.51,0.0,24.7
0,1,0,25.84,24.92,25.4,26.98,305.06,57.82,3.98,0.0,41.04
0,1,0,24.7,25.84,24.92,25.4,354.23,44.17,4.14,0.0,34.08
1,1,0,41.04,24.7,25.84,24.92,139.85,30.18,7.31,0.0,27.02
1,1,0,34.08,41.04,24.7,25.84,236.11,41.66,7.69,0.0,27.5
1,1,0,27.02,34.08,41.04,24.7,344.53,38.23,3.43,0.0,24.78
1,1,0,27.5,27.02,34.08,41.04,149.52,36.22,6.61,0.0,43.28
2,1,0,24.78,27.5,27.02,34.08,250.35,53.02,2.73,0.0,25.78
2,1,0,43.28,24.78,27.5,27.02,354.88,41.3,12.06,0.0,24.8
2,1,0,25.78,43.28,24.78,27.5,237.51,38.58,5.37,0.0,26.4
2,1,0,24.8,25.78,43.28,24.78,230.35,39.62,4.08,0.0,25.34
3,1,0,26.4,24.8,25.78,43.28,323.05,9.23,3.04,0.0,28.34
3,1,0,25.34,26.4,24.8,25.78,232.64,37.76,3.53,0.0,25.3
3,1,0,28.34,25.34,26.4,24.8,150.5,27.86,3.9,0.0,25.58
3,1,0,25.3,28.34,25.34,26.4,307.7,27.32,4.06,0.0,27.6
4,1,0,25.58,25.3,28.34,25.34,247.2,32.56,4.57,0.0,26.66
4,1,0,27.6,25.58,25.3,28.34,319.01,54.02,5.73,0.0,25.54
4,1,0,26.66,27.6,25.58,25.3,390.73,26.42,3.9,0.0,25.66
4,1,0,25.54,26.66,27.6,25.58,268.52,46.43,2.51,0.0,30.52
5,1,0,25.66,25.54,26.66,27.6,238.32,28.29,3.37,0.0,24.38
5,1,0,30.52,25.66,25.54,26.66,235.42,33.54,4.08,0.0,28.28
5,1,0,24.38,30.52,25.66,25.54,328.66,46.97,4.22,0.0,40.88
5,1,0,28.28,24.38,30.52,25.66,223.09,32.32,6.59,0.0,23.92
6,1,0,40.88,28.28,24.38,30.52,181.56,26.465,11.53,0.0,25.18
6,1,0,23.92,40.88,28.28,24.38,213.92,20.61,2.63,0.0,26.94
6,1,0,25.18,23.92,40.88,28.28,280.18,43.56,3.76,0.0,25.06
6,1,0,26.94,25.18,23.92,40.88,309.64,21.01,3.04,0.0,28.84
7,1,0,25.06,26.94,25.18,23.92,242.68,52.15,2.53,1.0,29.42
7,1,0,28.84,25.06,26.94,25.18,314.24,31.96,2.82,1.0,24.56
7,1,0,29.42,28.84,25.06,26.94,187.97,35.64,6.27,1.0,29.0
7,1,0,24.56,29.42,28.84,25.06,253.63,40.86,3.37,1.0,33.98
8,1,0,29.0,24.56,29.42,28.84,358.63,36.39,5.55,1.0,27.1
8,1,0,33.98,29.0,24.56,29.42,290.63,33.1,10.84,1.0,26.74
8,1,0,27.1,33.98,29.0,24.56,134.3,36.74,5.1,1.0,26.84
8,1,0,26.74,27.1,33.98,29.0,187.83,50.71,5.24,1.0,27.52
9,1,0,26.84,26.74,27.1,33.98,253.78,28.82,2.71,2.0,26.36
9,1,0,27.52,26.84,26.74,27.1,271.89,36.63,4.65,2.0,24.18
9,1,0,26.36,27.52,26.84,26.74,271.76,40.82,1.9,2.0,26.98
9,1,0,24.18,26.36,27.52,26.84,214.65,26.22,2.24,2.0,26.84
10,1,0,26.98,24.18,26.36,27.52,322.77,48.66,3.27,3.0,41.22
10,1,0,26.84,26.98,24.18,26.36,318.67,43.65,5.24,3.0,30.8
10,1,0,41.22,26.84,26.98,24.18,191.08,21.87,5.51,3.0,28.08
10,1,0,30.8,41.22,26.84,26.98,280.67,38.86,8.12,3.0,28.56
11,1,0,28.08,30.8,41.22,26.84,321.7,50.33,5.78,3.0,30.18
11,1,0,28.56,28.08,30.8,41.22,161.83,39.47,4.02,3.0,24.96
11,1,0,30.18,28.56,28.08,30.8,280.44,26.95,4.18,3.0,38.94
11,1,0,24.96,30.18,28.56,28.08,61.09,21.35,4.67,3.0,25.22
12,1,0,38.94,24.96,30.18,28.56,328.28,46.18,4.18,2.0,25.18
12,1,0,25.22,38.94,24.96,30.18,179.33,33.35,3.37,2.0,25.56
12,1,0,25.18,25.22,38.94,24.96,278.93,35.15,3.57,2.0,26.64
12,1,0,25.56,25.18,25.22,38.94,249.76,43.45,3.9,2.0,32.26
13,1,0,26.64,25.56,25.18,25.22,116.82,24.51,3.45,1.0,29.12
13,1,0,32.26,26.64,25.56,25.18,307.0,37.39,4.51,1.0,32.52
13,1,0,29.12,32.26,26.64,25.56,197.46,35.93,4.69,1.0,28.36
13,1,0,32.52,29.12,32.26,26.64,230.99,41.94,7.51,1.0,25.58
14,1,0,28.36,32.52,29.12,32.26,334.36,37.54,6.43,1.0,25.66
14,1,0,25.58,28.36,32.52,29.12,274.74,36.72,4.35,1.0,32.72
14,1,0,25.66,25.58,28.36,32.52,325.48,36.94,4.53,1.0,25.7
14,1,0,32.72,25.66,25.58,28.36,284.29,23.28,5.06,1.0,36.16
15,1,0,25.7,32.72,25.66,25.58,223.66,31.95,3.67,1.0,27.2
15,1,0,36.16,25.7,32.72,25.66,109.24,32.71,7.49,1.0,36.26
15,1,0,27.2,36.16,25.7,32.72,186.71,12.69,5.06,1.0,24.78
15,1,0,36.26,27.2,36.16,25.7,62.89,28.4,8.8,1.0,23.82
16,1,0,24.78,36.26,27.2,36.16,308.79,37.97,2.61,2.0,33.18
16,1,0,23.82,24.78,36.26,27.2,189.69,44.71,2.2,2.0,27.26
16,1,0,33.18,23.82,24.78,36.26,275.73,7.95,8.53,2.0,26.4
16,1,0,27.26,33.18,23.82,24.78,307.61,37.07,5.2,2.0,29.88
17,1,0,26.4,27.26,33.18,23.82,334.25,45.0,3.18,3.0,24.52
17,1,0,29.88,26.4,27.26,33.18,319.66,43.5,6.35,3.0,24.96
17,1,0,24.52,29.88,26.4,27.26,303.51,34.51,2.67,3.0,31.64
17,1,0,24.96,24.52,29.88,26.4,231.24,30.42,2.92,3.0,30.96
18,1,0,31.64,24.96,24.52,29.88,160.62,24.59,6.43,2.0,25.38
18,1,0,30.96,31.64,24.96,24.52,71.03,5.66,9.37,2.0,25.32
18,1,0,25.38,30.96,31.64,24.96,120.97,27.21,4.71,2.0,26.56
18,1,0,25.32,25.38,30.96,31.64,204.47,41.14,3.71,2.0,28.66
19,1,0,26.56,25.32,25.38,30.96,209.54,35.35,4.06,2.0,26.28
19,1,0,28.66,26.56,25.32,25.38,292.49,34.63,5.51,2.0,25.68
19,1,0,26.28,28.66,26.56,25.32,202.23,40.05,4.49,2.0,26.86
19,1,0,25.68,26.28,28.66,26.56,256.36,39.33,4.35,2.0,24.88
20,1,0,26.86,25.68,26.28,28.66,130.42,22.1,5.25,2.0,23.98
20,1,0,24.88,26.86,25.68,26.28,241.87,49.61,3.45,2.0,24.26
20,1,0,23.98,24.88,26.86,25.68,220.58,35.84,2.67,2.0,25.88
20,1,0,24.26,23.98,24.88,26.86,260.93,42.98,3.2,2.0,30.6
21,1,0,25.88,24.26,23.98,24.88,134.45,44.2,2.73,2.0,24.6
21,1,0,30.6,25.88,24.26,23.98,215.17,19.4,10.2,2.0,64.28
21,1,0,24.6,30.6,25.88,24.26,173.14,42.18,3.18,2.0,25.64
21,1,0,64.28,24.6,30.6,25.88,266.21,30.73,6.8,2.0,25.16
22,1,0,25.64,64.28,24.6,30.6,90.94,30.77,4.41,3.0,26.86
22,1,0,25.16,25.64,64.28,24.6,109.93,29.0,3.18,3.0,26.3
22,1,0,26.86,25.16,25.64,64.28,278.14,39.68,4.71,3.0,26.54
22,1,0,26.3,26.86,25.16,25.64,168.74,40.63,3.94,3.0,25.92
23,1,0,26.54,26.3,26.86,25.16,273.76,40.07,3.22,2.0,23.66
23,1,0,25.92,26.54,26.3,26.86,287.6,44.17,3.9,2.0,53.22
23,1,0,23.66,25.92,26.54,26.3,280.88,26.56,2.92,2.0,25.58
23,1,0,53.22,23.66,25.92,26.54,304.37,27.88,9.2,2.0,25.98
0,2,0,25.58,53.22,23.66,25.92,91.08,20.7,4.02,2.0,31.8
0,2,0,25.98,25.58,53.22,23.66,233.04,36.58,5.41,2.0,26.82
0,2,0,31.8,25.98,25.58,53.22,188.31,38.36,8.45,2.0,24.28
0,2,0,26.82,31.8,25.98,25.58,223.69,35.5,3.24,2.0,26.78
1,2,0,24.28,26.82,31.8,25.98,259.39,39.51,2.69,2.0,26.9
1,2,0,26.78,24.28,26.82,31.8,283.27,50.77,3.94,2.0,28.98
1,2,0,26.9,26.78,24.28,26.82,303.76,26.65,4.18,2.0,25.46
1,2,0,28.98,26.9,26.78,24.28,332.64,39.62,5.47,2.0,28.9
2,2,0,25.46,28.98,26.9,26.78,281.21,23.63,4.27,3.0,25.08
2,2,0,28.9,25.46,28.98,26.9,298.14,29.65,5.43,3.0,23.22
2,2,0,25.08,28.9,25.46,28.98,259.62,35.67,3.14,3.0,24.34
2,2,0,23.22,25.08,28.9,25.46,246.37,38.7,1.98,3.0,27.46
3,2,0,24.34,23.22,25.08,28.9,176.56,39.49,2.96,3.0,24.74
3,2,0,27.46,24.34,23.22,25.08,323.31,9.06,5.33,3.0,25.6
3,2,0,24.74,27.46,24.34,23.22,296.71,38.02,2.51,3.0,26.46
3,2,0,25.6,24.74,27.46,24.34,135.89,12.69,4.41,3.0,33.34
4,2,0,26.46,25.6,24.74,27.46,179.56,32.29,4.78,3.0,26.72
4,2,0,33.34,26.46,25.6,24.74,229.5,26.41,6.1,3.0,25.64
4,2,0,26.72,33.34,26.46,25.6,150.33,38.67,5.45,3.0,24.52
4,2,0,25.64,26.72,33.34,26.46,168.38,38.58,3.71,3.0,24.92
5,2,0,24.52,25.64,26.72,33.34,250.21,32.25,3.29,3.0,28.92
5,2,0,24.92,24.52,25.64,26.72,355.72,47.91,3.43,3.0,25.42
5,2,0,28.92,24.92,24.52,25.64,119.23,37.79,4.14,3.0,28.82
5,2,0,25.42,28.92,24.92,24.52,374.69,20.24,4.04,3.0,29.26
6,2,0,28.82,25.42,28.92,24.92,200.31,24.69,4.92,3.0,26.92
6,2,0,29.26,28.82,25.42,28.92,164.13,37.46,5.41,3.0,27.86
6,2,0,26.92,29.26,28.82,25.42,312.4,42.89,5.02,3.0,25.52
6,2,0,27.86,26.92,29.26,28.82,232.44,37.65,6.04,3.0,25.22
7,2,0,25.52,27.86,26.92,29.26,171.01,10.27,3.41,3.0,25.12
7,2,0,25.22,25.52,27.86,26.92,321.23,25.62,3.8,3.0,24.52
7,2,0,25.12,25.22,25.52,27.86,176.45,39.53,3.88,3.0,24.68
7,2,0,24.52,25.12,25.22,25.52,312.12,34.55,2.96,3.0,33.32
8,2,0,24.68,24.52,25.12,25.22,331.04,46.89,4.88,3.0,33.68
8,2,0,33.32,24.68,24.52,25.12,163.36,27.81,6.82,3.0,27.06
8,2,0,33.68,33.32,24.68,24.52,131.59,26.03,7.59,3.0,27.62
8,2,0,27.06,33.68,33.32,24.68,198.0,32.59,4.41,3.0,34.52
9,2,0,27.62,27.06,33.68,33.32,331.45,35.04,5.2,3.0,34.8
9,2,0,34.52,27.62,27.06,33.68,196.89,42.99,7.51,3.0,26.02
9,2,0,34.8,34.52,27.62,27.06,278.61,27.7,7.84,3.0,29.48
9,2,0,26.02,34.8,34.52,27.62,213.9,45.15,3.78,3.0,25.1
10,2,0,29.48,26.02,34.8,34.52,104.37,31.62,4.37,3.0,25.76
10,2,0,25.1,29.48,26.02,34.8,176.89,51.44,3.18,3.0,27.48
10,2,0,25.76,25.1,29.48,26.02,292.63,25.48,4.18,3.0,35.42
10,2,0,27.48,25.76,25.1,29.48,104.34,44.01,4.04,3.0,35.72
11,2,0,35.42,27.48,25.76,25.1,179.66,29.13,7.49,3.0,27.46
11,2,0,35.72,35.42,27.48,25.76,250.94,26.87,6.82,3.0,26.88
11,2,0,27.46,35.72,35.42,27.48,221.26,42.81,4.76,3.0,25.76
11,2,0,26.88,27.46,35.72,35.42,253.68,10.27,3.37,3.0,25.96
12,2,0,25.76,26.88,27.46,35.72,195.03,37.58,4.53,3.0,25.88
12,2,0,25.96,25.76,26.88,27.46,370.91,49.87,4.57,3.0,27.9
12,2,0,25.88,25.96,25.76,26.88,296.83,25.97,5.31,3.0,32.06
12,2,0,27.9,25.88,25.96,25.76,118.94,39.73,4.98,3.0,24.38
13,2,0,32.06,27.9,25.88,25.96,266.84,33.06,7.36,3.0,25.24
13,2,0,24.38,32.06,27.9,25.88,216.75,30.51,2.67,3.0,28.62
13,2,0,25.24,24.38,32.06,27.9,272.27,9.71,3.86,3.0,27.58
13,2,0,28.62,25.24,24.38,32.06,217.57,28.19,5.53,3.0,29.02
14,2,0,27.58,28.62,25.24,24.38,126.26,50.55,6.06,3.0,26.58
14,2,0,29.02,27.58,28.62,25.24,151.29,18.69,5.53,3.0,26.7
14,2,0,26.58,29.02,27.58,28.62,297.23,35.18,4.67,3.0,25.32
14,2,0,26.7,26.58,29.02,27.58,298.6,17.97,3.57,3.0,28.96
15,2,0,25.32,26.7,26.58,29.02,154.5,20.36,3.8,3.0,24.64
15,2,0,28.96,25.32,26.7,26.58,294.42,37.16,4.67,3.0,26.48
16,2,0,24.64,28.96,25.32,26.7,321.0,44.63,2.84,3.0,27.2
16,2,0,26.48,24.64,28.96,25.32,184.33,52.74,3.61,3.0,30.7
16,2,0,27.2,26.48,24.64,28.96,176.54,36.95,4.88,3.0,26.36
16,2,0,30.7,27.2,26.48,24.64,370.72,52.51,6.04,3.0,27.18
17,2,0,26.36,30.7,27.2,26.48,209.63,41.39,3.76,2.0,28.86
17,2,0,27.18,26.36,30.7,27.2,188.65,33.74,4.12,2.0,25.68
17,2,0,28.86,27.18,26.36,30.7,257.81,34.92,7.59,2.0,25.1
17,2,0,25.68,28.86,27.18,26.36,130.83,31.05,5.53,2.0,30.86
18,2,0,25.1,25.68,28.86,27.18,257.13,46.06,3.8,1.0,25.06
18,2,0,30.86,25.1,25.68,28.86,222.65,32.51,9.55,1.0,23.7
18,2,0,25.06,30.86,25.1,25.68,339.2,29.4,3.49,1.0,38.92
18,2,0,23.7,25.06,30.86,25.1,220.99,27.34,2.8,1.0,26.58
19,2,0,38.92,23.7,25.06,30.86,117.77,8.03,11.45,1.0,25.06
19,2,0,26.58,38.92,23.7,25.06,164.17,35.8,5.04,1.0,26.08
19,2,0,25.06,26.58,38.92,23.7,238.0,47.73,2.59,1.0,24.36
19,2,0,26.08,25.06,26.58,38.92,270.12,36.22,5.55,1.0,31.7
20,2,0,24.36,26.08,25.06,26.58,140.08,54.3,2.49,1.0,30.98
20,2,0,31.7,24.36,26.08,25.06,139.9,25.53,5.82,1.0,25.42
20,2,0,30.98,31.7,24.36,26.08,323.48,49.49,6.96,1.0,30.68
20,2,0,25.42,30.98,31.7,24.36,327.09,41.05,3.96,1.0,25.0
21,2,0,30.68,25.42,30.98,31.7,296.65,46.1,5.16,1.0,29.46
21,2,0,25.0,30.68,25.42,30.98,187.09,32.39,4.43,1.0,25.88
21,2,0,29.46,25.0,30.68,25.42,316.8,34.06,6.78,1.0,26.78
21,2,0,25.88,29.46,25.0,30.68,293.09,34.81,3.41,1.0,35.44
22,2,0,26.78,25.88,29.46,25.0,218.54,45.75,4.73,3.0,27.22
22,2,0,35.44,26.78,25.88,29.46,100.23,36.44,7.57,3.0,24.48
22,2,0,27.22,35.44,26.78,25.88,241.79,31.38,7.14,3.0,26.94
22,2,0,24.48,27.22,35.44,26.78,242.82,54.37,2.53,3.0,24.7
23,2,0,26.94,24.48,27.22,35.44,292.6,42.99,3.27,3.0,25.54
23,2,0,24.7,26.94,24.48,27.22,227.69,47.17,3.12,3.0,24.2
23,2,0,25.54,24.7,26.94,24.48,302.57,45.67,4.94,3.0,24.86
23,2,0,24.2,25.54,24.7,26.94,308.25,41.55,3.55,3.0,27.62
0,3,0,24.86,24.2,25.54,24.7,278.15,46.01,3.71,3.0,28.82
0,3,0,27.62,24.86,24.2,25.54,249.17,30.2,6.12,3.0,25.02
0,3,0,28.82,27.62,24.86,24.2,182.04,45.72,7.37,3.0,29.58
0,3,0,25.02,28.82,27.62,24.86,148.97,43.25,3.61,3.0,30.56
1,3,0,29.58,25.02,28.82,27.62,247.18,35.06,5.57,3.0,27.54
1,3,0,30.56,29.58,25.02,28.82,298.79,53.48,6.27,3.0,26.56
1,3,0,27.54,30.56,29.58,25.02,157.73,51.36,3.71,3.0,24.78
1,3,0,26.56,27.54,30.56,29.58,300.46,44.5,4.86,3.0,25.7
2,3,0,24.78,26.56,27.54,30.56,249.41,36.31,2.49,0.0,26.44
2,3,0,25.7,24.78,26.56,27.54,197.91,55.79,3.88,0.0,29.26
2,3,0,26.44,25.7,24.78,26.56,342.7,42.79,3.47,0.0,26.3
2,3,0,29.26,26.44,25.7,24.78,115.57,28.75,2.88,0.0,28.48
3,3,0,26.3,29.26,26.44,25.7,271.53,30.95,3.53,0.0,29.4
3,3,0,28.48,26.3,29.26,26.44,164.83,29.0,7.47,0.0,24.95
3,3,0,29.4,28.48,26.3,29.26,296.79,36.02,4.78,0.0,28.38
3,3,0,24.95,29.4,28.48,26.3,348.69,28.18,2.4,0.0,30.38
4,3,0,28.38,24.95,29.4,28.48,305.21,56.09,4.57,0.0,26.98
4,3,0,30.38,28.38,24.95,29.4,258.72,36.13,9.2,0.0,27.04
4,3,0,26.98,30.38,28.38,24.95,117.97,30.4,5.51,0.0,27.08
4,3,0,27.04,26.98,30.38,28.38,160.76,27.14,5.0,0.0,24.2
5,3,0,27.08,27.04,26.98,30.38,206.15,38.32,5.29,0.0,37.4
5,3,0,24.2,27.08,27.04,26.98,197.83,32.72,2.84,0.0,27.74
5,3,0,37.4,24.2,27.08,27.04,226.99,51.64,15.04,0.0,29.42
5,3,0,27.74,37.4,24.2,27.08,205.38,23.8,3.51,0.0,24.46
6,3,0,29.42,27.74,37.4,24.2,247.74,32.23,6.31,1.0,25.38
6,3,0,24.46,29.42,27.74,37.4,265.02,17.93,3.2,1.0,24.44
6,3,0,25.38,24.46,29.42,27.74,266.28,35.5,3.29,1.0,27.26
6,3,0,24.44,25.38,24.46,29.42,210.78,33.12,5.29,1.0,34.78
7,3,0,27.26,24.44,25.38,24.46,261.17,37.86,4.88,3.0,24.18
7,3,0,34.78,27.26,24.44,25.38,124.9,19.23,14.8,3.0,27.88
7,3,0,24.18,34.78,27.26,24.44,335.4,37.02,2.84,3.0,32.46
7,3,0,27.88,24.18,34.78,27.26,211.0,26.13,6.69,3.0,33.62
8,3,0,32.46,27.88,24.18,34.78,286.02,28.62,7.27,1.0,32.68
8,3,0,33.62,32.46,27.88,24.18,253.5,39.75,5.86,1.0,27.2
8,3,0,32.68,33.62,32.46,27.88,190.03,43.28,4.88,1.0,29.9
8,3,0,27.2,32.68,33.62,32.46,229.21,40.26,5.02,1.0,25.78
9,3,0,29.9,27.2,32.68,33.62,316.57,45.88,6.0,3.0,27.44
9,3,0,25.78,29.9,27.2,32.68,206.35,30.03,2.94,3.0,40.68
9,3,0,27.44,25.78,29.9,27.2,201.19,26.72,6.82,3.0,36.33
9,3,0,40.68,27.44,25.78,29.9,325.12,38.27,15.29,3.0,36.82
10,3,0,36.33,40.68,27.44,25.78,228.97,24.16,6.81,2.0,29.22
10,3,0,36.82,36.33,40.68,27.44,258.58,35.39,9.8,2.0,30.06
10,3,0,29.22,36.82,36.33,40.68,343.39,43.81,5.14,2.0,26.98
10,3,0,30.06,29.22,36.82,36.33,214.37,30.67,6.78,2.0,30.54
11,3,0,26.98,30.06,29.22,36.82,197.6,42.88,5.82,3.0,26.28
11,3,0,30.54,26.98,30.06,29.22,243.73,36.25,13.29,3.0,31.64
11,3,0,26.28,30.54,26.98,30.06,285.39,35.7,4.0,3.0,34.16
11,3,0,31.64,26.28,30.54,26.98,119.41,27.85,5.92,3.0,27.82
12,3,0,34.16,31.64,26.28,30.54,215.63,29.67,8.14,3.0,24.18
12,3,0,27.82,34.16,31.64,26.28,113.08,28.06,5.86,3.0,25.08
12,3,0,24.18,27.82,34.16,31.64,179.27,36.37,4.02,3.0,29.16
12,3,0,25.08,24.18,27.82,34.16,218.52,45.88,3.51,3.0,31.36
13,3,0,29.16,25.08,24.18,27.82,383.7,37.91,7.41,3.0,28.48
13,3,0,31.36,29.16,25.08,24.18,240.03,24.09,5.69,3.0,32.2
13,3,0,28.48,31.36,29.16,25.08,131.17,4.64,4.47,3.0,24.98
13,3,0,32.2,28.48,31.36,29.16,171.09,34.74,5.22,3.0,25.36
14,3,0,24.98,32.2,28.48,31.36,201.3,49.31,3.67,3.0,28.66
14,3,0,25.36,24.98,32.2,28.48,295.29,30.94,2.73,3.0,31.12
14,3,0,28.66,25.36,24.98,32.2,261.68,29.87,6.16,3.0,25.48
14,3,0,31.12,28.66,25.36,24.98,123.63,40.01,6.84,3.0,32.42
15,3,0,25.48,31.12,28.66,25.36,209.55,29.41,4.82,2.0,25.84
15,3,0,32.42,25.48,31.12,28.66,177.75,31.96,7.33,2.0,23.68
15,3,0,25.84,32.42,25.48,31.12,323.43,31.47,3.8,2.0,25.02
15,3,0,23.68,25.84,32.42,25.48,308.76,30.16,3.06,2.0,24.74
16,3,0,25.02,23.68,25.84,32.42,184.02,36.06,3.8,2.0,23.84
16,3,0,24.74,25.02,23.68,25.84,223.3,37.87,3.14,2.0,26.42
16,3,0,23.84,24.74,25.02,23.68,163.23,7.82,2.33,2.0,27.66
16,3,0,26.42,23.84,24.74,25.02,366.75,43.14,4.57,2.0,30.44
17,3,0,27.66,26.42,23.84,24.74,250.69,27.72,4.31,2.0,27.84
17,3,0,30.44,27.66,26.42,23.84,252.47,28.21,4.47,2.0,27.7
17,3,0,27.84,30.44,27.66,26.42,156.07,42.9,4.67,2.0,26.86
17,3,0,27.7,27.84,30.44,27.66,117.95,23.18,6.06,2.0,27.88
18,3,0,26.86,27.7,27.84,30.44,303.07,60.29,3.94,1.0,24.72
18,3,0,27.88,26.86,27.7,27.84,193.01,39.24,4.96,1.0,37.3
18,3,0,24.72,27.88,26.86,27.7,291.96,39.87,3.37,1.0,29.12
18,3,0,37.3,24.72,27.88,26.86,107.5,25.43,6.08,1.0,26.8
19,3,0,29.12,37.3,24.72,27.88,140.33,29.18,4.67,2.0,24.34
19,3,0,26.8,29.12,37.3,24.72,309.42,27.46,3.98,2.0,26.8
19,3,0,24.34,26.8,29.12,37.3,355.68,32.65,3.51,2.0,27.3
19,3,0,26.8,24.34,26.8,29.12,289.2,34.13,3.88,2.0,26.16
20,3,0,27.3,26.8,24.34,26.8,85.55,29.58,5.04,0.0,25.06
20,3,0,26.16,27.3,26.8,24.34,146.58,43.98,4.31,0.0,24.26
20,3,0,25.06,26.16,27.3,26.8,268.84,46.04,3.12,0.0,27.36
20,3,0,24.26,25.06,26.16,27.3,317.63,19.51,2.51,0.0,28.9
21,3,0,27.36,24.26,25.06,26.16,270.86,39.76,7.51,1.0,27.84
21,3,0,28.9,27.36,24.26,25.06,55.97,27.64,5.51,1.0,26.84
21,3,0,27.84,28.9,27.36,24.26,152.33,42.25,4.98,1.0,29.98
21,3,0,26.84,27.84,28.9,27.36,279.19,41.74,3.92,1.0,27.38
22,3,0,29.98,26.84,27.84,28.9,276.35,37.34,6.0,2.0,25.24
22,3,0,27.38,29.98,26.84,27.84,340.6,47.28,6.1,2.0,25.22
22,3,0,25.24,27.38,29.98,26.84,338.44,30.72,3.41,2.0,28.76
22,3,0,25.22,25.24,27.38,29.98,217.49,30.71,3.92,2.0,27.88
23,3,0,28.76,25.22,25.24,27.38,215.93,55.19,6.22,1.0,29.26
23,3,0,27.88,28.76,25.22,25.24,186.01,45.98,4.33,1.0,30.26
23,3,0,29.26,27.88,28.76,25.22,208.37,27.44,6.18,1.0,29.82
23,3,0,30.26,29.26,27.88,28.76,219.87,30.26,6.71,1.0,28.7
0,4,0,29.82,30.26,29.26,27.88,203.52,50.8,4.02,0.0,26.16
0,4,0,28.7,29.82,30.26,29.26,139.77,22.09,7.61,0.0,24.36
0,4,0,26.16,28.7,29.82,30.26,211.13,31.61,3.71,0.0,24.32
0,4,0,24.36,26.16,28.7,29.82,239.91,33.73,2.9,0.0,28.76
1,4,0,24.32,24.36,26.16,28.7,171.16,40.0,2.94,1.0,25.94
1,4,0,28.76,24.32,24.36,26.16,163.98,34.79,7.65,1.0,25.32
1,4,0,25.94,28.76,24.32,24.36,98.16,44.47,3.96,1.0,25.82
1,4,0,25.32,25.94,28.76,24.32,389.47,46.37,4.43,1.0,31.1
2,4,0,25.82,25.32,25.94,28.76,333.37,41.6,3.43,2.0,30.7
2,4,0,31.1,25.82,25.32,25.94,312.12,34.53,6.53,2.0,24.98
2,4,0,30.7,31.1,25.82,25.32,318.51,31.47,4.88,2.0,25.06
2,4,0,24.98,30.7,31.1,25.82,330.99,37.45,4.0,2.0,23.64
3,4,0,25.06,24.98,30.7,31.1,368.54,56.55,3.02,2.0,33.88
3,4,0,23.64,25.06,24.98,30.7,327.25,43.55,2.33,2.0,26.87
3,4,0,33.88,23.64,25.06,24.98,271.1,34.41,7.47,2.0,28.72
3,4,0,26.87,33.88,23.64,25.06,177.77,34.61,5.17,2.0,29.48
4,4,0,28.72,26.87,33.88,23.64,245.14,36.94,3.24,2.0,29.48
4,4,0,29.48,28.72,26.87,33.88,215.12,9.25,4.61,2.0,25.64
4,4,0,29.48,29.48,28.72,26.87,348.32,34.06,3.96,2.0,30.6
4,4,0,25.64,29.48,29.48,28.72,257.92,19.64,5.59,2.0,33.92
5,4,0,30.6,25.64,29.48,29.48,294.94,36.18,6.37,1.0,25.92
5,4,0,33.92,30.6,25.64,29.48,312.35,30.74,6.65,1.0,25.04
5,4,0,25.92,33.92,30.6,25.64,199.89,25.9,3.39,1.0,31.22
5,4,0,25.04,25.92,33.92,30.6,290.72,37.09,3.18,1.0,36.88
6,4,0,31.22,25.04,25.92,33.92,324.51,16.59,4.61,1.0,24.86
6,4,0,36.88,31.22,25.04,25.92,333.43,45.11,6.22,1.0,29.38
6,4,0,24.86,36.88,31.22,25.04,297.09,21.31,3.45,1.0,31.98
6,4,0,29.38,24.86,36.88,31.22,85.04,25.99,4.27,1.0,24.58
7,4,0,31.98,29.38,24.86,36.88,292.16,27.61,4.53,1.0,28.14
7,4,0,24.58,31.98,29.38,24.86,240.23,51.34,2.73,1.0,35.46
7,4,0,28.14,24.58,31.98,29.38,184.34,43.36,4.31,1.0,28.1
7,4,0,35.46,28.14,24.58,31.98,232.43,35.8,4.67,1.0,30.9
8,4,0,28.1,35.46,28.14,24.58,314.56,45.19,5.1,1.0,30.74
8,4,0,30.9,28.1,35.46,28.14,186.75,45.62,5.0,1.0,28.56
8,4,0,30.74,30.9,28.1,35.46,260.42,27.38,7.94,1.0,32.16
8,4,0,28.56,30.74,30.9,28.1,294.17,51.1,5.55,1.0,29.86
9,4,0,32.16,28.56,30.74,30.9,314.88,29.34,13.76,2.0,29.7
9,4,0,29.86,32.16,28.56,30.74,272.26,31.51,3.9,2.0,32.16
9,4,0,29.7,29.86,32.16,28.56,299.14,37.96,4.22,2.0,27.04
9,4,0,32.16,29.7,29.86,32.16,179.31,26.51,6.2,2.0,42.02
10,4,0,27.04,32.16,29.7,29.86,343.98,45.82,2.62,1.0,37.04
10,4,0,42.02,27.04,32.16,29.7,284.86,14.72,6.04,1.0,27.22
10,4,0,37.04,42.02,27.04,32.16,226.04,24.68,6.18,1.0,29.64
10,4,0,27.22,37.04,42.02,27.04,369.87,53.63,4.14,1.0,27.06
11,4,0,29.64,27.22,37.04,42.02,258.33,27.54,6.65,1.0,27.9
11,4,0,27.06,29.64,27.22,37.04,322.75,41.89,5.8,1.0,31.56
11,4,0,27.9,27.06,29.64,27.22,243.95,29.21,3.47,1.0,31.62
11,4,0,31.56,27.9,27.06,29.64,315.58,8.8,4.06,1.0,25.7
12,4,0,31.62,31.56,27.9,27.06,268.36,48.4,4.88,1.0,27.32
12,4,0,25.7,31.62,31.56,27.9,276.63,29.16,3.84,1.0,28.4
12,4,0,27.32,25.7,31.62,31.56,300.18,39.07,4.31,1.0,26.22
12,4,0,28.4,27.32,25.7,31.62,285.58,35.47,4.49,1.0,27.56
13,4,0,26.22,28.4,27.32,25.7,293.06,28.59,5.08,1.0,29.14
13,4,0,27.56,26.22,28.4,27.32,294.85,30.22,4.53,1.0,29.4
13,4,0,29.14,27.56,26.22,28.4,382.67,47.31,3.41,1.0,25.56
13,4,0,29.4,29.14,27.56,26.22,154.1,25.69,4.12,1.0,26.1
14,4,0,25.56,29.4,29.14,27.56,185.03,30.88,3.39,0.0,26.72
14,4,0,26.1,25.56,29.4,29.14,157.49,46.19,3.24,0.0,27.84
14,4,0,26.72,26.1,25.56,29.4,263.1,31.05,3.31,0.0,24.12
14,4,0,27.84,26.72,26.1,25.56,237.88,52.46,4.88,0.0,29.54
15,4,0,24.12,27.84,26.72,26.1,358.68,54.29,2.24,0.0,25.1
15,4,0,29.54,24.12,27.84,26.72,275.18,35.42,5.84,0.0,25.2
15,4,0,25.1,29.54,24.12,27.84,295.36,40.49,3.45,0.0,27.12
15,4,0,25.2,25.1,29.54,24.12,193.05,29.8,4.14,0.0,31.46
16,4,0,27.12,25.2,25.1,29.54,323.98,35.35,5.8,3.0,27.28
16,4,0,31.46,27.12,25.2,25.1,192.23,52.07,8.16,3.0,34.48
16,4,0,27.28,31.46,27.12,25.2,288.91,35.76,4.14,3.0,31.04
16,4,0,34.48,27.28,31.46,27.12,103.37,32.71,5.9,3.0,41.7
17,4,0,31.04,34.48,27.28,31.46,87.86,22.72,5.55,2.0,31.26
17,4,0,41.7,31.04,34.48,27.28,296.89,22.6,8.16,2.0,34.9
17,4,0,31.26,41.7,31.04,34.48,266.37,35.6,4.47,2.0,35.78
17,4,0,34.9,31.26,41.7,31.04,266.41,35.62,6.92,2.0,23.74
18,4,0,35.78,34.9,31.26,41.7,253.7,27.17,5.51,2.0,25.78
18,4,0,23.74,35.78,34.9,31.26,275.27,9.47,2.55,2.0,24.94
18,4,0,25.78,23.74,35.78,34.9,297.92,42.24,2.98,2.0,25.28
18,4,0,24.94,25.78,23.74,35.78,141.95,28.54,3.39,2.0,28.9
19,4,0,25.28,24.94,25.78,23.74,232.69,36.47,3.16,1.0,33.44
19,4,0,28.9,25.28,24.94,25.78,198.56,51.88,4.33,1.0,27.36
19,4,0,33.44,28.9,25.28,24.94,136.09,29.94,4.51,1.0,28.92
19,4,0,27.36,33.44,28.9,25.28,72.9,31.0,3.31,1.0,24.64
20,4,0,28.92,27.36,33.44,28.9,113.66,38.37,3.51,1.0,23.32
20,4,0,24.64,28.92,27.36,33.44,145.32,39.25,2.98,1.0,28.7
20,4,0,23.32,24.64,28.92,27.36,346.87,40.21,1.8,1.0,31.96
20,4,0,28.7,23.32,24.64,28.92,219.27,22.94,4.98,1.0,27.78
21,4,0,31.96,28.7,23.32,24.64,267.43,38.5,5.82,2.0,24.12
21,4,0,27.78,31.96,28.7,23.32,338.27,50.46,5.53,2.0,26.7
21,4,0,24.12,27.78,31.96,28.7,315.8,40.72,3.16,2.0,32.32
21,4,0,26.7,24.12,27.78,31.96,293.63,42.78,4.47,2.0,30.94
22,4,0,32.32,26.7,24.12,27.78,107.64,39.26,5.61,2.0,28.3
22,4,0,30.94,32.32,26.7,24.12,186.49,36.3,5.63,2.0,30.4
22,4,0,28.3,30.94,32.32,26.7,244.36,34.83,3.04,2.0,27.76
22,4,0,30.4,28.3,30.94,32.32,110.03,38.91,3.71,2.0,24.66
23,4,0,27.76,30.4,28.3,30.94,230.96,34.76,4.33,1.0,71.62
23,4,0,24.66,27.76,30.4,28.3,267.2,43.36,2.86,1.0,27.04
23,4,0,71.62,24.66,27.76,30.4,105.52,12.81,10.71,1.0,27.56
23,4,0,27.04,71.62,24.66,27.76,276.85,37.16,3.33,1.0,30.2
0,5,1,27.56,27.04,71.62,24.66,262.14,43.28,2.94,2.0,71.08
0,5,1,30.2,27.56,27.04,71.62,186.84,43.1,5.29,2.0,25.02
0,5,1,71.08,30.2,27.56,27.04,182.78,41.67,10.51,2.0,25.22
0,5,1,25.02,71.08,30.2,27.56,228.45,39.24,3.29,2.0,26.44
1,5,1,25.22,25.02,71.08,30.2,308.08,49.94,3.67,1.0,33.08
1,5,1,26.44,25.22,25.02,71.08,354.46,21.45,3.31,1.0,28.34
1,5,1,33.08,26.44,25.22,25.02,253.46,34.68,5.82,1.0,31.66
1,5,1,28.34,33.08,26.44,25.22,92.17,29.3,3.41,2.0,28.52
2,5,1,31.66,28.34,33.08,26.44,251.66,32.98,4.84,2.0,25.74
2,5,1,28.52,31.66,28.34,33.08,251.08,48.26,3.63,2.0,28.6
2,5,1,25.74,28.52,31.66,28.34,286.74,36.9,3.39,2.0,27.12
2,5,1,28.6,25.74,28.52,31.66,181.28,25.74,5.31,2.0,26.78
3,5,1,27.12,28.6,25.74,28.52,164.44,18.32,2.78,2.0,25.3
3,5,1,26.78,27.12,28.6,25.74,246.23,41.91,4.88,2.0,28.72
3,5,1,25.3,26.78,27.12,28.6,266.77,36.74,3.98,2.0,33.68
3,5,1,28.72,25.3,26.78,27.12,253.79,46.01,3.39,2.0,25.98
4,5,1,33.68,28.72,25.3,26.78,132.64,27.77,4.33,1.0,28.0
4,5,1,25.98,33.68,28.72,25.3,307.32,35.38,2.53,1.0,27.98
4,5,1,28.0,25.98,33.68,28.72,290.9,46.59,8.8,1.0,25.6
4,5,1,27.98,28.0,25.98,33.68,317.19,30.4,2.94,1.0,25.32
5,5,1,25.6,27.98,28.0,25.98,206.17,46.62,3.92,1.0,29.1
5,5,1,25.32,25.6,27.98,28.0,320.69,27.47,3.31,1.0,28.58
5,5,1,29.1,25.32,25.6,27.98,151.68,44.47,6.65,1.0,36.94
5,5,1,28.58,29.1,25.32,25.6,174.95,45.42,3.39,1.0,26.42
6,5,1,36.94,28.58,29.1,25.32,305.45,39.17,8.31,1.0,24.32
6,5,1,26.42,36.94,28.58,29.1,319.02,35.79,3.45,1.0,27.4
6,5,1,24.32,26.42,36.94,28.58,291.22,39.66,3.1,1.0,26.5
6,5,1,27.4,24.32,26.42,36.94,231.58,16.89,6.9,1.0,27.24
7,5,1,26.5,27.4,24.32,26.42,316.89,32.86,3.08,1.0,25.44
7,5,1,27.24,26.5,27.4,24.32,96.28,33.05,2.94,1.0,33.64
7,5,1,25.44,27.24,26.5,27.4,280.04,47.1,2.86,1.0,32.42
7,5,1,33.64,25.44,27.24,26.5,271.67,27.76,4.96,1.0,28.78
8,5,1,32.42,33.64,25.44,27.24,353.75,26.17,8.86,1.0,27.02
8,5,1,28.78,32.42,33.64,25.44,142.02,22.88,4.0,1.0,28.16
8,5,1,27.02,28.78,32.42,33.64,270.86,25.71,4.47,1.0,27.8
8,5,1,28.16,27.02,28.78,32.42,335.44,10.36,3.55,1.0,30.98
9,5,1,27.8,28.16,27.02,28.78,186.88,38.59,5.16,1.0,28.14
9,5,1,30.98,27.8,28.16,27.02,203.43,30.86,3.98,1.0,29.48
9,5,1,28.14,30.98,27.8,28.16,198.67,35.22,4.16,1.0,25.52
9,5,1,29.48,28.14,30.98,27.8,319.92,36.35,5.43,1.0,29.6
10,5,1,25.52,29.48,28.14,30.98,194.0,39.66,3.43,1.0,27.06
10,5,1,29.6,25.52,29.48,28.14,133.98,23.72,7.94,1.0,31.02
10,5,1,27.06,29.6,25.52,29.48,336.45,29.58,4.86,1.0,31.18
10,5,1,31.02,27.06,29.6,25.52,101.84,38.55,6.76,1.0,30.12
11,5,1,31.18,31.02,27.06,29.6,326.07,29.13,6.43,1.0,32.14
11,5,1,30.12,31.18,31.02,27.06,194.13,19.27,5.22,1.0,30.4
11,5,1,32.14,30.12,31.18,31.02,214.05,7.86,11.02,1.0,28.7
11,5,1,30.4,32.14,30.12,31.18,298.34,39.73,3.73,1.0,29.08
12,5,1,28.7,30.4,32.14,30.12,252.72,28.13,4.84,1.0,26.66
12,5,1,29.08,28.7,30.4,32.14,231.21,37.99,3.65,1.0,31.7
12,5,1,26.66,29.08,28.7,30.4,172.04,38.57,4.29,1.0,24.64
12,5,1,31.7,26.66,29.08,28.7,216.05,34.12,5.8,1.0,39.24
13,5,1,24.64,31.7,26.66,29.08,230.61,34.65,2.65,1.0,28.12
13,5,1,39.24,24.64,31.7,26.66,295.72,28.02,8.2,1.0,28.58
13,5,1,28.12,39.24,24.64,31.7,171.05,48.01,5.22,1.0,38.7
13,5,1,28.58,28.12,39.24,24.64,307.81,33.99,5.33,0.0,25.72
14,5,1,38.7,28.58,28.12,39.24,70.66,30.0,6.41,0.0,24.16
14,5,1,25.72,38.7,28.58,28.12,150.97,47.82,3.86,0.0,31.96
14,5,1,24.16,25.72,38.7,28.58,169.98,45.23,2.51,0.0,29.82
14,5,1,31.96,24.16,25.72,38.7,212.48,53.58,10.88,0.0,27.18
15,5,1,29.82,31.96,24.16,25.72,282.61,39.43,4.94,0.0,31.76
15,5,1,27.18,29.82,31.96,24.16,130.72,31.59,4.45,0.0,34.66
15,5,1,31.76,27.18,29.82,31.96,302.06,35.7,5.14,0.0,27.94
15,5,1,34.66,31.76,27.18,29.82,149.04,42.09,8.14,0.0,31.46
16,5,1,27.94,34.66,31.76,27.18,327.19,37.44,3.45,0.0,28.0
16,5,1,31.46,27.94,34.66,31.76,280.58,27.19,5.59,0.0,26.96
16,5,1,28.0,31.46,27.94,34.66,178.48,36.6,5.8,0.0,25.92
16,5,1,26.96,28.0,31.46,27.94,322.67,18.38,4.12,0.0,30.04
17,5,1,25.92,26.96,28.0,31.46,107.32,38.54,3.96,1.0,32.1
17,5,1,30.04,25.92,26.96,28.0,110.3,16.67,3.59,1.0,34.54
17,5,1,32.1,30.04,25.92,26.96,275.66,36.19,5.77,1.0,24.3
17,5,1,34.54,32.1,30.04,25.92,278.97,38.13,11.08,1.0,31.74
18,5,1,24.3,34.54,32.1,30.04,229.21,35.01,3.55,1.0,31.06
18,5,1,31.74,24.3,34.54,32.1,165.39,28.21,5.31,1.0,28.38
18,5,1,31.06,31.74,24.3,34.54,66.27,12.35,5.51,1.0,26.3
18,5,1,28.38,31.06,31.74,24.3,261.53,38.6,4.02,1.0,55.46
19,5,1,26.3,28.38,31.06,31.74,312.07,40.84,4.08,1.0,33.38
19,5,1,55.46,26.3,28.38,31.06,213.92,50.17,6.61,1.0,27.14
19,5,1,33.38,55.46,26.3,28.38,294.92,41.99,5.8,1.0,26.66
19,5,1,27.14,33.38,55.46,26.3,333.16,52.11,4.31,1.0,30.02
20,5,1,26.66,27.14,33.38,55.46,157.75,34.48,3.24,0.0,24.64
20,5,1,30.02,26.66,27.14,33.38,195.78,43.81,3.16,0.0,31.38
20,5,1,24.64,30.02,26.66,27.14,247.97,17.0,3.45,0.0,27.22
20,5,1,31.38,24.64,30.02,26.66,109.83,41.35,5.37,0.0,32.52
21,5,1,27.22,31.38,24.64,30.02,278.0,33.92,2.94,1.0,25.4
21,5,1,32.52,27.22,31.38,24.64,198.63,32.81,6.16,1.0,26.98
21,5,1,25.4,32.52,27.22,31.38,298.25,42.07,3.39,1.0,32.46
21,5,1,26.98,25.4,32.52,27.22,255.27,30.7,4.73,1.0,42.6
22,5,1,32.46,26.98,25.4,32.52,315.72,42.58,4.53,1.0,31.46
22,5,1,42.6,32.46,26.98,25.4,217.74,53.7,7.02,1.0,28.26
22,5,1,31.46,42.6,32.46,26.98,279.49,45.27,3.47,1.0,26.72
22,5,1,28.26,31.46,42.6,32.46,187.36,36.55,3.12,1.0,26.37
23,5,1,26.72,28.26,31.46,42.6,267.76,43.88,3.2,2.0,24.84
23,5,1,26.37,26.72,28.26,31.46,190.46,42.13,3.38,2.0,67.92
23,5,1,24.84,26.37,26.72,28.26,291.39,27.37,3.86,2.0,25.5
23,5,1,67.92,24.84,26.37,26.72,309.95,39.96,9.42,2.0,27.86
0,6,1,25.5,67.92,24.84,26.37,187.89,39.31,3.88,3.0,26.26
0,6,1,27.86,25.5,67.92,24.84,115.63,38.55,3.78,3.0,28.8
0,6,1,26.26,27.86,25.5,67.92,166.96,37.91,2.86,3.0,27.98
0,6,1,28.8,26.26,27.86,25.5,256.08,53.8,2.92,3.0,29.36
1,6,1,27.98,28.8,26.26,27.86,305.35,35.92,3.16,3.0,33.56
1,6,1,29.36,27.98,28.8,26.26,167.16,39.42,3.57,3.0,30.18
1,6,1,33.56,29.36,27.98,28.8,242.33,42.62,3.24,3.0,26.6
1,6,1,30.18,33.56,29.36,27.98,329.82,53.67,4.59,3.0,36.53
2,6,1,26.6,30.18,33.56,29.36,292.15,41.83,5.65,3.0,32.24
2,6,1,36.53,26.6,30.18,33.56,249.75,36.85,8.25,3.0,27.2
2,6,1,32.24,36.53,26.6,30.18,206.77,32.2,4.51,3.0,25.96
2,6,1,27.2,32.24,36.53,26.6,276.14,8.58,4.02,3.0,28.26
3,6,1,25.96,27.2,32.24,36.53,218.68,23.69,3.92,3.0,32.56
3,6,1,28.26,25.96,27.2,32.24,299.03,28.46,4.55,3.0,26.86
3,6,1,32.56,28.26,25.96,27.2,89.27,22.88,5.33,3.0,29.22
3,6,1,26.86,32.56,28.26,25.96,243.58,53.84,5.61,3.0,25.38
4,6,1,29.22,26.86,32.56,28.26,274.75,42.42,5.98,3.0,26.0
4,6,1,25.38,29.22,26.86,32.56,161.52,26.88,3.8,3.0,24.72
4,6,1,26.0,25.38,29.22,26.86,269.02,38.73,3.84,3.0,27.42
4,6,1,24.72,26.0,25.38,29.22,287.53,45.23,3.1,3.0,38.75
5,6,1,27.42,24.72,26.0,25.38,328.89,29.92,3.37,3.0,29.56
5,6,1,38.75,27.42,24.72,26.0,308.55,39.7,9.91,3.0,30.0
5,6,1,29.56,38.75,27.42,24.72,206.63,34.83,5.61,3.0,32.08
5,6,1,30.0,29.56,38.75,27.42,286.51,37.33,6.27,3.0,25.26
6,6,1,32.08,30.0,29.56,38.75,161.87,39.83,5.08,3.0,28.74
6,6,1,25.26,32.08,30.0,29.56,274.92,58.44,3.51,3.0,26.38
6,6,1,28.74,25.26,32.08,30.0,101.31,36.03,5.43,3.0,25.08
6,6,1,26.38,28.74,25.26,32.08,319.48,41.69,2.35,3.0,24.08
7,6,1,25.08,26.38,28.74,25.26,160.1,44.0,3.24,3.0,30.86
7,6,1,24.08,25.08,26.38,28.74,313.99,40.5,3.06,3.0,27.62
7,6,1,30.86,24.08,25.08,26.38,192.57,53.15,5.86,3.0,31.46
7,6,1,27.62,30.86,24.08,25.08,183.5,15.31,4.41,3.0,28.02
8,6,1,31.46,27.62,30.86,24.08,184.9,44.11,5.51,0.0,24.4
8,6,1,28.02,31.46,27.62,30.86,339.82,38.36,6.06,0.0,38.16
8,6,1,24.4,28.02,31.46,27.62,131.72,29.2,2.59,0.0,35.76
8,6,1,38.16,24.4,28.02,31.46,130.18,30.97,11.22,0.0,29.12
9,6,1,35.76,38.16,24.4,28.02,316.43,29.49,4.65,0.0,26.48
9,6,1,29.12,35.76,38.16,24.4,193.72,48.0,4.65,0.0,31.54
9,6,1,26.48,29.12,35.76,38.16,345.36,40.57,3.31,0.0,28.58
9,6,1,31.54,26.48,29.12,35.76,254.23,45.965,10.2,0.0,30.86
10,6,1,28.58,31.54,26.48,29.12,207.77,51.36,3.29,0.0,25.34
10,6,1,30.86,28.58,31.54,26.48,245.24,32.51,3.08,0.0,31.94
10,6,1,25.34,30.86,28.58,31.54,79.2,33.46,3.53,0.0,28.14
10,6,1,31.94,25.34,30.86,28.58,181.91,39.32,5.08,0.0,28.08
11,6,1,28.14,31.94,25.34,30.86,367.8,47.16,3.63,1.0,30.3
11,6,1,28.08,28.14,31.94,25.34,310.99,38.46,3.78,1.0,26.24
11,6,1,30.3,28.08,28.14,31.94,260.11,33.16,4.82,1.0,27.06
11,6,1,26.24,30.3,28.08,28.14,185.57,11.63,3.78,1.0,25.58
12,6,1,27.06,26.24,30.3,28.08,51.23,18.33,3.29,1.0,27.06
12,6,1,25.58,27.06,26.24,30.3,136.81,27.13,3.0,1.0,27.12
12,6,1,27.06,25.58,27.06,26.24,141.11,34.44,3.94,1.0,33.72
12,6,1,27.12,27.06,25.58,27.06,60.37,22.79,4.39,1.0,27.64
13,6,1,33.72,27.12,27.06,25.58,188.09,33.5,3.57,0.0,30.62
13,6,1,27.64,33.72,27.12,27.06,219.39,24.43,5.45,0.0,28.56
13,6,1,30.62,27.64,33.72,27.12,172.88,44.3,5.71,0.0,26.66
13,6,1,28.56,30.62,27.64,33.72,226.25,37.69,4.27,0.0,26.16
14,6,1,26.66,28.56,30.62,27.64,115.66,40.12,4.73,0.0,29.16
14,6,1,26.16,26.66,28.56,30.62,298.6,37.89,2.2,0.0,25.36
14,6,1,29.16,26.16,26.66,28.56,208.98,42.82,4.29,0.0,27.76
14,6,1,25.36,29.16,26.16,26.66,259.35,31.54,3.1,0.0,28.74
15,6,1,27.76,25.36,29.16,26.16,99.68,36.08,3.57,0.0,29.22
15,6,1,28.74,27.76,25.36,29.16,293.28,18.8,6.59,0.0,43.84
15,6,1,29.22,28.74,27.76,25.36,276.11,38.77,5.98,0.0,26.76
15,6,1,43.84,29.22,28.74,27.76,157.9,36.42,9.49,0.0,30.22
16,6,1,26.76,43.84,29.22,28.74,322.4,37.96,2.98,0.0,30.8
16,6,1,30.22,26.76,43.84,29.22,189.07,45.51,8.0,0.0,28.62
16,6,1,30.8,30.22,26.76,43.84,240.94,12.08,6.0,0.0,30.3
16,6,1,28.62,30.8,30.22,26.76,252.93,17.2,7.57,0.0,28.78
17,6,1,30.3,28.62,30.8,30.22,208.57,32.16,4.94,0.0,27.84
17,6,1,28.78,30.3,28.62,30.8,117.93,35.93,8.63,0.0,26.38
17,6,1,27.84,28.78,30.3,28.62,199.92,35.46,5.84,0.0,28.72
17,6,1,26.38,27.84,28.78,30.3,237.5,27.74,3.22,0.0,28.66
18,6,1,28.72,26.38,27.84,28.78,263.5,26.43,3.82,0.0,25.5
18,6,1,28.66,28.72,26.38,27.84,236.2,34.52,5.24,0.0,29.1
18,6,1,25.5,28.66,28.72,26.38,342.84,38.54,3.98,0.0,31.56
18,6,1,29.1,25.5,28.66,28.72,264.23,27.18,3.86,0.0,26.56
19,6,1,31.56,29.1,25.5,28.66,86.99,24.66,6.65,0.0,27.58
19,6,1,26.56,31.56,29.1,25.5,210.0,19.73,4.2,0.0,27.2
19,6,1,27.58,26.56,31.56,29.1,304.47,50.02,2.53,0.0,26.46
19,6,1,27.2,27.58,26.56,31.56,118.84,29.65,3.86,0.0,26.86
20,6,1,26.46,27.2,27.58,26.56,319.96,28.38,4.43,1.0,28.7
20,6,1,26.86,26.46,27.2,27.58,320.99,42.4,3.08,1.0,30.26
20,6,1,28.7,26.86,26.46,27.2,313.0,49.84,5.0,1.0,33.08
20,6,1,30.26,28.7,26.86,26.46,135.56,21.55,5.63,1.0,28.76
21,6,1,33.08,30.26,28.7,26.86,257.27,40.81,5.63,1.0,26.5
21,6,1,28.76,33.08,30.26,28.7,252.71,24.55,4.12,1.0,30.6
21,6,1,26.5,28.76,33.08,30.26,129.61,36.33,5.57,1.0,25.58
21,6,1,30.6,26.5,28.76,33.08,280.49,43.55,6.49,1.0,26.92
22,6,1,25.58,30.6,26.5,28.76,286.89,33.78,3.69,1.0,26.46
22,6,1,26.92,25.58,30.6,26.5,113.25,27.96,4.08,1.0,27.06
22,6,1,26.46,26.92,25.58,30.6,206.07,33.08,4.16,1.0,28.18
22,6,1,27.06,26.46,26.92,25.58,244.0,30.2,5.02,1.0,24.86
23,6,1,28.18,27.06,26.46,26.92,173.14,42.33,3.45,1.0,27.36
23,6,1,24.86,28.18,27.06,26.46,358.4,42.38,4.43,1.0,31.3
23,6,1,27.36,24.86,28.18,27.06,310.8,38.04,5.06,1.0,26.16
23,6,1,31.3,27.36,24.86,28.18,312.73,33.53,10.76,1.0,29.64
0,0,0,26.16,31.3,27.36,24.86,260.69,44.31,3.59,0.0,26.68
0,0,0,29.64,26.16,31.3,27.36,174.31,40.04,6.27,0.0,31.42
0,0,0,26.68,29.64,26.16,31.3,151.89,36.2,4.0,0.0,29.49
0,0,0,31.42,26.68,29.64,26.16,130.86,28.19,3.53,0.0,27.36
1,0,0,29.49,31.42,26.68,29.64,219.94,20.74,6.06,1.0,28.78
1,0,0,27.36,29.49,31.42,26.68,302.37,52.7,4.02,1.0,28.48
1,0,0,28.78,27.36,29.49,31.42,296.82,47.87,4.69,1.0,28.02
1,0,0,28.48,28.78,27.36,29.49,294.23,35.4,3.59,0.0,24.7
2,0,0,28.02,28.48,28.78,27.36,195.1,37.17,4.55,0.0,32.76
2,0,0,24.7,28.02,28.48,28.78,370.37,47.36,3.65,0.0,28.68
2,0,0,32.76,24.7,28.02,28.48,287.32,28.38,14.24,0.0,39.02
2,0,0,28.68,32.76,24.7,28.02,228.06,18.52,4.02,0.0,29.55
3,0,0,39.02,28.68,32.76,24.7,285.39,14.59,7.18,0.0,30.86
3,0,0,29.55,39.02,28.68,32.76,301.91,38.7,4.25,0.0,26.08
3,0,0,30.86,29.55,39.02,28.68,299.23,46.43,6.08,0.0,28.18
3,0,0,26.08,30.86,29.55,39.02,339.85,51.4,4.1,0.0,28.78
4,0,0,28.18,26.08,30.86,29.55,335.48,44.7,3.29,0.0,27.14
4,0,0,28.78,28.18,26.08,30.86,141.37,41.71,3.49,0.0,29.56
4,0,0,27.14,28.78,28.18,26.08,223.2,41.59,3.37,0.0,35.72
4,0,0,29.56,27.14,28.78,28.18,402.72,25.72,4.86,0.0,33.88
5,0,0,35.72,29.56,27.14,28.78,214.82,25.96,6.45,0.0,27.7
5,0,0,33.88,35.72,29.56,27.14,283.82,41.5,5.76,0.0,26.3
5,0,0,27.7,33.88,35.72,29.56,310.7,52.41,3.18,0.0,32.18
5,0,0,26.3,27.7,33.88,35.72,64.85,11.35,3.31,0.0,26.82
6,0,0,32.18,26.3,27.7,33.88,283.54,38.81,16.29,0.0,27.84
6,0,0,26.82,32.18,26.3,27.7,81.59,16.44,3.63,0.0,33.28
6,0,0,27.84,26.82,32.18,26.3,261.7,25.25,4.98,0.0,27.44
6,0,0,33.28,27.84,26.82,32.18,142.31,33.62,6.67,0.0,27.54
7,0,0,27.44,33.28,27.84,26.82,263.59,33.2,3.94,0.0,26.98
7,0,0,27.54,27.44,33.28,27.84,152.41,42.26,3.57,0.0,25.14
7,0,0,26.98,27.54,27.44,33.28,148.63,30.84,3.92,0.0,28.76
7,0,0,25.14,26.98,27.54,27.44,160.63,39.41,3.88,0.0,26.3
8,0,0,28.76,25.14,26.98,27.54,242.37,34.5,5.57,0.0,31.54
8,0,0,26.3,28.76,25.14,26.98,241.65,25.05,4.08,0.0,29.1
8,0,0,31.54,26.3,28.76,25.14,129.69,25.65,5.16,0.0,24.94
8,0,0,29.1,31.54,26.3,28.76,167.55,39.29,3.67,0.0,35.22
9,0,0,24.94,29.1,31.54,26.3,308.69,39.56,3.9,0.0,27.12
9,0,0,35.22,24.94,29.1,31.54,111.01,30.87,13.53,0.0,33.6
9,0,0,27.12,35.22,24.94,29.1,226.61,47.77,4.02,0.0,31.84
9,0,0,33.6,27.12,35.22,24.94,322.27,36.45,5.24,0.0,29.52
10,0,0,31.84,33.6,27.12,35.22,212.16,32.66,6.43,0.0,26.4
10,0,0,29.52,31.84,33.6,27.12,239.81,26.06,5.06,0.0,28.34
10,0,0,26.4,29.52,31.84,33.6,238.44,47.24,4.69,0.0,33.2
10,0,0,28.34,26.4,29.52,31.84,282.64,42.07,5.0,0.0,28.2
11,0,0,33.2,28.34,26.4,29.52,80.43,30.25,3.8,0.0,28.58
11,0,0,28.2,33.2,28.34,26.4,141.47,50.78,4.35,0.0,25.04
11,0,0,28.58,28.2,33.2,28.34,320.35,26.54,3.39,0.0,26.84
11,0,0,25.04,28.58,28.2,33.2,340.17,46.25,3.61,0.0,32.86
12,0,0,26.84,25.04,28.58,28.2,244.5,40.75,4.06,0.0,29.14
12,0,0,32.86,26.84,25.04,28.58,267.95,31.29,7.39,0.0,24.0
12,0,0,29.14,32.86,26.84,25.04,324.24,8.86,6.71,0.0,28.42
12,0,0,24.0,29.14,32.86,26.84,330.74,41.24,3.14,0.0,26.84
13,0,0,28.42,24.0,29.14,32.86,208.38,30.4,5.0,0.0,37.5
13,0,0,26.84,28.42,24.0,29.14,186.75,25.68,5.41,0.0,27.1
13,0,0,37.5,26.84,28.42,24.0,135.97,33.38,12.43,0.0,27.1
13,0,0,27.1,37.5,26.84,28.42,233.45,26.44,6.24,0.0,28.42
14,0,0,27.1,27.1,37.5,26.84,327.4,33.44,5.51,0.0,28.3
14,0,0,28.42,27.1,27.1,37.5,169.67,41.19,4.41,0.0,28.08
14,0,0,28.3,28.42,27.1,27.1,315.45,28.98,5.1,0.0,29.08
14,0,0,28.08,28.3,28.42,27.1,188.15,33.91,5.49,0.0,28.1
15,0,0,29.08,28.08,28.3,28.42,242.76,29.6,5.08,0.0,25.2
15,0,0,28.1,29.08,28.08,28.3,299.51,41.35,3.76,0.0,37.42
15,0,0,25.2,28.1,29.08,28.08,300.89,51.11,4.63,0.0,27.64
15,0,0,37.42,25.2,28.1,29.08,219.5,27.6,6.18,0.0,25.72
16,0,0,27.64,37.42,25.2,28.1,188.92,26.05,3.45,0.0,29.74
16,0,0,25.72,27.64,37.42,25.2,277.67,29.62,3.2,0.0,31.14
16,0,0,29.74,25.72,27.64,37.42,142.94,42.98,3.55,0.0,27.62
16,0,0,31.14,29.74,25.72,27.64,85.53,12.85,5.45,0.0,27.98
17,0,0,27.62,31.14,29.74,25.72,190.22,46.52,4.12,0.0,29.8
17,0,0,27.98,27.62,31.14,29.74,106.33,7.08,4.86,0.0,25.14
17,0,0,29.8,27.98,27.62,31.14,124.7,32.21,4.69,0.0,26.36
17,0,0,25.14,29.8,27.98,27.62,163.18,43.0,3.57,0.0,29.2
18,0,0,26.36,25.14,29.8,27.98,153.94,31.46,3.0,0.0,26.98
18,0,0,29.2,26.36,25.14,29.8,166.72,46.99,6.2,0.0,29.38
18,0,0,26.98,29.2,26.36,25.14,95.34,27.17,3.98,0.0,31.02
18,0,0,29.38,26.98,29.2,26.36,121.27,27.76,4.24,0.0,30.48
19,0,0,31.02,29.38,26.98,29.2,220.67,33.915,5.94,0.0,28.22
19,0,0,30.48,31.02,29.38,26.98,169.2,40.07,6.69,0.0,27.5
19,0,0,28.22,30.48,31.02,29.38,134.06,30.98,3.51,0.0,28.34
19,0,0,27.5,28.22,30.48,31.02,183.07,38.5,4.76,0.0,34.42
20,0,0,28.34,27.5,28.22,30.48,338.53,39.59,2.98,0.0,29.12
20,0,0,34.42,28.34,27.5,28.22,298.96,8.65,4.67,0.0,33.72
20,0,0,29.12,34.42,28.34,27.5,312.39,30.84,6.14,0.0,31.22
20,0,0,33.72,29.12,34.42,28.34,161.77,35.66,6.27,0.0,26.28
21,0,0,31.22,33.72,29.12,34.42,111.96,29.23,3.65,0.0,28.84
21,0,0,26.28,31.22,33.72,29.12,305.9,36.56,3.27,0.0,28.08
21,0,0,28.84,26.28,31.22,33.72,325.67,43.73,5.65,0.0,32.28
21,0,0,28.08,28.84,26.28,31.22,242.46,21.35,3.41,0.0,27.94
22,0,0,32.28,28.08,28.84,26.28,279.75,49.59,4.65,0.0,34.9
22,0,0,27.94,32.28,28.08,28.84,291.69,40.21,3.22,0.0,26.26
22,0,0,34.9,27.94,32.28,28.08,180.33,51.05,15.71,0.0,27.66
22,0,0,26.26,34.9,27.94,32.28,265.47,44.46,3.27,0.0,26.92
23,0,0,27.66,26.26,34.9,27.94,122.1,34.12,3.8,0.0,26.44
23,0,0,26.92,27.66,26.26,34.9,178.11,23.44,2.86,0.0,26.52
23,0,0,26.44,26.92,27.66,26.26,263.85,34.84,3.2,0.0,25.68
23,0,0,26.52,26.44,26.92,27.66,159.86,39.61,5.61,0.0,30.72
0,1,0,25.68,26.52,26.44,26.92,277.72,23.0,3.24,1.0,29.32
0,1,0,30.72,25.68,26.52,26.44,370.56,5.21,4.29,1.0,25.02
0,1,0,29.32,30.72,25.68,26.52,185.78,36.35,5.22,1.0,29.8
0,1,0,25.02,29.32,30.72,25.68,361.52,40.71,3.76,1.0,24.62
1,1,0,29.8,25.02,29.32,30.72,209.69,36.18,4.96,2.0,47.3
1,1,0,24.62,29.8,25.02,29.32,260.81,50.3,3.69,2.0,24.82
1,1,0,47.3,24.62,29.8,25.02,263.47,35.38,5.69,2.0,31.7
1,1,0,24.82,47.3,24.62,29.8,344.95,42.07,2.63,2.0,24.56
2,1,0,31.7,24.82,47.3,24.62,319.58,39.59,4.2,2.0,26.38
2,1,0,24.56,31.7,24.82,47.3,280.99,37.79,3.02,2.0,32.82
2,1,0,26.38,24.56,31.7,24.82,218.29,53.53,4.76,2.0,25.22
2,1,0,32.82,26.38,24.56,31.7,321.73,19.73,8.94,2.0,27.4
3,1,0,25.22,32.82,26.38,24.56,323.33,41.9,3.92,2.0,27.82
3,1,0,27.4,25.22,32.82,26.38,215.83,20.31,6.59,2.0,28.52
3,1,0,27.82,27.4,25.22,32.82,324.85,34.74,5.02,2.0,23.72
3,1,0,28.52,27.82,27.4,25.22,269.24,25.41,5.8,2.0,32.64
4,1,0,23.72,28.52,27.82,27.4,164.15,41.62,2.39,2.0,33.88
4,1,0,32.64,23.72,28.52,27.82,297.12,38.39,6.27,2.0,30.34
4,1,0,33.88,32.64,23.72,28.52,241.75,25.78,6.18,2.0,30.84
4,1,0,30.34,33.88,32.64,23.72,164.73,48.2,5.18,2.0,26.84
5,1,0,30.84,30.34,33.88,32.64,319.37,24.25,5.35,1.0,27.4
5,1,0,26.84,30.84,30.34,33.88,138.26,42.7,3.02,1.0,27.32
5,1,0,27.4,26.84,30.84,30.34,265.15,16.57,4.45,1.0,26.96
5,1,0,27.32,27.4,26.84,30.84,98.06,35.69,5.33,1.0,28.36
6,1,0,26.96,27.32,27.4,26.84,388.91,41.1,3.65,1.0,24.16
6,1,0,28.36,26.96,27.32,27.4,322.55,40.22,5.63,1.0,26.24
6,1,0,24.16,28.36,26.96,27.32,310.27,42.84,3.37,1.0,37.54
6,1,0,26.24,24.16,28.36,26.96,169.19,48.07,3.94,1.0,26.86
7,1,0,37.54,26.24,24.16,28.36,247.94,27.63,3.63,1.0,26.44
7,1,0,26.86,37.54,26.24,24.16,337.18,49.13,4.47,1.0,28.44
7,1,0,26.44,26.86,37.54,26.24,158.05,49.51,4.45,1.0,31.64
7,1,0,28.44,26.44,26.86,37.54,163.97,46.23,7.0,1.0,34.1
8,1,0,31.64,28.44,26.44,26.86,102.94,14.33,5.9,1.0,28.48
8,1,0,34.1,31.64,28.44,26.44,108.77,39.35,8.29,0.0,30.62
8,1,0,28.48,34.1,31.64,28.44,129.12,24.15,4.22,0.0,28.16
8,1,0,30.62,28.48,34.1,31.64,176.09,36.21,3.49,0.0,31.24
9,1,0,28.16,30.62,28.48,34.1,331.1,13.83,3.76,0.0,34.94
9,1,0,31.24,28.16,30.62,28.48,87.9,28.77,7.22,0.0,29.5
9,1,0,34.94,31.24,28.16,30.62,316.74,37.32,10.96,0.0,31.8
9,1,0,29.5,34.94,31.24,28.16,146.91,39.46,6.22,0.0,27.08
10,1,0,31.8,29.5,34.94,31.24,115.94,30.6,8.27,2.0,28.96
10,1,0,27.08,31.8,29.5,34.94,384.29,52.47,3.55,2.0,26.66
10,1,0,28.96,27.08,31.8,29.5,260.09,20.34,3.1,2.0,25.96
10,1,0,26.66,28.96,27.08,31.8,188.43,23.04,5.2,2.0,27.82
11,1,0,25.96,26.66,28.96,27.08,207.83,48.56,4.39,1.0,25.88
11,1,0,27.82,25.96,26.66,28.96,152.08,32.07,4.43,1.0,28.56
11,1,0,25.88,27.82,25.96,26.66,193.72,8.86,4.39,1.0,29.08
11,1,0,28.56,25.88,27.82,25.96,316.52,39.91,6.45,1.0,26.92
12,1,0,29.08,28.56,25.88,27.82,246.91,36.41,5.06,1.0,26.86
12,1,0,26.92,29.08,28.56,25.88,149.14,40.77,3.53,1.0,29.66
12,1,0,26.86,26.92,29.08,28.56,375.82,42.39,5.24,1.0,27.18
12,1,0,29.66,26.86,26.92,29.08,283.69,27.29,4.98,1.0,26.72
13,1,0,27.18,29.66,26.86,26.92,256.39,36.43,3.86,1.0,28.14
13,1,0,26.72,27.18,29.66,26.86,251.93,8.1,3.71,1.0,35.64
13,1,0,28.14,26.72,27.18,29.66,233.05,33.61,4.47,1.0,30.14
13,1,0,35.64,28.14,26.72,27.18,200.92,32.35,6.98,0.0,28.72
14,1,0,30.14,35.64,28.14,26.72,84.81,31.09,6.0,1.0,28.88
14,1,0,28.72,30.14,35.64,28.14,264.37,39.56,6.84,1.0,35.06
14,1,0,28.88,28.72,30.14,35.64,325.69,51.98,4.92,1.0,33.72
14,1,0,35.06,28.88,28.72,30.14,187.86,31.89,3.96,1.0,29.56
15,1,0,33.72,35.06,28.88,28.72,113.92,26.6,4.47,1.0,25.7
15,1,0,29.56,33.72,35.06,28.88,364.78,39.66,7.41,1.0,37.08
15,1,0,25.7,29.56,33.72,35.06,173.6,33.11,3.18,1.0,36.42
15,1,0,37.08,25.7,29.56,33.72,151.04,23.8,7.76,1.0,38.54
16,1,0,36.42,37.08,25.7,29.56,288.81,37.31,12.43,1.0,30.22
17,1,0,38.54,36.42,37.08,25.7,299.41,24.97,17.78,1.0,23.72
17,1,0,30.22,38.54,36.42,37.08,196.29,51.79,3.82,1.0,29.1
17,1,0,23.72,30.22,38.54,36.42,259.93,32.34,2.43,1.0,36.62
18,1,0,29.1,23.72,30.22,38.54,281.11,26.57,5.37,1.0,27.32
18,1,0,36.62,29.1,23.72,30.22,356.25,47.53,7.43,1.0,26.1
18,1,0,27.32,36.62,29.1,23.72,283.97,49.43,4.9,1.0,27.94
18,1,0,26.1,27.32,36.62,29.1,316.36,38.25,5.27,1.0,25.1
19,1,0,27.94,26.1,27.32,36.62,245.22,36.21,5.1,1.0,25.38
19,1,0,25.1,27.94,26.1,27.32,316.01,54.03,2.9,1.0,25.82
19,1,0,25.38,25.1,27.94,26.1,273.34,32.01,4.27,1.0,34.62
19,1,0,25.82,25.38,25.1,27.94,172.6,33.94,4.2,1.0,25.82
20,1,0,34.62,25.82,25.38,25.1,206.21,32.11,7.31,2.0,29.22
20,1,0,25.82,34.62,25.82,25.38,217.27,32.97,5.69,2.0,29.86
20,1,0,29.22,25.82,34.62,25.82,140.82,34.8,6.43,2.0,24.94
20,1,0,29.86,29.22,25.82,34.62,305.17,34.78,7.88,2.0,25.18
21,1,0,24.94,29.86,29.22,25.82,312.44,32.88,3.24,1.0,31.96
21,1,0,25.18,24.94,29.86,29.22,265.11,46.42,3.76,1.0,26.82
21,1,0,31.96,25.18,24.94,29.86,304.88,37.07,5.33,1.0,29.22
21,1,0,26.82,31.96,25.18,24.94,258.42,49.94,4.67,1.0,28.84
22,1,0,29.22,26.82,31.96,25.18,243.45,29.28,3.92,1.0,23.8
22,1,0,28.84,29.22,26.82,31.96,82.42,34.97,4.98,1.0,27.9
22,1,0,23.8,28.84,29.22,26.82,269.82,28.94,1.92,1.0,25.5
22,1,0,27.9,23.8,28.84,29.22,315.15,52.92,6.29,1.0,24.86
23,1,0,25.5,27.9,23.8,28.84,309.4,47.3,3.29,1.0,26.18
23,1,0,24.86,25.5,27.9,23.8,193.52,36.92,2.92,1.0,26.32
23,1,0,26.18,24.86,25.5,27.9,332.24,39.53,4.53,1.0,27.88
23,1,0,26.32,26.18,24.86,25.5,290.87,28.15,3.55,1.0,27.32
0,2,0,27.88,26.32,26.18,24.86,307.92,31.68,3.9,1.0,28.28
0,2,0,27.32,27.88,26.32,26.18,311.88,33.33,6.1,1.0,26.08
0,2,0,28.28,27.32,27.88,26.32,173.48,31.68,6.67,1.0,27.9
0,2,0,26.08,28.28,27.32,27.88,173.68,31.02,4.29,1.0,24.36
1,2,0,27.9,26.08,28.28,27.32,305.23,43.7,6.79,3.0,26.62
1,2,0,24.36,27.9,26.08,28.28,305.7,13.04,2.98,3.0,26.64
1,2,0,26.62,24.36,27.9,26.08,148.91,51.97,3.45,3.0,25.0
1,2,0,26.64,26.62,24.36,27.9,332.4,45.85,4.29,3.0,27.56
2,2,0,25.0,26.64,26.62,24.36,275.49,37.19,2.9,3.0,27.34
2,2,0,27.56,25.0,26.64,26.62,162.92,30.14,4.63,3.0,23.28
2,2,0,27.34,27.56,25.0,26.64,258.41,47.13,2.98,3.0,26.84
2,2,0,23.28,27.34,27.56,25.0,316.04,5.56,1.47,3.0,25.22
3,2,0,26.84,23.28,27.34,27.56,214.63,28.96,5.1,1.0,24.92
3,2,0,25.22,26.84,23.28,27.34,331.53,31.34,3.8,1.0,24.06
3,2,0,24.92,25.22,26.84,23.28,152.01,52.3,4.02,1.0,26.04
3,2,0,24.06,24.92,25.22,26.84,294.2,31.68,2.35,1.0,42.54
4,2,0,26.04,24.06,24.92,25.22,300.06,39.44,4.69,3.0,26.1
5,2,0,42.54,26.04,24.06,24.92,171.85,40.24,6.16,3.0,27.3
5,2,0,26.1,42.54,26.04,24.06,295.49,47.84,4.45,3.0,24.36
5,2,0,27.3,26.1,42.54,26.04,313.55,44.54,4.49,3.0,32.0
6,2,0,24.36,27.3,26.1,42.54,289.08,42.79,2.39,3.0,24.62
6,2,0,32.0,24.36,27.3,26.1,341.22,39.74,14.29,3.0,25.26
6,2,0,24.62,32.0,24.36,27.3,250.26,40.69,3.12,3.0,36.48
6,2,0,25.26,24.62,32.0,24.36,317.82,35.27,2.84,3.0,25.0
7,2,0,36.48,25.26,24.62,32.0,202.98,23.61,3.08,2.0,26.36
7,2,0,25.0,36.48,25.26,24.62,270.24,37.36,3.61,2.0,35.78
7,2,0,26.36,25.0,36.48,25.26,301.35,31.39,4.65,2.0,24.0
7,2,0,35.78,26.36,25.0,36.48,264.93,14.8,5.02,2.0,25.76
8,2,0,24.0,35.78,26.36,25.0,341.17,32.96,3.02,1.0,26.22
8,2,0,25.76,24.0,35.78,26.36,279.13,35.12,3.39,1.0,27.08
8,2,0,26.22,25.76,24.0,35.78,277.28,31.31,4.39,1.0,33.48
8,2,0,27.08,26.22,25.76,24.0,354.79,25.92,3.67,1.0,28.58
9,2,0,33.48,27.08,26.22,25.76,311.65,35.06,12.84,1.0,26.56
9,2,0,28.58,33.48,27.08,26.22,326.15,42.15,5.2,1.0,24.4
9,2,0,26.56,28.58,33.48,27.08,306.68,43.86,5.04,1.0,26.58
9,2,0,24.4,26.56,28.58,33.48,330.75,28.49,3.55,1.0,33.42
10,2,0,26.58,24.4,26.56,28.58,173.84,13.91,4.49,0.0,26.06
10,2,0,33.42,26.58,24.4,26.56,299.84,25.63,4.65,0.0,32.08
10,2,0,26.06,33.42,26.58,24.4,300.12,37.04,4.98,0.0,30.52
10,2,0,32.08,26.06,33.42,26.58,338.36,48.62,14.37,0.0,29.5
11,2,0,30.52,32.08,26.06,33.42,247.79,26.36,4.29,3.0,25.1
11,2,0,29.5,30.52,32.08,26.06,255.88,45.22,8.27,3.0,26.62
11,2,0,25.1,29.5,30.52,32.08,307.48,30.79,3.2,3.0,26.04
11,2,0,26.62,25.1,29.5,30.52,181.46,31.96,5.06,3.0,30.18
12,2,0,26.04,26.62,25.1,29.5,302.78,33.37,5.18,3.0,28.08
12,2,0,30.18,26.04,26.62,25.1,99.1,37.0,6.51,3.0,23.92
12,2,0,28.08,30.18,26.04,26.62,284.49,32.91,4.45,3.0,30.12
12,2,0,23.92,28.08,30.18,26.04,300.51,43.07,2.29,3.0,33.84
13,2,0,30.12,23.92,28.08,30.18,274.91,35.72,7.43,2.0,29.5
13,2,0,33.84,30.12,23.92,28.08,271.66,32.5,4.86,2.0,24.56
13,2,0,29.5,33.84,30.12,23.92,171.86,22.69,5.39,2.0,27.24
13,2,0,24.56,29.5,33.84,30.12,304.51,40.34,2.65,3.0,23.98
14,2,0,27.24,24.56,29.5,33.84,288.45,50.99,5.73,3.0,23.96
14,2,0,23.98,27.24,24.56,29.5,296.66,40.02,3.41,3.0,25.98
14,2,0,23.96,23.98,27.24,24.56,85.46,25.58,2.76,3.0,29.62
14,2,0,25.98,23.96,23.98,27.24,318.65,50.38,4.71,3.0,25.94
15,2,0,29.62,25.98,23.96,23.98,229.33,40.41,8.14,3.0,33.34
15,2,0,25.94,29.62,25.98,23.96,308.72,55.4,4.1,3.0,25.34
15,2,0,33.34,25.94,29.62,25.98,291.9,27.47,5.67,3.0,32.9
15,2,0,25.34,33.34,25.94,29.62,386.68,30.09,4.37,3.0,24.82
16,2,0,32.9,25.34,33.34,25.94,265.02,41.07,6.41,2.0,30.12
16,2,0,24.82,32.9,25.34,33.34,174.65,22.48,3.41,2.0,25.59
16,2,0,30.12,24.82,32.9,25.34,203.92,28.2,5.71,2.0,24.74
16,2,0,25.59,30.12,24.82,32.9,295.84,22.225,3.25,2.0,32.32
17,2,0,24.74,25.59,30.12,24.82,286.17,16.25,3.14,3.0,34.0
17,2,0,32.32,24.74,25.59,30.12,358.01,43.41,5.47,3.0,27.52
17,2,0,34.0,32.32,24.74,25.59,132.34,42.89,7.94,3.0,23.6
17,2,0,27.52,34.0,32.32,24.74,112.76,26.53,6.27,3.0,25.08
18,2,0,23.6,27.52,34.0,32.32,128.78,33.61,2.49,3.0,26.74
18,2,0,25.08,23.6,27.52,34.0,232.41,36.4,2.71,3.0,35.94
18,2,0,26.74,25.08,23.6,27.52,97.37,20.68,4.35,3.0,30.34
18,2,0,35.94,26.74,25.08,23.6,210.83,37.69,5.91,3.0,23.6
19,2,0,30.34,35.94,26.74,25.08,345.29,44.19,7.18,2.0,26.08
19,2,0,23.6,30.34,35.94,26.74,275.48,29.73,1.92,2.0,25.84
19,2,0,26.08,23.6,30.34,35.94,144.47,42.7,5.33,2.0,27.34
19,2,0,25.84,26.08,23.6,30.34,84.34,20.46,5.37,2.0,29.38
20,2,0,27.34,25.84,26.08,23.6,287.11,39.32,3.82,3.0,27.38
20,2,0,29.38,27.34,25.84,26.08,166.06,53.03,6.12,3.0,25.26
20,2,0,27.38,29.38,27.34,25.84,305.33,30.48,5.82,3.0,26.28
20,2,0,25.26,27.38,29.38,27.34,202.88,38.87,4.27,3.0,25.22
21,2,0,26.28,25.26,27.38,29.38,234.9,12.33,4.47,3.0,27.66
21,2,0,25.22,26.28,25.26,27.38,154.38,31.13,4.65,3.0,29.92
21,2,0,27.66,25.22,26.28,25.26,295.02,18.22,6.59,3.0,28.06
21,2,0,29.92,27.66,25.22,26.28,251.76,33.4,5.04,3.0,25.3
22,2,0,28.06,29.92,27.66,25.22,270.91,30.86,4.53,3.0,25.44
22,2,0,25.3,28.06,29.92,27.66,199.24,42.98,5.04,3.0,24.16
22,2,0,25.44,25.3,28.06,29.92,269.76,28.63,3.73,3.0,25.8
22,2,0,24.16,25.44,25.3,28.06,117.87,42.43,2.84,3.0,26.18
23,2,0,25.8,24.16,25.44,25.3,161.9,50.26,4.55,2.0,25.78
23,2,0,26.18,25.8,24.16,25.44,285.12,27.99,3.14,2.0,29.28
23,2,0,25.78,26.18,25.8,24.16,128.51,37.21,3.2,2.0,26.28
23,2,0,29.28,25.78,26.18,25.8,149.96,35.75,7.41,2.0,24.9
0,3,0,26.28,29.28,25.78,26.18,143.28,40.78,4.59,2.0,23.4
0,3,0,24.9,26.28,29.28,25.78,227.48,39.52,3.57,2.0,26.54
0,3,0,23.4,24.9,26.28,29.28,287.39,52.24,2.41,2.0,28.92
0,3,0,26.54,23.4,24.9,26.28,300.42,31.37,5.08,2.0,24.72
1,3,0,28.92,26.54,23.4,24.9,273.54,30.09,4.84,2.0,24.88
1,3,0,24.72,28.92,26.54,23.4,311.43,30.57,3.47,2.0,24.02
1,3,0,24.88,24.72,28.92,26.54,283.73,29.84,2.76,2.0,50.32
1,3,0,24.02,24.88,24.72,28.92,379.41,31.72,2.9,3.0,25.2
2,3,0,50.32,24.02,24.88,24.72,187.59,47.68,9.06,3.0,26.22
2,3,0,25.2,50.32,24.02,24.88,150.91,39.5,3.49,3.0,23.58
2,3,0,26.22,25.2,50.32,24.02,287.37,29.7,6.57,3.0,27.26
2,3,0,23.58,26.22,25.2,50.32,150.72,48.99,2.59,3.0,25.0
3,3,0,27.26,23.58,26.22,25.2,284.39,34.03,4.22,2.0,26.56
3,3,0,25.0,27.26,23.58,26.22,301.38,36.27,2.9,2.0,25.46
3,3,0,26.56,25.0,27.26,23.58,306.04,20.49,4.65,2.0,40.0
3,3,0,25.46,26.56,25.0,27.26,335.49,25.14,4.53,2.0,25.72
4,3,0,40.0,25.46,26.56,25.0,206.11,50.27,4.33,2.0,25.34
4,3,0,25.72,40.0,25.46,26.56,267.36,48.5,3.9,2.0,26.54
4,3,0,25.34,25.72,40.0,25.46,315.77,50.94,3.88,2.0,26.2
4,3,0,26.54,25.34,25.72,40.0,197.81,50.9,4.18,2.0,25.12
5,3,0,26.2,26.54,25.34,25.72,134.38,23.97,5.27,2.0,24.6
5,3,0,25.12,26.2,26.54,25.34,115.95,30.51,3.96,2.0,32.64
5,3,0,24.6,25.12,26.2,26.54,139.57,55.15,3.06,2.0,32.36
5,3,0,32.64,24.6,25.12,26.2,329.16,28.74,5.73,2.0,32.44
6,3,0,32.36,32.64,24.6,25.12,139.09,43.27,7.88,1.0,27.56
6,3,0,32.44,32.36,32.64,24.6,270.18,23.69,6.55,1.0,26.86
6,3,0,27.56,32.44,32.36,32.64,267.45,32.69,4.98,1.0,28.34
6,3,0,26.86,27.56,32.44,32.36,234.85,39.0,4.39,1.0,28.34
7,3,0,28.34,26.86,27.56,32.44,307.27,33.04,4.49,1.0,27.32
7,3,0,28.34,28.34,26.86,27.56,176.1,41.96,4.24,1.0,28.32
7,3,0,27.32,28.34,28.34,26.86,264.22,37.69,4.39,1.0,26.38
7,3,0,28.32,27.32,28.34,28.34,143.37,36.77,4.43,1.0,29.56
8,3,0,26.38,28.32,27.32,28.34,304.41,30.85,4.55,1.0,28.18
8,3,0,29.56,26.38,28.32,27.32,270.03,36.25,5.9,1.0,26.5
8,3,0,28.18,29.56,26.38,28.32,354.8,41.78,6.06,1.0,29.64
8,3,0,26.5,28.18,29.56,26.38,310.47,36.11,5.51,1.0,25.84
9,3,0,29.64,26.5,28.18,29.56,292.21,36.19,5.84,1.0,25.14
9,3,0,25.84,29.64,26.5,28.18,148.92,47.57,3.08,1.0,30.88
9,3,0,25.14,25.84,29.64,26.5,371.63,31.69,3.92,1.0,25.12
9,3,0,30.88,25.14,25.84,29.64,170.9,52.57,5.94,1.0,24.88
10,3,0,25.12,30.88,25.14,25.84,317.37,50.97,3.24,2.0,24.64
10,3,0,24.88,25.12,30.88,25.14,334.83,28.32,4.27,2.0,27.92
10,3,0,24.64,24.88,25.12,30.88,292.58,13.42,4.2,2.0,25.54
10,3,0,27.92,24.64,24.88,25.12,179.74,44.09,6.71,2.0,26.16
11,3,0,25.54,27.92,24.64,24.88,330.72,48.48,3.37,1.0,26.04
11,3,0,26.16,25.54,27.92,24.64,315.83,57.3,5.06,1.0,29.08
11,3,0,26.04,26.16,25.54,27.92,128.12,30.51,5.2,1.0,29.26
11,3,0,29.08,26.04,26.16,25.54,192.67,35.71,7.14,1.0,27.04
12,3,0,29.26,29.08,26.04,26.16,283.69,52.53,7.31,1.0,27.58
12,3,0,27.04,29.26,29.08,26.04,101.1,33.44,5.61,1.0,28.94
12,3,0,27.58,27.04,29.26,29.08,290.78,25.84,5.88,1.0,24.86
12,3,0,28.94,27.58,27.04,29.26,318.2,34.88,6.65,1.0,27.9
13,3,0,24.86,28.94,27.58,27.04,125.33,30.04,2.63,0.0,26.9
13,3,0,27.9,24.86,28.94,27.58,283.0,39.47,5.94,0.0,27.52
13,3,0,26.9,27.9,24.86,28.94,239.41,40.34,5.67,0.0,34.42
13,3,0,27.52,26.9,27.9,24.86,69.38,37.27,5.24,0.0,27.7
14,3,0,34.42,27.52,26.9,27.9,129.8,27.44,6.88,0.0,24.62
14,3,0,27.7,34.42,27.52,26.9,258.28,19.79,4.9,0.0,28.48
14,3,0,24.62,27.7,34.42,27.52,151.65,33.46,3.94,0.0,28.36
14,3,0,28.48,24.62,27.7,34.42,308.05,34.95,7.92,0.0,32.5
15,3,0,28.36,28.48,24.62,27.7,141.69,20.38,5.43,0.0,29.52
15,3,0,32.5,28.36,28.48,24.62,125.97,33.9,6.71,0.0,24.7
15,3,0,29.52,32.5,28.36,28.48,125.78,25.15,6.14,0.0,26.86
15,3,0,24.7,29.52,32.5,28.36,311.3,49.04,3.39,0.0,27.02
16,3,0,26.86,24.7,29.52,32.5,327.49,45.28,6.41,0.0,25.26
16,3,0,27.02,26.86,24.7,29.52,235.1,35.46,5.12,0.0,25.72
16,3,0,25.26,27.02,26.86,24.7,110.08,31.28,4.82,0.0,26.2
16,3,0,25.72,25.26,27.02,26.86,325.58,36.1,4.82,0.0,29.9
17,3,0,26.2,25.72,25.26,27.02,228.11,25.77,3.82,0.0,29.94
17,3,0,29.9,26.2,25.72,25.26,270.67,22.8,7.98,0.0,39.92
17,3,0,29.94,29.9,26.2,25.72,214.3,31.92,5.04,0.0,27.2
17,3,0,39.92,29.94,29.9,26.2,111.35,30.36,7.24,0.0,30.76
18,3,0,27.2,39.92,29.94,29.9,311.65,43.46,5.82,3.0,26.9
18,3,0,30.76,27.2,39.92,29.94,110.63,28.62,6.78,3.0,29.98
18,3,0,26.9,30.76,27.2,39.92,108.31,29.77,4.14,3.0,25.92
18,3,0,29.98,26.9,30.76,27.2,336.07,36.04,8.55,3.0,26.18
19,3,0,25.92,29.98,26.9,30.76,281.44,34.24,4.73,2.0,27.12
19,3,0,26.18,25.92,29.98,26.9,142.35,42.0,3.57,2.0,32.0
19,3,0,27.12,26.18,25.92,29.98,194.77,38.48,5.06,2.0,24.7
19,3,0,32.0,27.12,26.18,25.92,155.16,50.32,7.22,2.0,25.3
20,3,0,24.7,32.0,27.12,26.18,157.3,34.56,3.8,1.0,27.02
20,3,0,25.3,24.7,32.0,27.12,276.16,36.01,3.61,2.0,25.26
20,3,0,27.02,25.3,24.7,32.0,391.98,46.76,6.41,2.0,37.0
20,3,0,25.26,27.02,25.3,24.7,295.75,14.18,2.67,2.0,25.2
21,3,0,37.0,25.26,27.02,25.3,313.26,36.58,7.31,1.0,27.0
21,3,0,25.2,37.0,25.26,27.02,137.58,32.98,3.1,1.0,25.2
21,3,0,27.0,25.2,37.0,25.26,303.8,39.68,6.59,1.0,28.52
21,3,0,25.2,27.0,25.2,37.0,341.55,51.21,4.02,1.0,35.7
22,3,0,28.52,25.2,27.0,25.2,337.66,33.29,4.71,2.0,36.6
22,3,0,35.7,28.52,25.2,27.0,171.51,50.59,9.37,2.0,30.7
22,3,0,36.6,35.7,28.52,25.2,304.72,42.35,4.73,2.0,27.92
22,3,0,30.7,36.6,35.7,28.52,146.71,51.62,6.33,2.0,28.16
23,3,0,27.92,30.7,36.6,35.7,122.02,49.83,5.33,2.0,26.26
23,3,0,28.16,27.92,30.7,36.6,143.24,31.7,4.08,2.0,26.34
23,3,0,26.26,28.16,27.92,30.7,330.51,14.33,3.49,2.0,30.9
23,3,0,26.34,26.26,28.16,27.92,105.22,26.96,5.73,2.0,29.76
0,4,0,30.9,26.34,26.26,28.16,233.83,9.49,6.96,2.0,26.6
0,4,0,29.76,30.9,26.34,26.26,132.56,19.98,6.06,2.0,27.74
0,4,0,26.6,29.76,30.9,26.34,292.3,50.58,4.57,2.0,31.52
0,4,0,27.74,26.6,29.76,30.9,355.15,46.11,5.18,2.0,26.68
1,4,0,31.52,27.74,26.6,29.76,236.08,42.85,6.37,2.0,27.62
1,4,0,26.68,31.52,27.74,26.6,181.54,35.51,4.1,2.0,24.34
1,4,0,27.62,26.68,31.52,27.74,304.94,40.35,5.61,2.0,25.48
1,4,0,24.34,27.62,26.68,31.52,144.8,24.58,3.45,2.0,25.12
2,4,0,25.48,24.34,27.62,26.68,340.76,19.54,4.94,2.0,27.56
2,4,0,25.12,25.48,24.34,27.62,269.37,22.99,4.02,2.0,35.6
2,4,0,27.56,25.12,25.48,24.34,215.5,24.52,4.86,2.0,26.24
2,4,0,35.6,27.56,25.12,25.48,314.03,32.36,6.8,2.0,25.8
3,4,0,26.24,35.6,27.56,25.12,266.35,34.77,3.8,2.0,29.5
3,4,0,25.8,26.24,35.6,27.56,331.73,38.85,3.98,2.0,37.22
3,4,0,29.5,25.8,26.24,35.6,261.72,31.81,5.51,2.0,28.92
3,4,0,37.22,29.5,25.8,26.24,280.2,22.82,8.45,2.0,25.62
4,4,0,28.92,37.22,29.5,25.8,111.96,39.45,4.24,3.0,26.64
4,4,0,25.62,28.92,37.22,29.5,146.15,52.81,3.35,3.0,49.24
4,4,0,26.64,25.62,28.92,37.22,117.24,26.56,5.24,3.0,29.4
5,4,0,49.24,26.64,25.62,28.92,296.19,22.35,6.55,3.0,31.04
5,4,0,29.4,49.24,26.64,25.62,284.3,45.71,7.08,3.0,26.8
5,4,0,31.04,29.4,49.24,26.64,225.95,23.75,6.24,3.0,32.7
5,4,0,26.8,31.04,29.4,49.24,334.8,48.45,3.12,3.0,29.68
6,4,0,32.7,26.8,31.04,29.4,217.63,32.65,9.16,3.0,97.29
6,4,0,29.68,32.7,26.8,31.04,101.13,23.59,6.88,3.0,124.9
6,4,0,97.29,29.68,32.7,26.8,298.39,29.62,5.04,3.0,44.48
6,4,0,124.9,97.29,29.68,32.7,324.98,29.97,4.24,3.0,27.66
7,4,0,44.48,124.9,97.29,29.68,296.43,44.47,6.12,3.0,26.3
7,4,0,27.66,44.48,124.9,97.29,304.02,33.03,5.94,3.0,36.62
7,4,0,26.3,27.66,44.48,124.9,309.93,29.3,2.14,3.0,27.46
7,4,0,36.62,26.3,27.66,44.48,295.23,31.23,4.84,3.0,26.88
8,4,0,27.46,36.62,26.3,27.66,234.57,25.25,6.39,3.0,29.94
8,4,0,26.88,27.46,36.62,26.3,281.6,34.22,4.98,3.0,27.58
8,4,0,29.94,26.88,27.46,36.62,339.17,44.38,7.27,3.0,30.42
8,4,0,27.58,29.94,26.88,27.46,187.19,35.76,4.9,3.0,28.9
9,4,0,30.42,27.58,29.94,26.88,257.74,32.78,5.16,80.0,28.14
9,4,0,28.9,30.42,27.58,29.94,170.48,36.42,5.08,80.0,24.64
9,4,0,28.14,28.9,30.42,27.58,235.11,16.52,4.43,80.0,29.72
9,4,0,24.64,28.14,28.9,30.42,296.11,32.17,3.53,80.0,25.22
10,4,0,29.72,24.64,28.14,28.9,386.58,29.33,4.96,3.0,26.6
10,4,0,25.22,29.72,24.64,28.14,213.51,32.3,3.33,3.0,26.6
10,4,0,26.6,25.22,29.72,24.64,267.26,22.6,4.1,3.0,30.42
10,4,0,26.6,26.6,25.22,29.72,379.9,29.77,4.39,3.0,26.46
11,4,0,30.42,26.6,26.6,25.22,303.91,37.21,6.8,3.0,27.14
11,4,0,26.46,30.42,26.6,26.6,289.14,29.09,3.55,3.0,30.64
11,4,0,27.14,26.46,30.42,26.6,268.09,31.42,4.78,3.0,31.84
11,4,0,30.64,27.14,26.46,30.42,214.44,32.14,5.98,3.0,26.94
12,4,0,31.84,30.64,27.14,26.46,334.64,35.65,5.67,2.0,26.5
12,4,0,26.94,31.84,30.64,27.14,282.37,41.13,6.06,2.0,26.16
12,4,0,26.5,26.94,31.84,30.64,337.93,47.82,3.57,2.0,28.0
12,4,0,26.16,26.5,26.94,31.84,342.63,62.53,3.49,2.0,28.28
13,4,0,28.0,26.16,26.5,26.94,251.39,47.620000000000005,7.0,2.0,31.78
13,4,0,28.28,28.0,26.16,26.5,266.51,32.71,6.67,2.0,27.2
13,4,0,31.78,28.28,28.0,26.16,250.8,20.69,7.22,2.0,26.46
13,4,0,27.2,31.78,28.28,28.0,182.1,9.38,6.27,3.0,25.02
14,4,0,26.46,27.2,31.78,28.28,338.06,54.2,5.45,3.0,25.7
14,4,0,25.02,26.46,27.2,31.78,353.11,34.03,5.39,3.0,27.42
14,4,0,25.7,25.02,26.46,27.2,323.71,31.03,5.14,3.0,29.62
14,4,0,27.42,25.7,25.02,26.46,226.21,36.21,4.96,3.0,28.28
15,4,0,29.62,27.42,25.7,25.02,306.89,43.24,5.1,3.0,23.92
15,4,0,28.28,29.62,27.42,25.7,229.47,33.4,5.49,3.0,27.34
15,4,0,23.92,28.28,29.62,27.42,339.01,38.05,3.33,3.0,28.46
15,4,0,27.34,23.92,28.28,29.62,257.92,41.45,3.31,3.0,26.88
16,4,0,28.46,27.34,23.92,28.28,336.86,43.33,4.0,3.0,32.06
16,4,0,26.88,28.46,27.34,23.92,286.89,51.17,4.35,3.0,26.64
16,4,0,32.06,26.88,28.46,27.34,306.84,47.12,9.0,3.0,34.92
16,4,0,26.64,32.06,26.88,28.46,373.63,30.5,5.59,3.0,32.8
17,4,0,34.92,26.64,32.06,26.88,187.24,31.19,6.92,3.0,27.8
17,4,0,32.8,34.92,26.64,32.06,290.75,36.41,8.61,3.0,25.4
17,4,0,27.8,32.8,34.92,26.64,305.34,45.47,4.1,3.0,28.88
17,4,0,25.4,27.8,32.8,34.92,301.47,37.68,4.35,3.0,27.56
18,4,0,28.88,25.4,27.8,32.8,226.47,33.45,6.22,61.0,28.38
18,4,0,27.56,28.88,25.4,27.8,272.95,33.95,3.2,61.0,30.08
18,4,0,28.38,27.56,28.88,25.4,249.29,31.84,5.2,61.0,26.52
18,4,0,30.08,28.38,27.56,28.88,318.89,49.82,8.51,61.0,31.16
19,4,0,26.52,30.08,28.38,27.56,311.25,49.08,3.41,3.0,26.62
19,4,0,31.16,26.52,30.08,28.38,247.46,36.63,4.94,3.0,27.7
19,4,0,26.62,31.16,26.52,30.08,154.95,48.77,3.16,3.0,25.84
19,4,0,27.7,26.62,31.16,26.52,214.39,33.45,5.98,3.0,25.18
20,4,0,25.84,27.7,26.62,31.16,303.22,35.09,2.69,3.0,24.36
20,4,0,25.18,25.84,27.7,26.62,237.14,44.41,3.06,3.0,29.02
20,4,0,24.36,25.18,25.84,27.7,280.48,47.39,3.14,3.0,28.0
20,4,0,29.02,24.36,25.18,25.84,103.52,32.1,5.61,3.0,29.46
21,4,0,28.0,29.02,24.36,25.18,309.47,56.48,3.71,3.0,31.88
21,4,0,29.46,28.0,29.02,24.36,308.64,45.31,6.96,3.0,25.7
21,4,0,31.88,29.46,28.0,29.02,209.35,23.99,4.47,3.0,27.92
21,4,0,25.7,31.88,29.46,28.0,190.38,36.025,4.29,3.0,26.2
22,4,0,27.92,25.7,31.88,29.46,237.88,48.06,4.31,3.0,27.54
22,4,0,26.2,27.92,25.7,31.88,317.97,42.69,3.78,3.0,31.78
22,4,0,27.54,26.2,27.92,25.7,185.35,26.07,3.63,3.0,26.02
22,4,0,31.78,27.54,26.2,27.92,278.59,41.36,5.86,3.0,27.42
23,4,0,26.02,31.78,27.54,26.2,269.86,47.32,3.78,3.0,26.86
23,4,0,27.42,26.02,31.78,27.54,258.13,32.76,4.29,3.0,25.38
23,4,0,26.86,27.42,26.02,31.78,256.24,10.31,5.18,3.0,29.22
23,4,0,25.38,26.86,27.42,26.02,278.75,40.83,4.45,3.0,27.04
0,5,1,29.22,25.38,26.86,27.42,191.55,38.235,4.57,3.0,26.82
0,5,1,27.04,29.22,25.38,26.86,325.57,35.64,4.06,3.0,27.48
0,5,1,26.82,27.04,29.22,25.38,291.29,41.81,4.33,3.0,27.28
0,5,1,27.48,26.82,27.04,29.22,122.82,48.98,4.33,3.0,30.36
1,5,1,27.28,27.48,26.82,27.04,123.5,31.7,4.82,3.0,31.32
1,5,1,30.36,27.28,27.48,26.82,195.86,43.965,5.0,3.0,25.84
1,5,1,31.32,30.36,27.28,27.48,298.2,56.23,5.88,3.0,25.36
1,5,1,25.84,31.32,30.36,27.28,294.21,40.92,4.53,3.0,25.76
2,5,1,25.36,25.84,31.32,30.36,227.16,28.76,3.92,3.0,28.33
2,5,1,25.76,25.36,25.84,31.32,266.53,47.11,4.47,3.0,27.74
2,5,1,28.33,25.76,25.36,25.84,356.4,44.12,7.06,3.0,30.34
2,5,1,27.74,28.33,25.76,25.36,303.49,50.86,6.08,3.0,24.72
3,5,1,30.34,27.74,28.33,25.76,303.94,39.75,3.16,3.0,24.78
3,5,1,24.72,30.34,27.74,28.33,275.54,35.44,3.0,3.0,27.16
3,5,1,24.78,24.72,30.34,27.74,149.54,34.97,3.27,3.0,27.68
3,5,1,27.16,24.78,24.72,30.34,159.21,37.33,4.63,3.0,26.0
4,5,1,27.68,27.16,24.78,24.72,293.13,45.75,4.98,2.0,26.24
4,5,1,26.0,27.68,27.16,24.78,156.65,29.75,4.16,2.0,26.16
4,5,1,26.24,26.0,27.68,27.16,160.02,25.07,3.8,2.0,24.46
4,5,1,26.16,26.24,26.0,27.68,188.09,41.79,3.14,2.0,29.32
5,5,1,24.46,26.16,26.24,26.0,293.16,8.7,3.22,1.0,25.22
5,5,1,29.32,24.46,26.16,26.24,164.81,53.05,5.06,1.0,32.92
5,5,1,25.22,29.32,24.46,26.16,205.32,27.44,4.35,1.0,32.38
5,5,1,32.92,25.22,29.32,24.46,258.88,9.26,8.59,1.0,36.8
6,5,1,32.38,32.92,25.22,29.32,319.08,43.23,5.94,1.0,32.38
6,5,1,36.8,32.38,32.92,25.22,218.36,20.71,12.02,1.0,27.86
6,5,1,32.38,36.8,32.38,32.92,179.69,20.9,5.96,1.0,31.68
6,5,1,27.86,32.38,36.8,32.38,138.9,38.44,6.47,1.0,33.04
7,5,1,31.68,27.86,32.38,36.8,172.81,21.71,9.59,3.0,30.56
7,5,1,33.04,31.68,27.86,32.38,186.71,21.93,3.65,3.0,27.5
7,5,1,30.56,33.04,31.68,27.86,260.15,47.23,6.69,3.0,26.94
7,5,1,27.5,30.56,33.04,31.68,374.02,17.64,4.86,3.0,25.94
8,5,1,26.94,27.5,30.56,33.04,139.25,29.34,4.22,3.0,32.22
8,5,1,25.94,26.94,27.5,30.56,155.32,38.45,4.1,3.0,65.38
8,5,1,32.22,25.94,26.94,27.5,121.68,29.67,8.22,3.0,34.62
8,5,1,65.38,32.22,25.94,26.94,153.41,42.43,8.59,3.0,29.56
9,5,1,34.62,65.38,32.22,25.94,148.26,42.28,6.0,1.0,31.34
9,5,1,29.56,34.62,65.38,32.22,336.99,20.71,3.39,1.0,26.26
9,5,1,31.34,29.56,34.62,65.38,163.78,47.14,5.08,1.0,28.18
9,5,1,26.26,31.34,29.56,34.62,191.18,34.11,4.08,1.0,27.44
10,5,1,28.18,26.26,31.34,29.56,197.83,28.05,4.39,2.0,26.6
10,5,1,27.44,28.18,26.26,31.34,306.28,38.66,4.47,2.0,42.04
10,5,1,26.6,27.44,28.18,26.26,133.59,31.0,3.63,2.0,37.32
10,5,1,42.04,26.6,27.44,28.18,159.55,37.8,5.71,2.0,31.54
11,5,1,37.32,42.04,26.6,27.44,179.46,20.88,3.73,3.0,29.82
11,5,1,31.54,37.32,42.04,26.6,159.62,33.14,5.61,3.0,27.7
11,5,1,29.82,31.54,37.32,42.04,196.12,37.13,6.67,3.0,28.2
11,5,1,27.7,29.82,31.54,37.32,322.71,39.21,5.2,3.0,31.22
12,5,1,28.2,27.7,29.82,31.54,249.41,43.64,5.41,3.0,35.92
12,5,1,31.22,28.2,27.7,29.82,192.46,25.1,7.84,3.0,29.58
12,5,1,35.92,31.22,28.2,27.7,334.67,20.49,6.49,3.0,28.94
12,5,1,29.58,35.92,31.22,28.2,331.03,6.91,6.35,3.0,25.94
13,5,1,28.94,29.58,35.92,31.22,342.79,38.04,7.65,80.0,26.4
13,5,1,25.94,28.94,29.58,35.92,395.17,32.5,3.2,80.0,27.8
13,5,1,26.4,25.94,28.94,29.58,307.39,28.21,4.1,80.0,26.62
13,5,1,27.8,26.4,25.94,28.94,193.2,18.47,3.73,3.0,38.0
14,5,1,26.62,27.8,26.4,25.94,310.22,33.47,2.43,81.0,83.04
14,5,1,38.0,26.62,27.8,26.4,88.61,15.79,10.78,81.0,36.54
0,6,1,83.04,38.0,26.62,27.8,40.03,6.35,11.77,3.0,27.54
0,6,1,36.54,83.04,38.0,26.62,300.04,44.99,6.41,3.0,27.7
0,6,1,27.54,36.54,83.04,38.0,140.02,35.32,4.9,3.0,33.96
1,6,1,27.7,27.54,36.54,83.04,315.24,30.81,4.24,3.0,25.84
1,6,1,33.96,27.7,27.54,36.54,325.86,28.27,6.88,3.0,29.18
1,6,1,25.84,33.96,27.7,27.54,338.1,59.27,4.53,3.0,30.06
1,6,1,29.18,25.84,33.96,27.7,183.79,9.43,7.67,3.0,27.48
2,6,1,30.06,29.18,25.84,33.96,175.71,22.96,3.94,3.0,31.62
2,6,1,27.48,30.06,29.18,25.84,330.85,33.81,3.49,3.0,32.18
2,6,1,31.62,27.48,30.06,29.18,321.05,57.39,6.73,3.0,24.36
2,6,1,32.18,31.62,27.48,30.06,246.42,15.39,5.51,3.0,30.08
3,6,1,24.36,32.18,31.62,27.48,347.87,41.58,3.06,3.0,57.41
3,6,1,30.08,24.36,32.18,31.62,121.13,37.6,5.08,3.0,34.16
3,6,1,57.41,30.08,24.36,32.18,294.32,25.03,10.48,3.0,28.84
3,6,1,34.16,57.41,30.08,24.36,225.94,28.99,12.2,3.0,31.94
4,6,1,28.84,34.16,57.41,30.08,318.99,56.97,6.12,3.0,29.18
4,6,1,31.94,28.84,34.16,57.41,287.18,39.96,6.84,3.0,33.24
4,6,1,29.18,31.94,28.84,34.16,264.79,30.32,8.1,3.0,39.06
4,6,1,33.24,29.18,31.94,28.84,329.73,15.28,6.16,3.0,26.44
5,6,1,39.06,33.24,29.18,31.94,249.59,26.81,6.88,3.0,25.64
5,6,1,26.44,39.06,33.24,29.18,230.94,38.78,4.27,3.0,47.38
5,6,1,25.64,26.44,39.06,33.24,328.03,47.45,4.45,3.0,40.64
5,6,1,47.38,25.64,26.44,39.06,324.99,27.3,12.31,3.0,51.28
6,6,1,40.64,47.38,25.64,26.44,136.31,41.66,9.2,3.0,24.32
6,6,1,51.28,40.64,47.38,25.64,318.38,32.02,5.24,3.0,24.56
6,6,1,24.32,51.28,40.64,47.38,326.26,26.46,3.88,3.0,33.8
6,6,1,24.56,24.32,51.28,40.64,301.84,49.24,3.57,3.0,32.0
7,6,1,33.8,24.56,24.32,51.28,234.47,45.73,6.39,3.0,25.38
7,6,1,32.0,33.8,24.56,24.32,329.83,31.42,6.39,3.0,25.66
7,6,1,25.38,32.0,33.8,24.56,310.54,22.72,6.27,3.0,42.98
7,6,1,25.66,25.38,32.0,33.8,161.37,26.37,4.12,3.0,32.06
8,6,1,42.98,25.66,25.38,32.0,255.04,32.04,9.1,3.0,28.26
8,6,1,32.06,42.98,25.66,25.38,279.6,34.7,5.9,3.0,26.84
8,6,1,28.26,32.06,42.98,25.66,288.39,22.07,4.2,3.0,27.3
8,6,1,26.84,28.26,32.06,42.98,318.23,45.66,4.06,3.0,24.84
9,6,1,27.3,26.84,28.26,32.06,347.42,30.62,6.14,3.0,35.68
9,6,1,24.84,27.3,26.84,28.26,315.43,37.15,3.2,3.0,26.7
9,6,1,35.68,24.84,27.3,26.84,351.53,42.16,8.47,3.0,31.12
9,6,1,26.7,35.68,24.84,27.3,357.26,28.44,7.0,3.0,27.84
10,6,1,31.12,26.7,35.68,24.84,325.61,33.27,6.78,3.0,25.98
10,6,1,27.84,31.12,26.7,35.68,295.26,19.06,3.69,3.0,27.26
10,6,1,25.98,27.84,31.12,26.7,316.2,39.44,3.22,3.0,25.54
10,6,1,27.26,25.98,27.84,31.12,294.23,46.95,3.92,3.0,31.26
11,6,1,25.54,27.26,25.98,27.84,184.5,1.69,2.84,3.0,32.98
11,6,1,31.26,25.54,27.26,25.98,246.78,29.85,6.24,3.0,28.08
11,6,1,32.98,31.26,25.54,27.26,122.2,23.3,5.33,3.0,32.08
11,6,1,28.08,32.98,31.26,25.54,348.19,40.82,4.24,3.0,26.86
12,6,1,32.08,28.08,32.98,31.26,320.8,40.64,4.88,3.0,26.78
12,6,1,26.86,32.08,28.08,32.98,267.3,37.97,5.57,3.0,27.66
12,6,1,26.78,26.86,32.08,28.08,329.52,37.54,4.94,3.0,25.44
12,6,1,27.66,26.78,26.86,32.08,316.62,30.26,4.39,3.0,25.98
13,6,1,25.44,27.66,26.78,26.86,243.33,23.21,3.65,3.0,26.0
13,6,1,25.98,25.44,27.66,26.78,348.88,54.96,4.08,3.0,36.06
13,6,1,26.0,25.98,25.44,27.66,345.52,57.21,4.73,3.0,25.88
13,6,1,36.06,26.0,25.98,25.44,338.68,31.0,6.86,3.0,28.22
14,6,1,25.88,36.06,26.0,25.98,266.3,26.82,3.47,3.0,26.2
14,6,1,28.22,25.88,36.06,26.0,237.75,43.3,4.9,3.0,24.66
14,6,1,26.2,28.22,25.88,36.06,310.85,55.48,4.41,3.0,29.02
14,6,1,24.66,26.2,28.22,25.88,395.01,45.01,2.73,3.0,25.28
15,6,1,29.02,24.66,26.2,28.22,326.54,32.72,6.63,80.0,31.64
15,6,1,25.28,29.02,24.66,26.2,338.32,33.2,3.43,80.0,27.22
15,6,1,31.64,25.28,29.02,24.66,249.43,37.62,9.49,80.0,30.78
15,6,1,27.22,31.64,25.28,29.02,276.27,28.49,6.88,80.0,25.12
16,6,1,30.78,27.22,31.64,25.28,387.6,34.3,4.82,3.0,30.88
16,6,1,25.12,30.78,27.22,31.64,317.9,45.59,3.57,3.0,27.29
16,6,1,30.88,25.12,30.78,27.22,300.69,32.53,6.41,3.0,29.6
16,6,1,27.29,30.88,25.12,30.78,353.05,45.79,4.98,3.0,32.58
17,6,1,29.6,27.29,30.88,25.12,285.49,45.68,4.16,3.0,27.66
17,6,1,32.58,29.6,27.29,30.88,321.92,24.49,7.45,3.0,25.42
17,6,1,27.66,32.58,29.6,27.29,246.69,37.76,4.06,3.0,26.16
18,6,1,25.42,27.66,32.58,29.6,304.71,44.12,3.55,3.0,26.18
19,6,1,26.16,25.42,27.66,32.58,229.08,52.31,3.76,3.0,27.54
19,6,1,26.18,26.16,25.42,27.66,297.24,54.84,4.59,3.0,26.84
19,6,1,27.54,26.18,26.16,25.42,244.67,33.64,5.04,3.0,25.7
19,6,1,26.84,27.54,26.18,26.16,170.79,25.98,5.29,3.0,24.68
20,6,1,25.7,26.84,27.54,26.18,308.18,44.86,3.37,80.0,33.94
20,6,1,24.68,25.7,26.84,27.54,371.8,29.03,4.41,80.0,24.66
20,6,1,33.94,24.68,25.7,26.84,295.6,31.63,8.76,80.0,26.92
20,6,1,24.66,33.94,24.68,25.7,345.64,13.74,3.47,80.0,29.24
21,6,1,26.92,24.66,33.94,24.68,343.73,49.82,4.8,3.0,24.84
21,6,1,29.24,26.92,24.66,33.94,248.95,57.91,4.12,3.0,25.16
21,6,1,24.84,29.24,26.92,24.66,306.87,32.4,4.1,3.0,28.76
21,6,1,25.16,24.84,29.24,26.92,340.08,35.02,3.67,3.0,28.38
22,6,1,28.76,25.16,24.84,29.24,274.71,12.64,4.6,3.0,24.4
22,6,1,28.38,28.76,25.16,24.84,142.5,21.39,7.2,3.0,26.42
22,6,1,24.4,28.38,28.76,25.16,332.64,35.43,3.27,3.0,26.82
22,6,1,26.42,24.4,28.38,28.76,224.08,28.19,4.49,3.0,28.28
23,6,1,26.82,26.42,24.4,28.38,311.93,47.12,5.59,3.0,26.98
23,6,1,28.28,26.82,26.42,24.4,281.23,42.47,5.73,3.0,27.12
23,6,1,26.98,28.28,26.82,26.42,386.89,43.62,5.02,3.0,25.46
23,6,1,27.12,26.98,28.28,26.82,326.25,42.13,4.55,3.0,27.14
0,0,0,25.46,27.12,26.98,28.28,334.74,55.32,3.43,3.0,28.06
0,0,0,27.14,25.46,27.12,26.98,335.81,39.41,5.59,3.0,24.7
0,0,0,28.06,27.14,25.46,27.12,336.49,52.24,5.52,3.0,27.96
0,0,0,24.7,28.06,27.14,25.46,352.77,34.29,3.86,3.0,24.74
1,0,0,27.96,24.7,28.06,27.14,290.57,39.63,7.12,3.0,24.38
1,0,0,24.74,27.96,24.7,28.06,309.05,60.58,3.37,3.0,25.6
1,0,0,24.38,24.74,27.96,24.7,243.8,33.65,2.73,3.0,23.88
1,0,0,25.6,24.38,24.74,27.96,183.14,43.91,4.1,3.0,28.8
2,0,0,23.88,25.6,24.38,24.74,287.07,37.66,2.49,3.0,28.2
2,0,0,28.8,23.88,25.6,24.38,246.93,33.2,4.63,3.0,24.04
2,0,0,28.2,28.8,23.88,25.6,328.31,58.43,6.59,3.0,25.32
2,0,0,24.04,28.2,28.8,23.88,242.15,47.58,3.65,3.0,30.6
3,0,0,25.32,24.04,28.2,28.8,330.97,18.83,4.0,3.0,28.02
3,0,0,30.6,25.32,24.04,28.2,295.94,28.3,4.47,3.0,28.24
3,0,0,28.02,30.6,25.32,24.04,334.7,10.02,3.33,3.0,25.74
3,0,0,28.24,28.02,30.6,25.32,320.97,32.29,4.96,3.0,23.98
4,0,0,25.74,28.24,28.02,30.6,298.3,21.92,4.24,3.0,31.56
4,0,0,23.98,25.74,28.24,28.02,338.26,39.39,3.47,3.0,28.04
4,0,0,31.56,23.98,25.74,28.24,304.65,46.83,10.39,3.0,23.42
4,0,0,28.04,31.56,23.98,25.74,276.3,29.79,4.84,3.0,26.04
5,0,0,23.42,28.04,31.56,23.98,306.04,40.37,3.31,3.0,27.7
5,0,0,26.04,23.42,28.04,31.56,344.17,23.54,5.63,3.0,25.72
5,0,0,27.7,26.04,23.42,28.04,191.16,35.25,4.57,3.0,27.32
5,0,0,25.72,27.7,26.04,23.42,275.46,33.72,5.35,3.0,26.34
6,0,0,27.32,25.72,27.7,26.04,278.21,38.28,4.04,3.0,26.8
6,0,0,26.34,27.32,25.72,27.7,336.94,42.71,3.73,3.0,30.96
6,0,0,26.8,26.34,27.32,25.72,143.15,32.33,3.27,3.0,26.82
6,0,0,30.96,26.8,26.34,27.32,240.83,24.93,7.86,3.0,24.98
7,0,0,26.82,30.96,26.8,26.34,330.68,55.28,5.86,3.0,28.44
7,0,0,24.98,26.82,30.96,26.8,313.66,29.72,4.24,3.0,25.22
7,0,0,28.44,24.98,26.82,30.96,236.47,35.12,5.78,3.0,26.12
7,0,0,25.22,28.44,24.98,26.82,399.55,34.38,3.37,3.0,24.54
8,0,0,26.12,25.22,28.44,24.98,388.0,35.83,4.27,3.0,27.86
8,0,0,24.54,26.12,25.22,28.44,317.44,34.64,4.12,3.0,26.62
8,0,0,27.86,24.54,26.12,25.22,336.55,21.27,5.1,3.0,35.34
8,0,0,26.62,27.86,24.54,26.12,245.65,38.25,4.35,3.0,27.12
9,0,0,35.34,26.62,27.86,24.54,188.91,24.64,4.06,3.0,24.7
9,0,0,27.12,35.34,26.62,27.86,343.32,44.65,4.96,3.0,23.5
9,0,0,24.7,27.12,35.34,26.62,257.29,35.67,3.06,3.0,31.02
9,0,0,23.5,24.7,27.12,35.34,297.65,41.84,2.35,3.0,31.58
10,0,0,31.02,23.5,24.7,27.12,229.27,29.16,6.71,3.0,24.14
10,0,0,31.58,31.02,23.5,24.7,282.87,35.04,5.69,3.0,29.5
10,0,0,24.14,31.58,31.02,23.5,397.05,30.1,3.49,3.0,27.52
10,0,0,29.5,24.14,31.58,31.02,304.7,40.08,5.45,3.0,28.28
11,0,0,27.52,29.5,24.14,31.58,250.0,38.88,5.1,3.0,26.86
11,0,0,28.28,27.52,29.5,24.14,233.18,30.67,5.76,3.0,26.5
11,0,0,26.86,28.28,27.52,29.5,224.34,38.8,3.55,3.0,24.38
11,0,0,26.5,26.86,28.28,27.52,123.83,35.38,5.61,3.0,26.7
12,0,0,24.38,26.5,26.86,28.28,254.9,23.45,3.29,61.0,28.76
12,0,0,26.7,24.38,26.5,26.86,248.7,23.56,4.41,61.0,26.02
12,0,0,28.76,26.7,24.38,26.5,108.67,30.32,4.9,61.0,28.34
12,0,0,26.02,28.76,26.7,24.38,257.78,36.89,5.14,61.0,26.46
13,0,0,28.34,26.02,28.76,26.7,239.28,44.46,6.53,61.0,25.92
13,0,0,26.46,28.34,26.02,28.76,247.04,30.28,4.1,61.0,24.31
13,0,0,25.92,26.46,28.34,26.02,263.37,38.71,4.16,61.0,27.72
13,0,0,24.31,25.92,26.46,28.34,258.3,40.5,4.06,3.0,25.18
14,0,0,27.72,24.31,25.92,26.46,270.62,43.21,4.16,80.0,28.8
14,0,0,25.18,27.72,24.31,25.92,210.18,34.76,5.27,80.0,44.32
14,0,0,28.8,25.18,27.72,24.31,198.42,43.87,8.71,80.0,38.66
15,0,0,44.32,28.8,25.18,27.72,87.87,31.23,5.47,3.0,27.96
15,0,0,38.66,44.32,28.8,25.18,226.92,35.16,8.02,3.0,29.02
15,0,0,27.96,38.66,44.32,28.8,222.14,33.72,4.94,3.0,30.35
15,0,0,29.02,27.96,38.66,44.32,93.44,27.73,5.02,3.0,28.28
16,0,0,30.35,29.02,27.96,38.66,202.67,37.28,5.98,80.0,26.02
16,0,0,28.28,30.35,29.02,27.96,223.4,34.05,3.39,80.0,31.94
16,0,0,26.02,28.28,30.35,29.02,140.47,42.92,3.84,80.0,25.68
16,0,0,31.94,26.02,28.28,30.35,149.86,33.1,3.86,80.0,24.89
17,0,0,25.68,31.94,26.02,28.28,262.59,46.53,4.27,95.0,25.88
17,0,0,24.89,25.68,31.94,26.02,289.69,39.32,4.71,95.0,25.64
17,0,0,25.88,24.89,25.68,31.94,323.23,44.9,5.18,95.0,32.36
17,0,0,25.64,25.88,24.89,25.68,195.68,30.43,3.96,95.0,94.4
18,0,0,32.36,25.64,25.88,24.89,256.82,16.15,9.71,95.0,27.48
18,0,0,94.4,32.36,25.64,25.88,32.33,36.33,10.9,95.0,25.3
18,0,0,27.48,94.4,32.36,25.64,183.61,34.31,5.14,95.0,29.22
18,0,0,25.3,27.48,94.4,32.36,95.13,25.18,3.22,95.0,27.38
19,0,0,29.22,25.3,27.48,94.4,139.29,31.29,5.78,61.0,25.35
19,0,0,27.38,29.22,25.3,27.48,203.81,24.84,3.86,61.0,24.86
19,0,0,25.35,27.38,29.22,25.3,228.92,38.89,4.38,61.0,28.5
19,0,0,24.86,25.35,27.38,29.22,176.5,34.04,2.9,61.0,32.76
20,0,0,28.5,24.86,25.35,27.38,277.61,47.08,4.8,61.0,25.26
20,0,0,32.76,28.5,24.86,25.35,121.87,30.39,7.55,61.0,26.86
20,0,0,25.26,32.76,28.5,24.86,244.87,31.97,3.8,61.0,30.56
20,0,0,26.86,25.26,32.76,28.5,233.35,39.57,3.84,61.0,26.32
21,0,0,30.56,26.86,25.26,32.76,226.71,37.94,3.9,3.0,26.38
21,0,0,26.32,30.56,26.86,25.26,325.92,33.32,3.04,3.0,40.72
21,0,0,26.38,26.32,30.56,26.86,243.27,45.73,5.14,3.0,26.54
21,0,0,40.72,26.38,26.32,30.56,253.96,31.3,7.61,3.0,27.12
22,0,0,26.54,40.72,26.38,26.32,261.67,29.5,5.63,80.0,30.64
22,0,0,27.12,26.54,40.72,26.38,302.97,38.58,7.06,80.0,25.38
22,0,0,30.64,27.12,26.54,40.72,330.16,31.02,10.14,80.0,27.94
22,0,0,25.38,30.64,27.12,26.54,289.23,27.96,4.96,80.0,26.43
23,0,0,27.94,25.38,30.64,27.12,157.43,43.76,4.88,3.0,42.46
23,0,0,26.43,27.94,25.38,30.64,242.81,30.4,4.74,3.0,26.16
23,0,0,42.46,26.43,27.94,25.38,159.41,29.37,9.35,3.0,24.06
23,0,0,26.16,42.46,26.43,27.94,354.5,41.24,3.65,3.0,29.42
0,1,0,24.06,26.16,42.46,26.43,296.29,49.1,2.51,3.0,27.04
0,1,0,29.42,24.06,26.16,42.46,281.34,29.47,4.78,3.0,25.16
0,1,0,27.04,29.42,24.06,26.16,287.09,42.37,6.41,3.0,28.82
0,1,0,25.16,27.04,29.42,24.06,342.94,33.2,5.0,3.0,24.82
1,1,0,28.82,25.16,27.04,29.42,181.48,44.22,4.69,3.0,41.22
1,1,0,24.82,28.82,25.16,27.04,319.09,35.13,3.27,3.0,25.48
1,1,0,41.22,24.82,28.82,25.16,221.69,20.63,8.63,3.0,32.49
1,1,0,25.48,41.22,24.82,28.82,305.92,38.8,3.71,3.0,25.32
2,1,0,32.49,25.48,41.22,24.82,320.0,47.69,6.0,61.0,25.84
2,1,0,25.32,32.49,25.48,41.22,280.13,46.48,3.61,61.0,32.02
2,1,0,25.84,25.32,32.49,25.48,290.01,40.98,5.65,61.0,28.54
2,1,0,32.02,25.84,25.32,32.49,248.4,27.8,7.22,61.0,28.54
3,1,0,28.54,32.02,25.84,25.32,314.45,27.55,6.47,61.0,45.5
3,1,0,28.54,28.54,32.02,25.84,245.46,27.3,9.04,61.0,24.62
3,1,0,45.5,28.54,28.54,32.02,238.38,37.92,7.06,61.0,25.86
3,1,0,24.62,45.5,28.54,28.54,277.0,33.67,3.1,61.0,27.74
4,1,0,25.86,24.62,45.5,28.54,327.2,40.38,3.94,3.0,27.74
4,1,0,27.74,25.86,24.62,45.5,246.28,7.4,4.76,3.0,26.46
4,1,0,27.74,27.74,25.86,24.62,321.75,19.54,6.33,3.0,28.0
4,1,0,26.46,27.74,27.74,25.86,272.94,33.32,4.71,3.0,25.2
5,1,0,28.0,26.46,27.74,27.74,78.04,31.91,4.08,3.0,23.5
5,1,0,25.2,28.0,26.46,27.74,217.49,35.61,3.22,3.0,24.7
5,1,0,23.5,25.2,28.0,26.46,190.8,37.93,1.96,3.0,28.7
5,1,0,24.7,23.5,25.2,28.0,316.64,47.22,3.27,3.0,42.86
6,1,0,28.7,24.7,23.5,25.2,168.23,28.2,6.78,3.0,27.12
6,1,0,42.86,28.7,24.7,23.5,286.65,7.45,6.24,3.0,27.0
6,1,0,27.12,42.86,28.7,24.7,341.31,32.18,5.53,3.0,28.08
6,1,0,27.0,27.12,42.86,28.7,216.76,9.14,3.94,3.0,32.3
7,1,0,28.08,27.0,27.12,42.86,251.32,27.14,5.06,3.0,30.08
7,1,0,32.3,28.08,27.0,27.12,147.95,16.21,9.92,3.0,27.3
7,1,0,30.08,32.3,28.08,27.0,203.62,31.38,6.8,3.0,27.38
7,1,0,27.3,30.08,32.3,28.08,165.29,26.51,4.02,3.0,27.36
8,1,0,27.38,27.3,30.08,32.3,238.82,24.92,2.39,3.0,31.8
8,1,0,27.36,27.38,27.3,30.08,236.15,29.07,4.59,3.0,27.44
8,1,0,31.8,27.36,27.38,27.3,239.43,34.49,8.24,3.0,26.52
8,1,0,27.44,31.8,27.36,27.38,287.93,25.0,6.37,3.0,26.96
9,1,0,26.52,27.44,31.8,27.36,295.83,14.87,4.78,3.0,30.04
9,1,0,26.96,26.52,27.44,31.8,341.38,31.84,5.53,3.0,26.46
9,1,0,30.04,26.96,26.52,27.44,253.56,39.13,5.98,3.0,34.0
9,1,0,26.46,30.04,26.96,26.52,163.14,10.94,4.94,3.0,26.72
10,1,0,34.0,26.46,30.04,26.96,258.53,50.58,11.33,3.0,25.9
10,1,0,26.72,34.0,26.46,30.04,252.66,26.74,5.51,3.0,26.68
10,1,0,25.9,26.72,34.0,26.46,365.25,39.74,4.96,3.0,25.08
10,1,0,26.68,25.9,26.72,34.0,225.53,27.24,5.41,3.0,29.4
11,1,0,25.08,26.68,25.9,26.72,312.73,14.84,3.41,3.0,26.72
11,1,0,29.4,25.08,26.68,25.9,208.0,35.67,5.45,3.0,25.86
11,1,0,26.72,29.4,25.08,26.68,277.25,29.1,7.49,3.0,27.28
11,1,0,25.86,26.72,29.4,25.08,347.57,25.0,3.69,3.0,25.76
12,1,0,27.28,25.86,26.72,29.4,312.94,37.71,5.06,3.0,27.68
12,1,0,25.76,27.28,25.86,26.72,249.88,38.38,4.84,3.0,25.7
12,1,0,27.68,25.76,27.28,25.86,117.4,46.74,6.92,3.0,27.44
12,1,0,25.7,27.68,25.76,27.28,321.64,24.08,4.71,3.0,25.92
13,1,0,27.44,25.7,27.68,25.76,288.84,42.65,4.55,81.0,25.88
13,1,0,25.92,27.44,25.7,27.68,308.76,33.0,4.27,81.0,26.76
13,1,0,25.88,25.92,27.44,25.7,219.71,39.62,3.4,81.0,25.66
13,1,0,26.76,25.88,25.92,27.44,137.08,41.78,5.76,81.0,27.88
14,1,0,25.66,26.76,25.88,25.92,278.93,36.51,4.53,81.0,24.44
14,1,0,27.88,25.66,26.76,25.88,344.39,33.11,4.82,80.0,30.82
14,1,0,24.44,27.88,25.66,26.76,154.6,50.88,2.9,80.0,25.84
14,1,0,30.82,24.44,27.88,25.66,347.82,35.26,8.65,80.0,29.52
15,1,0,25.84,30.82,24.44,27.88,284.73,36.94,3.59,61.0,28.7
15,1,0,29.52,25.84,30.82,24.44,379.59,49.44,6.61,61.0,28.78
15,1,0,28.7,29.52,25.84,30.82,228.11,44.93,4.55,61.0,35.84
15,1,0,28.78,28.7,29.52,25.84,236.1,41.81,13.29,61.0,29.26
16,1,0,35.84,28.78,28.7,29.52,264.95,55.8,21.63,3.0,25.96
16,1,0,29.26,35.84,28.78,28.7,275.12,31.8,12.53,3.0,28.86
16,1,0,25.96,29.26,35.84,28.78,180.32,37.2,3.69,3.0,28.44
16,1,0,28.86,25.96,29.26,35.84,196.15,46.39,6.51,3.0,26.54
17,1,0,28.44,28.86,25.96,29.26,202.53,44.43,6.33,3.0,27.58
17,1,0,26.54,28.44,28.86,25.96,231.07,32.08,5.63,3.0,35.22
17,1,0,27.58,26.54,28.44,28.86,109.97,36.25,3.49,3.0,25.48
17,1,0,35.22,27.58,26.54,28.44,186.44,39.02,5.53,3.0,36.7
18,1,0,25.48,35.22,27.58,26.54,275.85,37.25,3.57,3.0,26.62
18,1,0,36.7,25.48,35.22,27.58,142.58,25.07,25.92,3.0,25.4
18,1,0,26.62,36.7,25.48,35.22,167.03,51.76,4.47,3.0,31.1
18,1,0,25.4,26.62,36.7,25.48,331.94,48.61,3.82,3.0,28.3
19,1,0,31.1,25.4,26.62,36.7,289.93,38.97,8.0,3.0,29.06
19,1,0,28.3,31.1,25.4,26.62,299.35,34.84,5.49,3.0,24.18
19,1,0,29.06,28.3,31.1,25.4,250.92,17.74,5.06,3.0,28.62
19,1,0,24.18,29.06,28.3,31.1,271.35,18.62,3.88,3.0,27.02
20,1,0,28.62,24.18,29.06,28.3,318.26,18.25,8.57,2.0,25.54
20,1,0,27.02,28.62,24.18,29.06,168.95,43.3,3.59,2.0,29.54
20,1,0,25.54,27.02,28.62,24.18,304.63,33.71,3.98,2.0,33.33
20,1,0,29.54,25.54,27.02,28.62,168.51,54.55,7.18,2.0,27.52
21,1,0,33.33,29.54,25.54,27.02,305.43,58.29,7.25,3.0,25.68
21,1,0,27.52,33.33,29.54,25.54,241.37,45.43,4.08,3.0,25.4
21,1,0,25.68,27.52,33.33,29.54,292.14,42.59,4.92,3.0,26.96
21,1,0,25.4,25.68,27.52,33.33,344.54,27.18,3.39,3.0,28.5
22,1,0,26.96,25.4,25.68,27.52,120.16,29.12,3.55,0.0,25.66
22,1,0,28.5,26.96,25.4,25.68,155.4,43.62,3.9,0.0,29.02
22,1,0,25.66,28.5,26.96,25.4,334.96,49.41,5.88,0.0,29.96
22,1,0,29.02,25.66,28.5,26.96,308.83,44.21,5.31,0.0,28.52
23,1,0,29.96,29.02,25.66,28.5,157.91,24.71,6.53,3.0,25.32
23,1,0,28.52,29.96,29.02,25.66,232.03,39.84,6.24,3.0,25.82
23,1,0,25.32,28.52,29.96,29.02,303.11,19.88,4.84,3.0,24.78
23,1,0,25.82,25.32,28.52,29.96,142.91,40.96,4.73,3.0,25.6
0,2,0,24.78,25.82,25.32,28.52,127.56,36.35,3.18,3.0,26.59
0,2,0,25.6,24.78,25.82,25.32,328.82,38.19,3.1,3.0,24.92
0,2,0,26.59,25.6,24.78,25.82,320.85,35.39,5.69,3.0,26.34
0,2,0,24.92,26.59,25.6,24.78,319.83,39.48,3.67,3.0,27.38
1,2,0,26.34,24.92,26.59,25.6,291.75,39.31,5.41,3.0,28.8
1,2,0,27.38,26.34,24.92,26.59,341.62,40.26,6.43,3.0,24.86
1,2,0,28.8,27.38,26.34,24.92,156.56,36.86,7.27,3.0,25.62
1,2,0,24.86,28.8,27.38,26.34,175.34,38.8,3.69,3.0,25.74
2,2,0,25.62,24.86,28.8,27.38,335.18,50.53,3.88,3.0,26.54
2,2,0,25.74,25.62,24.86,28.8,182.24,56.89,3.59,3.0,28.12
2,2,0,26.54,25.74,25.62,24.86,321.21,44.59,3.57,3.0,27.84
2,2,0,28.12,26.54,25.74,25.62,197.99,37.43,5.02,3.0,27.5
3,2,0,27.84,28.12,26.54,25.74,284.22,30.57,5.04,3.0,24.84
3,2,0,27.5,27.84,28.12,26.54,280.26,41.0,6.73,3.0,29.76
3,2,0,24.84,27.5,27.84,28.12,196.66,40.34,3.33,3.0,24.28
3,2,0,29.76,24.84,27.5,27.84,236.47,47.9,6.12,3.0,28.68
4,2,0,24.28,29.76,24.84,27.5,243.87,36.9,2.47,3.0,27.32
4,2,0,28.68,24.28,29.76,24.84,269.44,44.86,5.08,3.0,28.36
4,2,0,27.32,28.68,24.28,29.76,221.79,30.75,5.12,3.0,24.74
4,2,0,28.36,27.32,28.68,24.28,170.97,21.5,5.71,3.0,25.42
5,2,0,24.74,28.36,27.32,28.68,129.73,31.84,3.67,3.0,27.18
5,2,0,25.42,24.74,28.36,27.32,91.63,11.0,4.73,3.0,29.66
5,2,0,27.18,25.42,24.74,28.36,346.72,26.27,4.67,3.0,25.82
5,2,0,29.66,27.18,25.42,24.74,85.62,30.03,6.41,3.0,26.04
6,2,0,25.82,29.66,27.18,25.42,111.42,38.44,2.96,3.0,28.5
6,2,0,26.04,25.82,29.66,27.18,281.64,31.21,3.76,3.0,42.44
6,2,0,28.5,26.04,25.82,29.66,147.32,7.87,6.41,3.0,30.14
6,2,0,42.44,28.5,26.04,25.82,112.43,29.45,8.76,3.0,25.38
7,2,0,30.14,42.44,28.5,26.04,179.89,53.7,5.06,3.0,26.2
7,2,0,25.38,30.14,42.44,28.5,88.82,36.04,4.18,3.0,26.5
7,2,0,26.2,25.38,30.14,42.44,125.09,32.28,5.06,3.0,26.36
7,2,0,26.5,26.2,25.38,30.14,268.54,35.0,3.8,3.0,26.12
8,2,0,26.36,26.5,26.2,25.38,251.03,35.17,4.9,3.0,26.08
8,2,0,26.12,26.36,26.5,26.2,151.71,34.03,3.47,3.0,26.34
8,2,0,26.08,26.12,26.36,26.5,143.1,40.7,5.0,3.0,26.44
8,2,0,26.34,26.08,26.12,26.36,174.55,43.5,3.8,3.0,31.06
9,2,0,26.44,26.34,26.08,26.12,116.21,22.61,3.76,3.0,35.22
9,2,0,31.06,26.44,26.34,26.08,329.65,29.13,3.94,3.0,24.32
9,2,0,35.22,31.06,26.44,26.34,294.38,34.32,8.86,3.0,24.36
9,2,0,24.32,35.22,31.06,26.44,111.7,32.53,2.39,3.0,28.22
10,2,0,24.36,24.32,35.22,31.06,307.68,32.57,3.65,3.0,24.08
10,2,0,28.22,24.36,24.32,35.22,217.82,19.55,3.53,3.0,29.18
10,2,0,24.08,28.22,24.36,24.32,307.31,48.83,2.84,3.0,25.76
10,2,0,29.18,24.08,28.22,24.36,222.83,45.74,8.73,3.0,24.98
11,2,0,25.76,29.18,24.08,28.22,141.9,24.07,5.92,3.0,26.14
11,2,0,24.98,25.76,29.18,24.08,285.34,47.69,3.41,3.0,29.82
11,2,0,26.14,24.98,25.76,29.18,190.28,45.79,5.16,3.0,24.4
11,2,0,29.82,26.14,24.98,25.76,98.4,25.86,6.18,3.0,26.58
12,2,0,24.4,29.82,26.14,24.98,241.83,34.03,3.43,3.0,27.0
12,2,0,26.58,24.4,29.82,26.14,333.68,47.3,4.65,3.0,24.32
12,2,0,27.0,26.58,24.4,29.82,101.82,8.09,3.9,3.0,24.88
12,2,0,24.32,27.0,26.58,24.4,198.91,34.03,3.94,3.0,26.98
13,2,0,24.88,24.32,27.0,26.58,171.94,39.63,3.53,3.0,31.42
13,2,0,26.98,24.88,24.32,27.0,145.45,24.7,6.06,3.0,25.24
13,2,0,31.42,26.98,24.88,24.32,136.04,28.05,7.69,3.0,26.34
13,2,0,25.24,31.42,26.98,24.88,169.64,36.93,3.67,3.0,26.54
14,2,0,26.34,25.24,31.42,26.98,134.16,34.32,5.51,3.0,27.64
14,2,0,26.54,26.34,25.24,31.42,148.37,39.27,4.18,3.0,24.74
14,2,0,27.64,26.54,26.34,25.24,174.58,28.89,5.59,3.0,27.08
14,2,0,24.74,27.64,26.54,26.34,110.82,27.77,4.04,3.0,26.92
15,2,0,27.08,24.74,27.64,26.54,89.54,14.51,4.12,3.0,24.72
15,2,0,26.92,27.08,24.74,27.64,201.64,44.47,5.24,3.0,24.66
15,2,0,24.72,26.92,27.08,24.74,327.82,38.6,3.35,3.0,26.9
15,2,0,24.66,24.72,26.92,27.08,259.1,25.85,3.47,3.0,24.58
16,2,0,26.9,24.66,24.72,26.92,193.43,57.43,3.9,3.0,26.12
16,2,0,24.58,26.9,24.66,24.72,284.25,49.96,3.84,3.0,31.02
16,2,0,26.12,24.58,26.9,24.66,253.73,42.28,4.35,3.0,24.44
16,2,0,31.02,26.12,24.58,26.9,333.5,43.7,14.41,3.0,29.54
17,2,0,24.44,31.02,26.12,24.58,101.35,28.32,3.63,80.0,50.98
17,2,0,29.54,24.44,31.02,26.12,279.29,24.55,5.9,80.0,55.78
17,2,0,50.98,29.54,24.44,31.02,79.91,32.44,7.16,80.0,45.6
17,2,0,55.78,50.98,29.54,24.44,207.38,20.69,10.14,80.0,39.56
18,2,0,45.6,55.78,50.98,29.54,94.69,28.33,6.51,3.0,26.3
18,2,0,39.56,45.6,55.78,50.98,247.32,38.94,4.76,3.0,26.02
18,2,0,26.3,39.56,45.6,55.78,159.43,35.49,3.1,3.0,25.84
18,2,0,26.02,26.3,39.56,45.6,66.83,38.15,5.43,3.0,24.8
19,2,0,25.84,26.02,26.3,39.56,182.36,25.8,4.08,3.0,34.86
19,2,0,24.8,25.84,26.02,26.3,92.86,36.32,3.35,3.0,28.22
19,2,0,34.86,24.8,25.84,26.02,210.54,43.22,8.22,3.0,30.0
19,2,0,28.22,34.86,24.8,25.84,285.22,29.17,3.57,3.0,35.5
21,2,0,30.0,28.22,34.86,24.8,245.39,40.66,13.06,0.0,35.82
21,2,0,35.5,30.0,28.22,34.86,170.88,45.37,7.2,0.0,55.42
21,2,0,35.82,35.5,30.0,28.22,303.25,31.8,5.84,0.0,32.38
21,2,0,55.42,35.82,35.5,30.0,132.87,16.5,8.33,0.0,27.02
22,2,0,32.38,55.42,35.82,35.5,310.72,49.96,5.9,0.0,28.84
22,2,0,27.02,32.38,55.42,35.82,238.43,39.52,5.63,0.0,29.2
22,2,0,28.84,27.02,32.38,55.42,123.77,29.76,7.1,0.0,36.02
22,2,0,29.2,28.84,27.02,32.38,290.31,24.54,7.27,0.0,25.4
23,2,0,36.02,29.2,28.84,27.02,319.2,28.35,10.49,1.0,25.6
23,2,0,25.4,36.02,29.2,28.84,89.88,32.9,4.14,1.0,26.1
23,2,0,25.6,25.4,36.02,29.2,210.61,14.43,3.9,1.0,24.78
23,2,0,26.1,25.6,25.4,36.02,240.98,44.77,6.27,1.0,32.96
0,3,0,24.78,26.1,25.6,25.4,324.9,40.59,2.18,2.0,31.92
0,3,0,32.96,24.78,26.1,25.6,275.2,34.81,6.82,2.0,26.96
0,3,0,31.92,32.96,24.78,26.1,272.9,46.67,4.1,2.0,28.96
0,3,0,26.96,31.92,32.96,24.78,185.63,23.26,5.71,2.0,34.78
1,3,0,28.96,26.96,31.92,32.96,207.92,35.32,6.2,1.0,24.34
1,3,0,34.78,28.96,26.96,31.92,168.01,54.46,9.2,1.0,25.72
1,3,0,24.34,34.78,28.96,26.96,297.72,33.56,3.63,1.0,35.6
1,3,0,25.72,24.34,34.78,28.96,157.71,30.56,3.71,1.0,30.4
2,3,0,35.6,25.72,24.34,34.78,316.69,19.75,7.35,3.0,125.08
2,3,0,30.4,35.6,25.72,24.34,187.69,39.26,7.04,3.0,121.26
2,3,0,125.08,30.4,35.6,25.72,304.27,37.6,6.2,3.0,119.62
2,3,0,121.26,125.08,30.4,35.6,395.93,58.33,5.49,3.0,121.46
3,3,0,119.62,121.26,125.08,30.4,93.48,5.24,4.59,3.0,119.02
3,3,0,121.46,119.62,121.26,125.08,280.0,35.48,6.98,3.0,27.88
3,3,0,119.02,121.46,119.62,121.26,241.18,32.23,3.78,3.0,29.42
3,3,0,27.88,119.02,121.46,119.62,328.79,22.96,4.22,3.0,37.98
4,3,0,29.42,27.88,119.02,121.46,162.4,32.03,7.2,3.0,28.42
4,3,0,37.98,29.42,27.88,119.02,138.22,45.59,6.73,3.0,24.1
4,3,0,28.42,37.98,29.42,27.88,201.84,44.77,5.0,3.0,25.92
4,3,0,24.1,28.42,37.98,29.42,327.45,50.53,2.39,3.0,38.5
5,3,0,25.92,24.1,28.42,37.98,302.15,42.23,4.69,3.0,25.7
5,3,0,38.5,25.92,24.1,28.42,353.09,28.77,9.24,3.0,32.14
5,3,0,25.7,38.5,25.92,24.1,277.33,32.1,4.59,3.0,27.78
5,3,0,32.14,25.7,38.5,25.92,347.4,11.71,6.33,3.0,33.28
6,3,0,27.78,32.14,25.7,38.5,320.95,28.25,4.84,2.0,28.82
6,3,0,33.28,27.78,32.14,25.7,220.25,27.96,7.33,2.0,31.56
6,3,0,28.82,33.28,27.78,32.14,233.57,18.42,4.86,2.0,29.38
6,3,0,31.56,28.82,33.28,27.78,291.07,23.77,5.61,2.0,30.7
7,3,0,29.38,31.56,28.82,33.28,292.03,31.17,5.67,2.0,39.12
7,3,0,30.7,29.38,31.56,28.82,243.3,20.22,9.39,2.0,30.14
7,3,0,39.12,30.7,29.38,31.56,330.37,45.89,9.96,2.0,31.5
7,3,0,30.14,39.12,30.7,29.38,349.37,37.88,5.22,2.0,29.32
8,3,0,31.5,30.14,39.12,30.7,262.52,45.11,9.57,1.0,33.68
8,3,0,29.32,31.5,30.14,39.12,220.51,48.94,6.49,0.0,28.54
8,3,0,33.68,29.32,31.5,30.14,171.37,25.51,7.9,0.0,28.4
8,3,0,28.54,33.68,29.32,31.5,319.6,56.04,4.65,0.0,31.74
9,3,0,28.4,28.54,33.68,29.32,292.68,54.43,6.78,1.0,29.88
9,3,0,31.74,28.4,28.54,33.68,275.74,32.21,4.31,1.0,26.74
9,3,0,29.88,31.74,28.4,28.54,345.67,36.71,4.55,1.0,33.72
9,3,0,26.74,29.88,31.74,28.4,125.33,23.51,4.8,1.0,27.64
10,3,0,33.72,26.74,29.88,31.74,287.28,21.4,4.35,1.0,27.28
10,3,0,27.64,33.72,26.74,29.88,241.59,42.63,4.73,1.0,27.52
10,3,0,27.28,27.64,33.72,26.74,302.13,24.19,5.22,1.0,26.6
10,3,0,27.52,27.28,27.64,33.72,282.94,28.6,2.71,1.0,30.08
11,3,0,26.6,27.52,27.28,27.64,289.94,11.32,6.39,1.0,31.24
11,3,0,30.08,26.6,27.52,27.28,186.04,46.87,5.82,1.0,28.22
11,3,0,31.24,30.08,26.6,27.52,319.77,45.78,3.35,1.0,33.02
11,3,0,28.22,31.24,30.08,26.6,343.02,52.51,7.27,1.0,28.18
12,3,0,33.02,28.22,31.24,30.08,53.44,11.76,6.57,1.0,26.7
12,3,0,28.18,33.02,28.22,31.24,118.87,9.09,4.62,1.0,28.48
12,3,0,26.7,28.18,33.02,28.22,110.68,12.87,3.2,1.0,27.64
12,3,0,28.48,26.7,28.18,33.02,48.7,10.19,7.53,1.0,27.92
13,3,0,27.64,28.48,26.7,28.18,163.94,11.11,3.29,2.0,27.36
13,3,0,27.92,27.64,28.48,26.7,52.89,12.18,6.96,2.0,26.58
13,3,0,27.36,27.92,27.64,28.48,145.01,10.44,4.92,2.0,25.66
13,3,0,26.58,27.36,27.92,27.64,107.82,12.18,5.1,2.0,45.28
14,3,0,25.66,26.58,27.36,27.92,266.57,13.29,4.51,0.0,26.22
14,3,0,45.28,25.66,26.58,27.36,181.44,11.99,10.08,0.0,31.4
14,3,0,26.22,45.28,25.66,26.58,69.39,32.64,3.82,0.0,25.78
14,3,0,31.4,26.22,45.28,25.66,229.58,30.53,5.04,0.0,25.12
15,3,0,25.78,31.4,26.22,45.28,103.29,9.64,3.0,1.0,26.08
15,3,0,25.12,25.78,31.4,26.22,314.91,11.22,2.94,1.0,27.38
15,3,0,26.08,25.12,25.78,31.4,147.78,15.22,3.51,1.0,31.14
15,3,0,27.38,26.08,25.12,25.78,226.78,29.59,3.37,1.0,26.68
16,3,0,31.14,27.38,26.08,25.12,154.26,30.35,6.35,2.0,26.74
16,3,0,26.68,31.14,27.38,26.08,161.88,37.18,4.2,2.0,26.74
16,3,0,26.74,26.68,31.14,27.38,168.39,45.9,5.14,2.0,26.58
16,3,0,26.74,26.74,26.68,31.14,295.98,31.22,4.88,2.0,28.76
17,3,0,26.58,26.74,26.74,26.68,286.06,45.05,3.9,1.0,24.28
17,3,0,28.76,26.58,26.74,26.74,293.95,39.58,5.61,1.0,27.08
17,3,0,24.28,28.76,26.58,26.74,356.3,42.54,3.29,1.0,34.92
17,3,0,27.08,24.28,28.76,26.58,173.22,22.22,3.18,1.0,27.26
18,3,0,34.92,27.08,24.28,28.76,319.54,40.73,5.59,0.0,29.6
18,3,0,27.26,34.92,27.08,24.28,182.32,30.45,5.1,0.0,44.28
18,3,0,29.6,27.26,34.92,27.08,94.89,31.02,5.53,0.0,27.52
18,3,0,44.28,29.6,27.26,34.92,164.36,34.93,15.98,0.0,27.54
19,3,0,27.52,44.28,29.6,27.26,106.49,23.73,4.24,0.0,24.06
19,3,0,27.54,27.52,44.28,29.6,245.89,27.47,2.98,0.0,33.58
19,3,0,24.06,27.54,27.52,44.28,330.55,41.18,2.65,0.0,25.64
19,3,0,33.58,24.06,27.54,27.52,225.7,45.49,5.18,0.0,30.46
20,3,0,25.64,33.58,24.06,27.54,334.34,28.66,4.1,0.0,29.6
20,3,0,30.46,25.64,33.58,24.06,106.37,17.54,6.98,0.0,28.71
20,3,0,29.6,30.46,25.64,33.58,160.0,41.89,4.98,0.0,32.7
20,3,0,28.71,29.6,30.46,25.64,153.4,45.87,3.98,0.0,26.84
21,3,0,32.7,28.71,29.6,30.46,166.88,40.58,6.47,0.0,27.76
21,3,0,26.84,32.7,28.71,29.6,327.33,50.38,4.14,0.0,28.86
21,3,0,27.76,26.84,32.7,28.71,171.53,46.41,5.0,0.0,26.78
21,3,0,28.86,27.76,26.84,32.7,156.93,42.39,2.98,0.0,28.02
22,3,0,26.78,28.86,27.76,26.84,286.29,29.73,5.18,2.0,39.98
22,3,0,28.02,26.78,28.86,27.76,316.26,23.36,4.33,2.0,29.98
22,3,0,39.98,28.02,26.78,28.86,177.33,44.42,9.55,2.0,37.28
22,3,0,29.98,39.98,28.02,26.78,110.72,32.05,5.88,2.0,28.46
23,3,0,37.28,29.98,39.98,28.02,151.79,27.49,6.9,1.0,26.36
23,3,0,28.46,37.28,29.98,39.98,188.63,47.69,4.71,1.0,29.34
23,3,0,26.36,28.46,37.28,29.98,151.77,43.03,3.65,1.0,63.08
23,3,0,29.34,26.36,28.46,37.28,255.49,39.66,3.84,1.0,25.4
0,4,0,63.08,29.34,26.36,28.46,322.24,52.02,7.02,1.0,25.28
0,4,0,25.4,63.08,29.34,26.36,272.28,42.27,3.67,1.0,24.06
0,4,0,25.28,25.4,63.08,29.34,183.32,36.64,3.94,1.0,23.4
0,4,0,24.06,25.28,25.4,63.08,104.17,23.85,2.37,1.0,24.28
1,4,0,23.4,24.06,25.28,25.4,318.53,45.85,2.41,0.0,25.36
1,4,0,24.28,23.4,24.06,25.28,313.0,32.52,3.43,0.0,25.84
1,4,0,25.36,24.28,23.4,24.06,349.21,46.17,3.76,0.0,32.16
1,4,0,25.84,25.36,24.28,23.4,228.23,33.57,3.96,0.0,27.06
2,4,0,32.16,25.84,25.36,24.28,165.87,34.29,3.55,2.0,27.12
2,4,0,27.06,32.16,25.84,25.36,97.57,29.28,4.73,2.0,27.0
2,4,0,27.12,27.06,32.16,25.84,256.99,45.85,5.94,2.0,26.88
2,4,0,27.0,27.12,27.06,32.16,320.59,41.69,5.43,2.0,25.3
3,4,0,26.88,27.0,27.12,27.06,337.07,35.96,4.8,2.0,28.2
3,4,0,25.3,26.88,27.0,27.12,301.2,43.3,3.67,2.0,27.92
3,4,0,28.2,25.3,26.88,27.0,239.23,42.52,6.18,2.0,27.62
3,4,0,27.92,28.2,25.3,26.88,259.23,57.21,5.39,2.0,36.2
4,4,0,27.62,27.92,28.2,25.3,275.5,17.09,5.61,3.0,27.32
4,4,0,36.2,27.62,27.92,28.2,203.3,18.41,8.55,3.0,29.34
4,4,0,27.32,36.2,27.62,27.92,171.41,41.33,5.63,3.0,33.18
4,4,0,29.34,27.32,36.2,27.62,148.7,51.6,6.59,3.0,25.54
5,4,0,33.18,29.34,27.32,36.2,173.04,44.77,12.55,3.0,24.16
5,4,0,25.54,33.18,29.34,27.32,143.81,30.28,3.86,3.0,47.46
5,4,0,24.16,25.54,33.18,29.34,346.98,37.96,3.14,3.0,32.3
5,4,0,47.46,24.16,25.54,33.18,250.09,41.25,16.45,3.0,26.0
6,4,0,32.3,47.46,24.16,25.54,244.57,31.32,9.37,3.0,35.22
6,4,0,26.0,32.3,47.46,24.16,267.17,33.65,3.69,3.0,30.24
6,4,0,35.22,26.0,32.3,47.46,94.39,26.08,8.31,3.0,32.94
6,4,0,30.24,35.22,26.0,32.3,125.23,35.61,5.04,3.0,37.06
7,4,0,32.94,30.24,35.22,26.0,140.11,31.26,10.55,3.0,26.1
7,4,0,37.06,32.94,30.24,35.22,229.42,39.69,8.2,3.0,31.88
7,4,0,26.1,37.06,32.94,30.24,285.37,24.92,4.61,3.0,36.96
7,4,0,31.88,26.1,37.06,32.94,132.8,34.39,5.04,3.0,35.04
8,4,0,36.96,31.88,26.1,37.06,223.5,25.14,5.98,3.0,48.88
8,4,0,35.04,36.96,31.88,26.1,93.49,23.18,6.49,3.0,43.44
8,4,0,48.88,35.04,36.96,31.88,312.11,24.5,10.9,3.0,56.46
8,4,0,43.44,48.88,35.04,36.96,94.67,31.25,4.8,3.0,36.78
9,4,0,56.46,43.44,48.88,35.04,125.48,32.48,9.02,3.0,36.92
9,4,0,36.78,56.46,43.44,48.88,95.4,24.24,6.45,3.0,25.24
9,4,0,36.92,36.78,56.46,43.44,273.73,27.47,12.65,3.0,33.06
9,4,0,25.24,36.92,36.78,56.46,122.98,30.81,2.8,3.0,28.22
10,4,0,33.06,25.24,36.92,36.78,263.38,43.39,7.2,61.0,30.9
10,4,0,28.22,33.06,25.24,36.92,270.85,20.8,5.22,61.0,30.76
10,4,0,30.9,28.22,33.06,25.24,152.07,65.22,8.24,61.0,28.96
10,4,0,30.76,30.9,28.22,33.06,294.41,29.43,5.67,61.0,26.62
11,4,0,28.96,30.76,30.9,28.22,147.16,41.74,5.43,61.0,25.9
11,4,0,26.62,28.96,30.76,30.9,263.07,36.94,5.55,61.0,25.82
11,4,0,25.9,26.62,28.96,30.76,130.91,46.78,3.27,61.0,39.94
11,4,0,25.82,25.9,26.62,28.96,325.72,26.45,3.96,61.0,28.42
12,4,0,39.94,25.82,25.9,26.62,150.74,34.81,7.14,3.0,26.9
12,4,0,28.42,39.94,25.82,25.9,268.49,34.29,4.76,3.0,26.38
12,4,0,26.9,28.42,39.94,25.82,303.31,29.26,4.8,3.0,25.42
12,4,0,26.38,26.9,28.42,39.94,299.91,34.04,3.86,3.0,28.06
13,4,0,25.42,26.38,26.9,28.42,318.3,46.95,4.41,61.0,24.94
13,4,0,28.06,25.42,26.38,26.9,171.58,25.82,4.29,61.0,27.38
13,4,0,24.94,28.06,25.42,26.38,153.02,30.43,3.86,61.0,33.56
13,4,0,27.38,24.94,28.06,25.42,224.64,19.02,4.0,61.0,26.88
14,4,0,33.56,27.38,24.94,28.06,225.82,32.71,12.76,61.0,28.5
14,4,0,26.88,33.56,27.38,24.94,151.78,39.7,3.53,61.0,27.02
14,4,0,28.5,26.88,33.56,27.38,162.94,43.78,3.41,61.0,29.16
14,4,0,27.02,28.5,26.88,33.56,113.65,42.31,5.14,61.0,26.32
15,4,0,29.16,27.02,28.5,26.88,157.61,32.25,5.98,61.0,25.32
15,4,0,26.32,29.16,27.02,28.5,322.5,22.58,4.63,61.0,28.04
15,4,0,25.32,26.32,29.16,27.02,223.82,41.61,3.39,61.0,27.64
15,4,0,28.04,25.32,26.32,29.16,120.99,40.09,6.12,61.0,31.32
16,4,0,27.64,28.04,25.32,26.32,76.98,19.84,7.02,61.0,29.82
16,4,0,31.32,27.64,28.04,25.32,124.88,37.2,7.94,61.0,26.14
16,4,0,29.82,31.32,27.64,28.04,306.21,40.61,4.94,61.0,25.92
16,4,0,26.14,29.82,31.32,27.64,253.99,44.27,4.29,61.0,35.84
17,4,0,25.92,26.14,29.82,31.32,143.11,51.01,5.22,61.0,30.98
17,4,0,35.84,25.92,26.14,29.82,302.58,22.14,9.59,61.0,31.5
17,4,0,30.98,35.84,25.92,26.14,340.2,44.05,7.25,61.0,30.12
17,4,0,31.5,30.98,35.84,25.92,181.53,22.17,5.82,61.0,31.72
18,4,0,30.12,31.5,30.98,35.84,250.4,31.72,6.41,3.0,64.16
18,4,0,31.72,30.12,31.5,30.98,269.67,9.73,5.84,3.0,26.22
18,4,0,64.16,31.72,30.12,31.5,317.72,33.38,16.53,3.0,25.94
18,4,0,26.22,64.16,31.72,30.12,336.66,45.84,5.24,3.0,25.32
19,4,0,25.94,26.22,64.16,31.72,360.78,38.36,3.59,3.0,25.78
19,4,0,25.32,25.94,26.22,64.16,241.37,42.14,2.61,3.0,25.58
19,4,0,25.78,25.32,25.94,26.22,247.26,30.81,3.63,3.0,26.76
19,4,0,25.58,25.78,25.32,25.94,279.11,37.39,3.35,3.0,24.9
20,4,0,26.76,25.58,25.78,25.32,302.0,52.0,4.78,3.0,25.54
20,4,0,24.9,26.76,25.58,25.78,237.01,31.07,3.16,3.0,26.54
20,4,0,25.54,24.9,26.76,25.58,149.47,60.34,2.67,3.0,31.88
20,4,0,26.54,25.54,24.9,26.76,155.56,45.22,4.47,3.0,29.2
21,4,0,31.88,26.54,25.54,24.9,177.53,23.38,5.0,3.0,31.38
21,4,0,29.2,31.88,26.54,25.54,308.25,39.99,4.53,3.0,37.96
21,4,0,31.38,29.2,31.88,26.54,161.12,35.58,6.24,3.0,41.18
21,4,0,37.96,31.38,29.2,31.88,141.57,27.28,8.24,3.0,31.26
22,4,0,41.18,37.96,31.38,29.2,74.18,23.81,7.78,3.0,26.22
22,4,0,31.26,41.18,37.96,31.38,110.54,23.13,5.88,3.0,28.74
22,4,0,26.22,31.26,41.18,37.96,167.75,34.29,2.84,3.0,25.06
22,4,0,28.74,26.22,31.26,41.18,261.04,34.08,4.76,3.0,24.98
23,4,0,25.06,28.74,26.22,31.26,165.92,36.8,3.69,3.0,25.42
23,4,0,24.98,25.06,28.74,26.22,166.7,34.29,3.06,3.0,26.04
23,4,0,25.42,24.98,25.06,28.74,151.89,39.58,4.08,3.0,29.3
0,5,1,26.04,25.42,24.98,25.06,237.55,40.2,2.84,61.0,27.08
0,5,1,29.3,26.04,25.42,24.98,199.94,44.04,5.31,61.0,27.86
0,5,1,27.08,29.3,26.04,25.42,261.93,21.19,5.84,61.0,24.52
0,5,1,27.86,27.08,29.3,26.04,201.37,28.67,4.96,61.0,27.48
1,5,1,24.52,27.86,27.08,29.3,135.35,34.39,3.63,3.0,29.9
1,5,1,27.48,24.52,27.86,27.08,86.92,19.87,6.71,3.0,28.44
1,5,1,29.9,27.48,24.52,27.86,272.56,40.25,6.35,3.0,39.06
1,5,1,28.44,29.9,27.48,24.52,222.35,40.89,5.43,3.0,24.32
2,5,1,39.06,28.44,29.9,27.48,109.35,41.11,6.41,3.0,31.28
2,5,1,24.32,39.06,28.44,29.9,208.43,16.37,3.27,3.0,33.18
2,5,1,31.28,24.32,39.06,28.44,300.73,47.74,4.92,3.0,29.32
2,5,1,33.18,31.28,24.32,39.06,336.06,42.87,9.06,3.0,32.6
3,5,1,29.32,33.18,31.28,24.32,267.62,37.84,5.88,3.0,28.22
3,5,1,32.6,29.32,33.18,31.28,177.57,31.72,5.2,3.0,29.62
3,5,1,28.22,32.6,29.32,33.18,157.08,40.46,4.14,3.0,23.3
3,5,1,29.62,28.22,32.6,29.32,272.02,36.78,5.33,3.0,26.44
4,5,1,23.3,29.62,28.22,32.6,265.47,36.43,2.33,80.0,28.9
4,5,1,26.44,23.3,29.62,28.22,275.67,37.28,5.33,80.0,29.56
4,5,1,28.9,26.44,23.3,29.62,276.54,8.16,10.53,80.0,25.02
4,5,1,29.56,28.9,26.44,23.3,309.49,39.57,7.78,80.0,26.56
5,5,1,25.02,29.56,28.9,26.44,329.4,44.31,3.33,95.0,24.3
5,5,1,26.56,25.02,29.56,28.9,343.21,18.54,5.88,95.0,24.68
5,5,1,24.3,26.56,25.02,29.56,303.29,38.59,2.84,95.0,31.36
5,5,1,24.68,24.3,26.56,25.02,300.4,39.57,3.18,95.0,23.74
6,5,1,31.36,24.68,24.3,26.56,126.52,9.26,5.45,96.0,26.82
6,5,1,23.74,31.36,24.68,24.3,339.88,36.32,2.51,96.0,25.38
6,5,1,26.82,23.74,31.36,24.68,207.63,23.13,4.1,96.0,25.04
6,5,1,25.38,26.82,23.74,31.36,282.05,41.72,3.76,96.0,25.46
7,5,1,25.04,25.38,26.82,23.74,325.65,29.5,3.2,80.0,28.5
7,5,1,25.46,25.04,25.38,26.82,267.98,33.55,5.33,80.0,24.02
7,5,1,28.5,25.46,25.04,25.38,264.83,38.02,5.9,80.0,29.58
7,5,1,24.02,28.5,25.46,25.04,281.88,38.0,2.18,80.0,35.56
8,5,1,29.58,24.02,28.5,25.46,352.58,40.36,5.98,3.0,26.84
8,5,1,35.56,29.58,24.02,28.5,358.12,48.75,6.12,80.0,25.08
8,5,1,26.84,35.56,29.58,24.02,352.35,48.28,4.96,80.0,25.02
8,5,1,25.08,26.84,35.56,29.58,210.76,27.54,3.02,80.0,28.3
9,5,1,25.02,25.08,26.84,35.56,334.52,44.12,4.18,3.0,24.86
9,5,1,28.3,25.02,25.08,26.84,326.01,42.89,4.47,3.0,36.52
9,5,1,24.86,28.3,25.02,25.08,178.13,31.05,2.84,3.0,26.08
9,5,1,36.52,24.86,28.3,25.02,306.53,31.56,4.94,3.0,30.8
10,5,1,26.08,36.52,24.86,28.3,203.52,38.99,5.44,3.0,25.36
10,5,1,30.8,26.08,36.52,24.86,243.23,46.02,6.92,3.0,24.62
10,5,1,25.36,30.8,26.08,36.52,308.62,47.14,3.67,3.0,28.16
10,5,1,24.62,25.36,30.8,26.08,247.5,25.61,2.49,3.0,27.82
12,0,0,22.64,23.24,29.3,22.26,245.03,54.07,4.04,0.0,23.86
13,0,0,35.63,22.64,23.24,29.3,309.21,27.95,9.04,0.0,39.34
13,0,0,23.86,35.63,22.64,23.24,329.71,49.72,3.0,0.0,26.0
13,0,0,39.34,23.86,35.63,22.64,294.43,17.23,4.98,0.0,24.78
13,0,0,26.0,39.34,23.86,35.63,284.39,31.83,7.84,0.0,22.9
14,0,0,24.78,26.0,39.34,23.86,128.21,24.56,5.06,0.0,26.32
14,0,0,22.9,24.78,26.0,39.34,233.42,40.41,4.06,0.0,23.16
14,0,0,26.32,22.9,24.78,26.0,318.25,26.24,6.29,0.0,28.1
14,0,0,23.16,26.32,22.9,24.78,305.29,18.2,6.31,0.0,22.42
15,0,0,28.1,23.16,26.32,22.9,123.85,15.8,5.94,0.0,29.12
15,0,0,22.42,28.1,23.16,26.32,309.4,33.3,5.04,0.0,23.88
15,0,0,29.12,22.42,28.1,23.16,126.15,18.01,5.98,0.0,25.0
15,0,0,23.88,29.12,22.42,28.1,144.78,49.44,7.24,0.0,24.4
16,0,0,25.0,23.88,29.12,22.42,266.49,39.04,4.63,0.0,26.04
16,0,0,24.4,25.0,23.88,29.12,248.26,38.52,6.63,0.0,23.18
16,0,0,26.04,24.4,25.0,23.88,78.4,54.7,4.67,0.0,23.58
16,0,0,23.18,26.04,24.4,25.0,222.75,30.99,3.98,0.0,26.74
17,0,0,23.58,23.18,26.04,24.4,269.09,28.89,3.41,0.0,29.29
17,0,0,26.74,23.58,23.18,26.04,243.05,6.54,6.2,0.0,26.54
17,0,0,29.29,26.74,23.58,23.18,340.96,46.07,6.88,0.0,23.24
17,0,0,26.54,29.29,26.74,23.58,329.27,29.27,5.33,0.0,23.34
18,0,0,23.24,26.54,29.29,26.74,358.39,54.58,3.43,0.0,20.28
18,0,0,23.34,23.24,26.54,29.29,155.18,19.82,5.8,0.0,25.82
18,0,0,20.28,23.34,23.24,26.54,397.12,21.69,2.98,0.0,37.98
18,0,0,25.82,20.28,23.34,23.24,299.52,23.8,5.65,0.0,29.82
19,0,0,37.98,25.82,20.28,23.34,273.92,34.08,6.52,0.0,24.38
19,0,0,29.82,37.98,25.82,20.28,266.96,14.81,4.49,0.0,24.04
19,0,0,24.38,29.82,37.98,25.82,150.49,44.06,3.76,0.0,25.64
19,0,0,24.04,24.38,29.82,37.98,246.96,51.32,4.61,0.0,23.24
20,0,0,25.64,24.04,24.38,29.82,266.96,37.26,4.65,0.0,23.18
20,0,0,23.24,25.64,24.04,24.38,312.33,37.59,3.76,0.0,26.84
20,0,0,23.18,23.24,25.64,24.04,317.63,27.08,3.53,0.0,24.4
20,0,0,26.84,23.18,23.24,25.64,161.7,11.29,5.18,0.0,23.36
21,0,0,24.4,26.84,23.18,23.24,314.13,52.69,4.53,0.0,30.82
21,0,0,23.36,24.4,26.84,23.18,126.62,41.33,3.82,0.0,24.88
21,0,0,30.82,23.36,24.4,26.84,97.53,22.87,6.24,0.0,23.4
21,0,0,24.88,30.82,23.36,24.4,246.28,39.65,6.33,0.0,23.84
22,0,0,23.4,24.88,30.82,23.36,130.12,40.13,3.94,0.0,21.84
22,0,0,23.84,23.4,24.88,30.82,293.85,31.83,4.22,0.0,20.8
22,0,0,21.84,23.84,23.4,24.88,275.97,56.01,5.27,0.0,24.52
22,0,0,20.8,21.84,23.84,23.4,147.21,32.05,3.57,0.0,22.8
23,0,0,24.52,20.8,21.84,23.84,229.79,31.49,4.59,0.0,21.02
23,0,0,22.8,24.52,20.8,21.84,338.94,30.7,3.73,0.0,22.22
23,0,0,21.02,22.8,24.52,20.8,207.42,49.44,3.86,0.0,23.5
23,0,0,22.22,21.02,22.8,24.52,305.47,57.29,3.29,0.0,21.34
0,1,0,23.5,22.22,21.02,22.8,295.82,40.99,4.12,0.0,22.62
0,1,0,21.34,23.5,22.22,21.02,107.91,55.91,4.29,0.0,23.12
0,1,0,22.62,21.34,23.5,22.22,147.08,35.13,4.84,0.0,26.56
0,1,0,23.12,22.62,21.34,23.5,223.43,35.07,3.63,0.0,19.9
1,1,0,26.56,23.12,22.62,21.34,217.92,37.24,4.57,0.0,19.94
1,1,0,19.9,26.56,23.12,22.62,268.32,36.2,2.71,0.0,23.46
1,1,0,19.94,19.9,26.56,23.12,324.56,35.19,2.43,0.0,20.37
1,1,0,23.46,19.94,19.9,26.56,163.14,37.5,3.94,0.0,21.52
2,1,0,20.37,23.46,19.94,19.9,223.52,41.03,3.12,0.0,34.37
2,1,0,21.52,20.37,23.46,19.94,136.63,34.88,4.37,0.0,21.7
2,1,0,34.37,21.52,20.37,23.46,311.32,39.62,6.4,0.0,31.82
2,1,0,21.7,34.37,21.52,20.37,68.42,34.01,3.43,0.0,31.4
3,1,0,31.82,21.7,34.37,21.52,222.57,45.94,9.39,0.0,28.46
3,1,0,31.4,31.82,21.7,34.37,244.55,51.84,5.78,0.0,24.08
3,1,0,28.46,31.4,31.82,21.7,309.35,47.25,5.88,0.0,28.4
3,1,0,24.08,28.46,31.4,31.82,349.81,34.6,3.39,0.0,25.96
4,1,0,28.4,24.08,28.46,31.4,318.66,8.66,6.94,0.0,36.58
4,1,0,25.96,28.4,24.08,28.46,205.17,37.8,6.22,0.0,25.26
4,1,0,36.58,25.96,28.4,24.08,170.77,19.86,13.1,0.0,56.58
4,1,0,25.26,36.58,25.96,28.4,178.86,36.0,4.84,0.0,25.26
5,1,0,56.58,25.26,36.58,25.96,221.9,26.65,23.61,0.0,38.64
5,1,0,25.26,56.58,25.26,36.58,363.53,44.06,3.8,0.0,30.86
5,1,0,38.64,25.26,56.58,25.26,284.19,5.8,8.47,0.0,27.96
5,1,0,30.86,38.64,25.26,56.58,288.01,36.5,7.57,0.0,23.62
6,1,0,27.96,30.86,38.64,25.26,246.06,32.08,6.45,0.0,24.52
6,1,0,23.62,27.96,30.86,38.64,343.9,42.23,3.24,0.0,26.48
6,1,0,24.52,23.62,27.96,30.86,204.82,11.03,5.9,0.0,21.24
6,1,0,26.48,24.52,23.62,27.96,211.66,23.57,5.14,0.0,26.52
7,1,0,21.24,26.48,24.52,23.62,293.34,42.35,3.08,0.0,32.64
7,1,0,26.52,21.24,26.48,24.52,290.27,47.23,4.14,0.0,25.64
7,1,0,32.64,26.52,21.24,26.48,291.9,28.63,9.88,0.0,25.64
7,1,0,25.64,32.64,26.52,21.24,336.12,40.02,6.08,0.0,26.78
8,1,0,25.64,25.64,32.64,26.52,302.08,28.75,5.57,3.0,28.06
8,1,0,26.78,25.64,25.64,32.64,334.12,11.87,5.94,0.0,31.32
8,1,0,28.06,26.78,25.64,25.64,160.81,24.36,3.53,0.0,26.3
8,1,0,31.32,28.06,26.78,25.64,353.08,35.46,3.65,0.0,25.72
9,1,0,26.3,31.32,28.06,26.78,340.05,6.2,3.78,0.0,36.16
9,1,0,25.72,26.3,31.32,28.06,289.23,35.89,5.61,0.0,26.38
9,1,0,36.16,25.72,26.3,31.32,247.2,32.72,7.67,0.0,24.38
9,1,0,26.38,36.16,25.72,26.3,261.32,16.52,4.96,0.0,28.38
10,1,0,24.38,26.38,36.16,25.72,299.9,48.54,4.1,0.0,22.88
10,1,0,28.38,24.38,26.38,36.16,353.88,25.85,7.37,0.0,31.14
10,1,0,22.88,28.38,24.38,26.38,281.06,27.63,4.31,0.0,27.86
10,1,0,31.14,22.88,28.38,24.38,278.65,35.07,7.31,0.0,26.18
11,1,0,27.86,31.14,22.88,28.38,275.43,31.65,5.61,0.0,29.64
11,1,0,26.18,27.86,31.14,22.88,252.29,20.59,2.65,0.0,26.32
11,1,0,29.64,26.18,27.86,31.14,274.54,16.99,7.45,0.0,28.22
11,1,0,26.32,29.64,26.18,27.86,330.5,51.8,6.27,0.0,22.84
12,1,0,28.22,26.32,29.64,26.18,337.11,36.44,4.2,0.0,25.98
12,1,0,22.84,28.22,26.32,29.64,221.08,46.79,3.96,0.0,51.74
12,1,0,25.98,22.84,28.22,26.32,224.78,47.29,4.8,0.0,25.44
12,1,0,51.74,25.98,22.84,28.22,121.54,45.17,9.12,0.0,27.46
13,1,0,25.44,51.74,25.98,22.84,155.35,30.0,4.35,0.0,23.72
13,1,0,27.46,25.44,51.74,25.98,104.42,28.75,4.45,0.0,27.54
13,1,0,23.72,27.46,25.44,51.74,241.6,25.62,2.9,0.0,25.88
13,1,0,27.54,23.72,27.46,25.44,360.03,41.54,6.12,0.0,25.48
14,1,0,25.88,27.54,23.72,27.46,242.37,14.26,5.45,0.0,26.12
14,1,0,25.48,25.88,27.54,23.72,263.26,39.49,3.59,0.0,27.34
14,1,0,26.12,25.48,25.88,27.54,167.45,43.98,4.14,0.0,26.24
14,1,0,27.34,26.12,25.48,25.88,287.49,18.86,5.47,0.0,26.16
15,1,0,26.24,27.34,26.12,25.48,291.58,22.07,4.67,0.0,25.7
15,1,0,26.16,26.24,27.34,26.12,346.31,54.4,4.22,0.0,34.78
15,1,0,25.7,26.16,26.24,27.34,157.26,37.18,5.71,0.0,23.66
15,1,0,34.78,25.7,26.16,26.24,302.12,25.18,4.59,0.0,25.94
16,1,0,23.66,34.78,25.7,26.16,240.79,36.74,3.53,0.0,30.92
16,1,0,25.94,23.66,34.78,25.7,78.64,33.34,4.53,0.0,27.5
16,1,0,30.92,25.94,23.66,34.78,326.39,30.79,4.04,0.0,23.18
16,1,0,27.5,30.92,25.94,23.66,219.65,25.69,5.45,0.0,24.84
17,1,0,23.18,27.5,30.92,25.94,299.85,37.61,4.37,0.0,29.94
17,1,0,24.84,23.18,27.5,30.92,338.9,42.0,6.55,0.0,27.04
17,1,0,29.94,24.84,23.18,27.5,382.53,55.19,5.2,0.0,28.48
17,1,0,27.04,29.94,24.84,23.18,283.83,24.75,4.41,0.0,28.02
18,1,0,28.48,27.04,29.94,24.84,383.88,40.43,4.67,0.0,40.1
18,1,0,28.02,28.48,27.04,29.94,257.43,38.35,6.29,0.0,26.24
18,1,0,40.1,28.02,28.48,27.04,268.82,25.55,12.65,0.0,25.76
18,1,0,26.24,40.1,28.02,28.48,302.14,43.24,5.33,0.0,25.38
19,1,0,25.76,26.24,40.1,28.02,243.63,42.05,6.31,1.0,25.6
19,1,0,25.38,25.76,26.24,40.1,128.23,51.85,4.22,1.0,23.54
19,1,0,25.6,25.38,25.76,26.24,225.4,18.58,9.08,1.0,45.62
19,1,0,23.54,25.6,25.38,25.76,337.24,55.16,4.63,1.0,27.46
20,1,0,45.62,23.54,25.6,25.38,304.68,44.59,7.59,0.0,29.6
20,1,0,27.46,45.62,23.54,25.6,254.31,27.12,6.69,0.0,25.18
20,1,0,29.6,27.46,45.62,23.54,114.19,33.13,4.8,0.0,25.66
20,1,0,25.18,29.6,27.46,45.62,346.92,34.95,3.02,0.0,24.4
21,1,0,25.66,25.18,29.6,27.46,80.42,36.88,3.1,0.0,25.68
21,1,0,24.4,25.66,25.18,29.6,324.54,51.08,2.47,0.0,24.3
21,1,0,25.68,24.4,25.66,25.18,158.63,34.38,7.33,0.0,25.14
21,1,0,24.3,25.68,24.4,25.66,263.87,35.09,4.57,0.0,25.48
22,1,0,25.14,24.3,25.68,24.4,249.99,23.39,6.22,2.0,24.58
22,1,0,25.48,25.14,24.3,25.68,305.67,29.81,3.96,2.0,27.44
22,1,0,24.58,25.48,25.14,24.3,148.63,40.0,4.63,2.0,25.38
22,1,0,27.44,24.58,25.48,25.14,66.16,24.84,7.98,2.0,31.62
23,1,0,25.38,27.44,24.58,25.48,144.77,32.8,4.02,3.0,26.48
23,1,0,31.62,25.38,27.44,24.58,146.8,43.19,4.41,3.0,28.54
23,1,0,26.48,31.62,25.38,27.44,325.13,33.83,5.41,3.0,23.32
23,1,0,28.54,26.48,31.62,25.38,283.47,50.44,5.2,3.0,23.04
0,2,0,23.32,28.54,26.48,31.62,115.79,34.58,2.59,3.0,50.32
0,2,0,23.04,23.32,28.54,26.48,243.76,20.75,2.73,3.0,23.92
0,2,0,50.32,23.04,23.32,28.54,87.76,25.47,7.18,3.0,26.82
0,2,0,23.92,50.32,23.04,23.32,166.32,42.65,3.61,3.0,25.7
1,2,0,26.82,23.92,50.32,23.04,326.37,42.94,6.63,3.0,25.42
1,2,0,25.7,26.82,23.92,50.32,370.05,26.57,6.59,3.0,26.98
1,2,0,25.42,25.7,26.82,23.92,172.63,47.68,3.43,3.0,21.0
1,2,0,26.98,25.42,25.7,26.82,189.69,40.27,5.88,3.0,39.78
2,2,0,21.0,26.98,25.42,25.7,83.96,45.91,2.51,1.0,71.7
2,2,0,39.78,21.0,26.98,25.42,312.38,26.14,7.84,3.0,28.6
2,2,0,71.7,39.78,21.0,26.98,164.93,22.07,7.29,3.0,25.66
2,2,0,28.6,71.7,39.78,21.0,216.53,31.96,7.45,3.0,22.86
3,2,0,25.66,28.6,71.7,39.78,167.35,28.74,3.39,0.0,23.74
3,2,0,22.86,25.66,28.6,71.7,320.3,36.83,5.2,0.0,28.96
3,2,0,23.74,22.86,25.66,28.6,385.98,36.63,6.08,0.0,70.36
3,2,0,28.96,23.74,22.86,25.66,355.03,52.38,6.71,0.0,23.14
4,2,0,70.36,28.96,23.74,22.86,179.26,21.18,17.86,0.0,29.8
4,2,0,23.14,70.36,28.96,23.74,285.59,33.95,2.55,0.0,28.3
4,2,0,29.8,23.14,70.36,28.96,127.31,23.65,7.51,0.0,27.3
4,2,0,28.3,29.8,23.14,70.36,324.78,48.97,5.08,0.0,33.52
5,2,0,27.3,28.3,29.8,23.14,284.91,4.82,4.57,0.0,26.22
5,2,0,33.52,27.3,28.3,29.8,385.3,37.36,13.41,0.0,29.6
5,2,0,26.22,33.52,27.3,28.3,305.58,26.04,4.82,0.0,26.66
5,2,0,29.6,26.22,33.52,27.3,195.15,18.83,5.96,0.0,45.84
6,2,0,26.66,29.6,26.22,33.52,375.28,43.83,6.14,1.0,24.86
6,2,0,45.84,26.66,29.6,26.22,295.02,33.62,10.84,1.0,25.24
6,2,0,24.86,45.84,26.66,29.6,321.41,36.98,5.73,1.0,28.42
6,2,0,25.24,24.86,45.84,26.66,299.53,11.35,4.16,1.0,31.86
7,2,0,28.42,25.24,24.86,45.84,257.77,46.91,6.9,1.0,24.48
7,2,0,31.86,28.42,25.24,24.86,296.5,52.76,6.44,1.0,23.92
7,2,0,24.48,31.86,28.42,25.24,165.43,29.64,4.02,1.0,27.9
7,2,0,23.92,24.48,31.86,28.42,374.1,45.96,3.39,1.0,29.0
8,2,0,27.9,23.92,24.48,31.86,357.92,32.49,6.31,1.0,25.42
8,2,0,29.0,27.9,23.92,24.48,271.74,27.3,4.57,1.0,29.94
8,2,0,25.42,29.0,27.9,23.92,296.98,37.23,3.61,1.0,24.36
8,2,0,29.94,25.42,29.0,27.9,342.53,23.37,6.92,1.0,30.28
9,2,0,24.36,29.94,25.42,29.0,307.97,22.46,2.92,1.0,28.18
9,2,0,30.28,24.36,29.94,25.42,337.51,25.31,5.88,1.0,28.82
9,2,0,28.18,30.28,24.36,29.94,222.59,28.14,5.59,1.0,28.26
9,2,0,28.82,28.18,30.28,24.36,158.36,29.61,5.43,1.0,24.06
10,2,0,28.26,28.82,28.18,30.28,310.2,54.74,7.82,1.0,35.48
10,2,0,24.06,28.26,28.82,28.18,145.34,50.07,4.49,1.0,24.16
10,2,0,35.48,24.06,28.26,28.82,356.99,20.54,4.92,1.0,27.1
10,2,0,24.16,35.48,24.06,28.26,146.16,42.66,4.2,1.0,25.7
11,2,0,27.1,24.16,35.48,24.06,189.4,57.27,5.55,1.0,26.66
11,2,0,25.7,27.1,24.16,35.48,140.46,34.13,5.84,1.0,26.0
11,2,0,26.66,25.7,27.1,24.16,328.56,30.9,4.96,1.0,29.26
11,2,0,26.0,26.66,25.7,27.1,295.04,27.23,4.82,1.0,26.78
12,2,0,29.26,26.0,26.66,25.7,113.5,37.57,10.84,1.0,27.1
12,2,0,26.78,29.26,26.0,26.66,373.97,55.79,4.69,1.0,26.31
12,2,0,27.1,26.78,29.26,26.0,362.44,34.56,5.65,1.0,26.62
12,2,0,26.31,27.1,26.78,29.26,291.47,30.7,4.77,1.0,24.64
13,2,0,26.62,26.31,27.1,26.78,323.63,38.3,7.67,0.0,23.52
13,2,0,24.64,26.62,26.31,27.1,140.24,7.83,4.27,0.0,24.82
13,2,0,23.52,24.64,26.62,26.31,312.72,39.6,3.04,0.0,25.52
13,2,0,24.82,23.52,24.64,26.62,336.23,38.88,5.76,0.0,23.66
14,2,0,25.52,24.82,23.52,24.64,140.26,10.03,4.2,0.0,28.66
14,2,0,23.66,25.52,24.82,23.52,149.88,44.46,4.14,0.0,25.62
14,2,0,28.66,23.66,25.52,24.82,268.66,32.32,8.2,0.0,23.94
14,2,0,25.62,28.66,23.66,25.52,268.7,50.52,4.45,0.0,26.06
15,2,0,23.94,25.62,28.66,23.66,143.92,26.91,2.45,0.0,24.86
15,2,0,26.06,23.94,25.62,28.66,246.99,38.97,7.61,3.0,22.72
15,2,0,24.86,26.06,23.94,25.62,191.65,44.69,5.53,3.0,39.65
15,2,0,22.72,24.86,26.06,23.94,317.73,33.23,3.69,3.0,24.44
16,2,0,39.65,22.72,24.86,26.06,100.2,24.28,8.62,2.0,23.46
16,2,0,24.44,39.65,22.72,24.86,323.18,31.87,2.8,2.0,24.3
16,2,0,23.46,24.44,39.65,22.72,131.85,35.96,3.2,2.0,21.12
16,2,0,24.3,23.46,24.44,39.65,137.36,51.27,2.9,2.0,25.84
17,2,0,21.12,24.3,23.46,24.44,321.62,24.74,3.04,2.0,25.78
17,2,0,25.84,21.12,24.3,23.46,290.36,8.55,3.88,2.0,22.61
17,2,0,25.78,25.84,21.12,24.3,207.53,23.76,6.06,2.0,24.8
17,2,0,22.61,25.78,25.84,21.12,284.91,32.1,3.35,2.0,26.94
18,2,0,24.8,22.61,25.78,25.84,146.17,19.02,3.29,1.0,23.16
18,2,0,26.94,24.8,22.61,25.78,217.21,26.77,5.49,1.0,30.32
18,2,0,23.16,26.94,24.8,22.61,253.1,27.38,5.18,1.0,22.14
18,2,0,30.32,23.16,26.94,24.8,139.41,42.0,4.84,1.0,24.34
19,2,0,22.14,30.32,23.16,26.94,295.18,25.47,3.51,1.0,23.14
19,2,0,24.34,22.14,30.32,23.16,326.62,45.45,3.08,1.0,24.54
19,2,0,23.14,24.34,22.14,30.32,163.32,39.09,4.61,1.0,24.58
19,2,0,24.54,23.14,24.34,22.14,138.19,40.79,2.82,1.0,33.9
20,2,0,24.58,24.54,23.14,24.34,129.26,45.51,4.18,1.0,23.12
20,2,0,33.9,24.58,24.54,23.14,217.58,54.73,5.73,1.0,25.1
20,2,0,23.12,33.9,24.58,24.54,155.51,36.73,2.84,1.0,23.9
20,2,0,25.1,23.12,33.9,24.58,371.11,21.88,2.98,1.0,23.48
21,2,0,23.9,25.1,23.12,33.9,265.3,43.26,5.33,1.0,24.44
21,2,0,23.48,23.9,25.1,23.12,288.54,60.16,4.2,1.0,23.64
21,2,0,24.44,23.48,23.9,25.1,254.83,37.65,3.53,1.0,25.62
21,2,0,23.64,24.44,23.48,23.9,308.75,56.0,3.24,1.0,27.28
22,2,0,25.62,23.64,24.44,23.48,269.66,32.19,5.82,1.0,24.72
22,2,0,27.28,25.62,23.64,24.44,283.4,27.02,5.08,1.0,24.12
22,2,0,24.72,27.28,25.62,23.64,325.89,38.57,4.67,1.0,24.5
22,2,0,24.12,24.72,27.28,25.62,133.88,53.19,3.69,1.0,25.56
23,2,0,24.5,24.12,24.72,27.28,274.79,29.68,2.51,1.0,24.22
23,2,0,25.56,24.5,24.12,24.72,312.59,40.4,3.76,1.0,26.82
23,2,0,24.22,25.56,24.5,24.12,335.89,39.8,2.98,1.0,59.44
23,2,0,26.82,24.22,25.56,24.5,304.8,46.16,5.86,1.0,39.1
0,3,0,59.44,26.82,24.22,25.56,229.04,54.29,6.37,0.0,20.46
0,3,0,39.1,59.44,26.82,24.22,305.77,33.21,10.92,0.0,26.06
0,3,0,20.46,39.1,59.44,26.82,115.76,27.79,2.57,0.0,22.36
1,3,0,26.06,20.46,39.1,59.44,164.06,32.77,5.08,1.0,25.76
1,3,0,22.36,26.06,20.46,39.1,313.13,29.9,4.82,1.0,45.26
1,3,0,25.76,22.36,26.06,20.46,292.02,37.36,3.69,1.0,25.06
1,3,0,45.26,25.76,22.36,26.06,259.01,53.33,5.55,1.0,56.94
2,3,0,25.06,45.26,25.76,22.36,94.2,25.72,3.51,0.0,24.8
2,3,0,56.94,25.06,45.26,25.76,368.02,8.79,6.18,1.0,23.84
2,3,0,24.8,56.94,25.06,45.26,236.2,51.29,4.94,1.0,26.32
2,3,0,23.84,24.8,56.94,25.06,322.98,41.36,3.53,1.0,23.4
3,3,0,26.32,23.84,24.8,56.94,62.39,7.02,4.96,0.0,26.64
3,3,0,23.4,26.32,23.84,24.8,308.56,53.76,2.57,0.0,24.4
3,3,0,26.64,23.4,26.32,23.84,311.7,42.63,4.33,0.0,28.28
3,3,0,24.4,26.64,23.4,26.32,321.44,42.39,3.1,0.0,28.6
4,3,0,28.28,24.4,26.64,23.4,322.57,42.43,7.78,0.0,24.86
4,3,0,28.6,28.28,24.4,26.64,289.47,5.32,7.61,0.0,28.14
4,3,0,24.86,28.6,28.28,24.4,100.44,30.08,2.78,0.0,27.5
4,3,0,28.14,24.86,28.6,28.28,349.36,33.87,6.57,0.0,23.92
5,3,0,27.5,28.14,24.86,28.6,284.99,40.52,7.29,0.0,23.8
5,3,0,23.92,27.5,28.14,24.86,149.82,26.96,2.73,0.0,23.5
5,3,0,23.8,23.92,27.5,28.14,247.33,31.58,4.84,0.0,24.8
5,3,0,23.5,23.8,23.92,27.5,154.54,19.36,3.43,0.0,30.22
6,3,0,24.8,23.5,23.8,23.92,112.78,31.52,3.82,0.0,25.34
6,3,0,30.22,24.8,23.5,23.8,133.1,3.79,8.6,0.0,25.1
6,3,0,25.34,30.22,24.8,23.5,79.81,10.72,4.43,0.0,26.16
6,3,0,25.1,25.34,30.22,24.8,296.4,6.06,5.35,0.0,21.36
7,3,0,26.16,25.1,25.34,30.22,146.85,9.93,3.94,0.0,24.44
7,3,0,21.36,26.16,25.1,25.34,245.72,37.31,4.33,0.0,31.2
7,3,0,24.44,21.36,26.16,25.1,253.36,42.44,4.02,0.0,59.16
7,3,0,31.2,24.44,21.36,26.16,133.82,23.11,7.19,0.0,27.92
8,3,0,59.16,31.2,24.44,21.36,44.9,6.13,34.69,0.0,26.14
8,3,0,27.92,59.16,31.2,24.44,293.46,38.37,4.43,0.0,41.8
8,3,0,26.14,27.92,59.16,31.2,121.95,37.79,4.8,0.0,39.98
8,3,0,41.8,26.14,27.92,59.16,128.32,44.4,10.69,0.0,25.96
9,3,0,39.98,41.8,26.14,27.92,144.73,38.93,6.04,0.0,25.48
9,3,0,25.96,39.98,41.8,26.14,306.37,34.46,4.61,0.0,27.48
9,3,0,25.48,25.96,39.98,41.8,100.01,20.02,2.65,0.0,23.16
9,3,0,27.48,25.48,25.96,39.98,111.17,22.39,3.67,0.0,32.42
10,3,0,23.16,27.48,25.48,25.96,230.95,38.46,3.12,0.0,28.86
10,3,0,32.42,23.16,27.48,25.48,315.08,30.66,8.96,0.0,24.56
10,3,0,28.86,32.42,23.16,27.48,220.09,27.31,9.78,0.0,24.22
10,3,0,24.56,28.86,32.42,23.16,336.54,18.95,4.08,0.0,27.18
11,3,0,24.22,24.56,28.86,32.42,283.11,31.18,3.27,0.0,33.26
11,3,0,27.18,24.22,24.56,28.86,354.7,40.4,5.77,0.0,25.92
11,3,0,33.26,27.18,24.22,24.56,113.14,19.44,6.78,0.0,37.54
11,3,0,25.92,33.26,27.18,24.22,113.12,41.88,7.2,0.0,27.78
12,3,0,37.54,25.92,33.26,27.18,130.18,36.35,7.41,0.0,30.14
12,3,0,27.78,37.54,25.92,33.26,379.46,41.49,5.14,0.0,28.04
12,3,0,30.14,27.78,37.54,25.92,343.06,15.58,7.08,0.0,24.68
12,3,0,28.04,30.14,27.78,37.54,335.07,35.35,4.86,0.0,24.84
13,3,0,24.68,28.04,30.14,27.78,137.17,40.37,4.29,0.0,25.22
13,3,0,24.84,24.68,28.04,30.14,326.87,20.01,3.59,0.0,25.6
13,3,0,25.22,24.84,24.68,28.04,172.68,29.32,3.24,0.0,21.38
13,3,0,25.6,25.22,24.84,24.68,147.58,26.67,4.9,0.0,23.44
14,3,0,21.38,25.6,25.22,24.84,315.7,50.2,2.33,0.0,27.14
14,3,0,23.44,21.38,25.6,25.22,115.97,39.83,3.02,0.0,27.3
14,3,0,27.14,23.44,21.38,25.6,338.19,46.15,4.55,3.0,22.58
14,3,0,27.3,27.14,23.44,21.38,267.74,16.67,5.41,3.0,21.9
15,3,0,22.58,27.3,27.14,23.44,160.73,37.93,3.57,3.0,38.56
15,3,0,21.9,22.58,27.3,27.14,256.22,41.2,4.86,3.0,37.24
15,3,0,38.56,21.9,22.58,27.3,246.46,21.1,5.61,3.0,63.82
15,3,0,37.24,38.56,21.9,22.58,197.66,28.86,5.69,3.0,23.2
16,3,0,63.82,37.24,38.56,21.9,155.34,51.42,7.92,2.0,23.16
16,3,0,23.2,63.82,37.24,38.56,128.69,41.03,3.47,2.0,31.54
16,3,0,23.16,23.2,63.82,37.24,290.85,37.28,3.1,2.0,25.22
16,3,0,31.54,23.16,23.2,63.82,197.36,37.54,6.06,2.0,37.04
17,3,0,25.22,31.54,23.16,23.2,166.46,52.35,3.61,2.0,24.18
17,3,0,37.04,25.22,31.54,23.16,158.27,53.04,10.08,2.0,26.7
17,3,0,24.18,37.04,25.22,31.54,326.95,28.93,3.04,2.0,24.18
17,3,0,26.7,24.18,37.04,25.22,175.84,27.3,3.76,2.0,22.48
18,3,0,24.18,26.7,24.18,37.04,45.13,6.41,3.92,1.0,26.22
18,3,0,22.48,24.18,26.7,24.18,57.52,7.32,3.04,1.0,27.98
18,3,0,26.22,22.48,24.18,26.7,391.45,32.06,5.65,1.0,25.8
18,3,0,27.98,26.22,22.48,24.18,301.9,48.73,4.8,1.0,26.48
19,3,0,25.8,27.98,26.22,22.48,165.67,10.82,6.86,0.0,27.68
19,3,0,26.48,25.8,27.98,26.22,119.18,46.99,4.78,0.0,29.32
19,3,0,27.68,26.48,25.8,27.98,207.24,13.32,3.69,0.0,25.4
20,3,0,29.32,27.68,26.48,25.8,323.18,30.46,6.63,1.0,26.12
20,3,0,25.4,29.32,27.68,26.48,140.4,31.94,4.12,1.0,44.98
20,3,0,26.12,25.4,29.32,27.68,345.89,38.76,4.33,1.0,24.18
20,3,0,44.98,26.12,25.4,29.32,128.4,22.14,8.92,1.0,25.4
21,3,0,24.18,44.98,26.12,25.4,156.23,54.73,3.49,1.0,23.66
21,3,0,25.4,24.18,44.98,26.12,171.89,29.28,4.49,1.0,24.08
21,3,0,23.66,25.4,24.18,44.98,300.75,48.43,5.33,1.0,35.02
21,3,0,24.08,23.66,25.4,24.18,317.22,42.11,3.27,1.0,21.54
22,3,0,35.02,24.08,23.66,25.4,70.76,35.21,6.08,0.0,28.82
22,3,0,21.54,35.02,24.08,23.66,322.8,41.33,2.16,0.0,22.34
22,3,0,28.82,21.54,35.02,24.08,198.51,18.13,4.94,0.0,23.84
22,3,0,22.34,28.82,21.54,35.02,320.9,38.11,2.35,0.0,22.56
23,3,0,23.84,22.34,28.82,21.54,96.99,42.95,3.59,1.0,26.74
23,3,0,22.56,23.84,22.34,28.82,293.34,33.25,2.78,1.0,24.84
23,3,0,26.74,22.56,23.84,22.34,164.88,44.19,3.94,1.0,25.26
23,3,0,24.84,26.74,22.56,23.84,355.26,45.58,3.76,1.0,21.92
0,4,0,25.26,24.84,26.74,22.56,250.71,34.8,3.63,1.0,24.5
0,4,0,21.92,25.26,24.84,26.74,305.78,50.9,3.18,1.0,30.06
0,4,0,24.5,21.92,25.26,24.84,310.53,36.78,3.1,1.0,23.32
0,4,0,30.06,24.5,21.92,25.26,329.86,51.7,2.49,1.0,37.98
1,4,0,23.32,30.06,24.5,21.92,166.87,22.19,3.12,0.0,31.7
1,4,0,37.98,23.32,30.06,24.5,187.16,21.05,6.86,0.0,24.7
1,4,0,31.7,37.98,23.32,30.06,165.48,31.04,8.33,0.0,25.26
1,4,0,24.7,31.7,37.98,23.32,314.19,24.56,4.37,0.0,35.84
2,4,0,25.26,24.7,31.7,37.98,395.55,52.56,3.12,0.0,25.2
2,4,0,35.84,25.26,24.7,31.7,326.61,34.57,6.45,0.0,25.08
2,4,0,25.2,35.84,25.26,24.7,333.93,50.05,6.24,0.0,23.84
2,4,0,25.08,25.2,35.84,25.26,298.03,21.36,3.65,0.0,23.78
3,4,0,23.84,25.08,25.2,35.84,337.23,39.41,4.69,0.0,29.24
3,4,0,23.78,23.84,25.08,25.2,140.28,36.42,3.45,0.0,26.12
3,4,0,29.24,23.78,23.84,25.08,282.69,34.74,6.51,0.0,43.84
3,4,0,26.12,29.24,23.78,23.84,327.99,28.61,3.86,0.0,32.52
4,4,0,43.84,26.12,29.24,23.78,326.19,35.58,9.37,0.0,26.84
4,4,0,32.52,43.84,26.12,29.24,286.71,28.55,4.98,0.0,28.64
4,4,0,26.84,32.52,43.84,26.12,223.79,8.59,8.16,0.0,46.04
4,4,0,28.64,26.84,32.52,43.84,172.42,18.0,8.31,0.0,43.12
5,4,0,46.04,28.64,26.84,32.52,90.63,34.36,17.12,0.0,23.12
5,4,0,43.12,46.04,28.64,26.84,235.84,11.83,7.08,0.0,26.06
5,4,0,23.12,43.12,46.04,28.64,153.97,29.9,2.57,0.0,22.74
6,4,0,26.06,23.12,43.12,46.04,263.7,34.97,3.76,0.0,24.8
6,4,0,22.74,26.06,23.12,43.12,343.34,32.85,3.86,0.0,23.96
6,4,0,24.8,22.74,26.06,23.12,193.34,42.53,4.06,0.0,25.14
6,4,0,23.96,24.8,22.74,26.06,270.81,39.17,3.8,0.0,28.06
7,4,0,25.14,23.96,24.8,22.74,351.73,59.21,3.59,0.0,28.2
7,4,0,28.06,25.14,23.96,24.8,170.82,34.71,5.33,0.0,37.55
7,4,0,28.2,28.06,25.14,23.96,123.94,32.7,5.69,0.0,27.02
7,4,0,37.55,28.2,28.06,25.14,357.0,45.68,12.77,0.0,24.46
8,4,0,27.02,37.55,28.2,28.06,278.09,17.04,6.27,0.0,25.24
8,4,0,24.46,27.02,37.55,28.2,398.98,24.61,5.31,0.0,26.68
8,4,0,25.24,24.46,27.02,37.55,306.01,20.09,3.76,0.0,26.42
8,4,0,26.68,25.24,24.46,27.02,276.43,37.54,5.76,0.0,30.86
9,4,0,26.42,26.68,25.24,24.46,277.08,48.9,4.49,0.0,22.26
9,4,0,30.86,26.42,26.68,25.24,93.92,51.17,5.16,0.0,22.88
9,4,0,22.26,30.86,26.42,26.68,143.64,49.08,3.73,0.0,27.98
9,4,0,22.88,22.26,30.86,26.42,298.76,31.54,4.8,0.0,23.32
10,4,0,27.98,22.88,22.26,30.86,247.52,20.95,5.78,0.0,26.74
10,4,0,23.32,27.98,22.88,22.26,287.04,30.61,2.92,0.0,35.68
10,4,0,26.74,23.32,27.98,22.88,317.27,27.33,5.1,0.0,25.44
10,4,0,35.68,26.74,23.32,27.98,165.05,43.71,5.37,0.0,23.78
11,4,0,25.44,35.68,26.74,23.32,328.08,40.45,6.98,0.0,35.58
11,4,0,23.78,25.44,35.68,26.74,171.35,10.97,2.55,0.0,31.66
11,4,0,35.58,23.78,25.44,35.68,280.28,18.35,5.31,0.0,25.7
11,4,0,31.66,35.58,23.78,25.44,218.97,24.29,8.8,0.0,26.38
12,4,0,25.7,31.66,35.58,23.78,366.12,15.93,4.51,0.0,25.94
12,4,0,26.38,25.7,31.66,35.58,213.22,40.48,5.12,0.0,28.42
12,4,0,25.94,26.38,25.7,31.66,362.76,31.39,3.84,0.0,23.78
12,4,0,28.42,25.94,26.38,25.7,139.76,31.23,4.78,0.0,26.32
13,4,0,23.78,28.42,25.94,26.38,129.77,40.86,3.27,0.0,29.1
13,4,0,26.32,23.78,28.42,25.94,322.0,18.17,3.8,0.0,24.88
13,4,0,29.1,26.32,23.78,28.42,118.73,7.44,7.76,0.0,24.42
13,4,0,24.88,29.1,26.32,23.78,40.43,6.3,4.12,0.0,25.8
14,4,0,24.42,24.88,29.1,26.32,84.09,15.67,3.18,0.0,25.16
14,4,0,25.8,24.42,24.88,29.1,296.36,40.61,4.06,0.0,24.78
14,4,0,25.16,25.8,24.42,24.88,261.33,39.05,3.94,0.0,25.78
14,4,0,24.78,25.16,25.8,24.42,341.0,42.37,3.71,0.0,32.08
15,4,0,25.78,24.78,25.16,25.8,287.11,28.77,3.49,0.0,25.82
15,4,0,32.08,25.78,24.78,25.16,242.84,45.42,5.78,0.0,30.26
15,4,0,25.82,32.08,25.78,24.78,270.75,30.0,4.73,0.0,23.18
15,4,0,30.26,25.82,32.08,25.78,277.42,40.82,6.33,0.0,25.26
16,4,0,23.18,30.26,25.82,32.08,344.26,39.9,4.06,0.0,23.38
16,4,0,25.26,23.18,30.26,25.82,124.5,44.94,3.55,0.0,23.38
16,4,0,23.38,25.26,23.18,30.26,159.91,46.45,1.59,0.0,22.52
16,4,0,23.38,23.38,25.26,23.18,364.43,50.61,3.53,0.0,27.26
17,4,0,22.52,23.38,23.38,25.26,207.75,61.57,4.49,0.0,30.58
17,4,0,27.26,22.52,23.38,23.38,183.28,31.56,4.12,0.0,23.94
17,4,0,30.58,27.26,22.52,23.38,320.09,28.68,7.06,0.0,25.5
17,4,0,23.94,30.58,27.26,22.52,231.59,30.47,3.55,0.0,25.32
18,4,0,25.5,23.94,30.58,27.26,291.59,30.84,3.04,0.0,24.9
18,4,0,25.32,25.5,23.94,30.58,149.12,39.81,3.69,0.0,25.48
18,4,0,24.9,25.32,25.5,23.94,302.81,30.12,3.45,0.0,25.34
18,4,0,25.48,24.9,25.32,25.5,165.55,14.58,3.49,0.0,22.86
19,4,0,25.34,25.48,24.9,25.32,137.81,28.88,4.55,0.0,25.3
19,4,0,22.86,25.34,25.48,24.9,132.73,39.14,2.2,0.0,29.02
19,4,0,25.3,22.86,25.34,25.48,249.47,39.04,3.86,0.0,22.82
19,4,0,29.02,25.3,22.86,25.34,260.15,36.21,5.61,0.0,23.64
20,4,0,22.82,29.02,25.3,22.86,292.21,34.55,3.92,0.0,27.44
20,4,0,23.64,22.82,29.02,25.3,155.56,35.94,3.16,0.0,24.32
20,4,0,27.44,23.64,22.82,29.02,114.07,26.53,5.86,0.0,29.6
20,4,0,24.32,27.44,23.64,22.82,144.75,40.6,3.37,0.0,22.08
21,4,0,29.6,24.32,27.44,23.64,307.67,44.68,4.16,0.0,25.4
21,4,0,22.08,29.6,24.32,27.44,310.65,39.67,1.8,0.0,24.52
21,4,0,25.4,22.08,29.6,24.32,246.53,30.35,6.12,0.0,24.02
21,4,0,24.52,25.4,22.08,29.6,288.56,49.8,2.9,0.0,27.26
22,4,0,24.02,24.52,25.4,22.08,241.68,33.68,4.55,0.0,31.88
22,4,0,27.26,24.02,24.52,25.4,158.56,23.0,4.29,0.0,25.46
22,4,0,31.88,27.26,24.02,24.52,318.36,37.98,4.49,0.0,27.96
22,4,0,25.46,31.88,27.26,24.02,117.04,36.72,4.08,0.0,25.86
23,4,0,27.96,25.46,31.88,27.26,300.83,39.47,7.9,0.0,26.74
23,4,0,25.86,27.96,25.46,31.88,136.5,44.25,4.06,0.0,24.76
23,4,0,26.74,25.86,27.96,25.46,146.68,30.21,5.92,0.0,23.26
23,4,0,24.76,26.74,25.86,27.96,266.91,15.95,4.57,1.0,21.68
0,5,1,23.26,24.76,26.74,25.86,352.96,32.74,3.35,1.0,21.38
0,5,1,21.68,23.26,24.76,26.74,134.33,42.14,3.49,1.0,25.66
0,5,1,21.38,21.68,23.26,24.76,219.32,26.91,3.27,2.0,29.82
0,5,1,25.66,21.38,21.68,23.26,300.59,43.91,4.51,2.0,25.7
1,5,1,29.82,25.66,21.38,21.68,284.55,28.7,5.55,3.0,25.12
1,5,1,25.7,29.82,25.66,21.38,214.02,25.09,3.16,3.0,24.28
1,5,1,25.12,25.7,29.82,25.66,286.0,39.36,3.24,3.0,24.42
1,5,1,24.28,25.12,25.7,29.82,198.49,40.85,2.45,3.0,22.5
2,5,1,24.42,24.28,25.12,25.7,286.42,49.61,2.57,3.0,31.98
2,5,1,22.5,24.42,24.28,25.12,358.3,29.71,2.49,3.0,25.86
2,5,1,31.98,22.5,24.42,24.28,198.31,12.41,4.14,3.0,23.7
2,5,1,25.86,31.98,22.5,24.42,276.81,39.91,4.0,3.0,25.48
3,5,1,23.7,25.86,31.98,22.5,139.68,56.57,3.2,3.0,51.64
3,5,1,25.48,23.7,25.86,31.98,101.3,52.34,4.04,3.0,35.0
3,5,1,51.64,25.48,23.7,25.86,349.48,18.99,8.67,3.0,32.26
3,5,1,35.0,51.64,25.48,23.7,145.14,25.94,8.51,3.0,34.0
4,5,1,32.26,35.0,51.64,25.48,224.23,6.22,11.16,1.0,32.08
4,5,1,34.0,32.26,35.0,51.64,257.25,23.4,7.29,1.0,28.24
4,5,1,32.08,34.0,32.26,35.0,246.78,30.36,11.2,2.0,24.16
5,5,1,28.24,32.08,34.0,32.26,245.61,38.66,7.82,3.0,25.7
5,5,1,24.16,28.24,32.08,34.0,208.35,43.83,4.59,3.0,27.62
5,5,1,25.7,24.16,28.24,32.08,187.32,23.53,5.14,3.0,22.22
6,5,1,27.62,25.7,24.16,28.24,99.3,30.14,3.67,2.0,21.28
6,5,1,22.22,27.62,25.7,24.16,195.41,46.86,3.31,2.0,26.66
6,5,1,21.28,22.22,27.62,25.7,281.62,38.48,3.43,2.0,27.22
6,5,1,26.66,21.28,22.22,27.62,249.8,35.83,5.86,2.0,31.56
7,5,1,27.22,26.66,21.28,22.22,259.92,20.14,4.53,2.0,24.24
7,5,1,31.56,27.22,26.66,21.28,321.31,33.34,6.2,1.0,30.6
7,5,1,24.24,31.56,27.22,26.66,318.34,36.83,5.27,1.0,25.42
7,5,1,30.6,24.24,31.56,27.22,290.23,41.21,15.22,0.0,23.16
8,5,1,25.42,30.6,24.24,31.56,339.43,44.86,3.82,0.0,41.1
8,5,1,23.16,25.42,30.6,24.24,315.94,8.19,4.49,0.0,27.02
8,5,1,41.1,23.16,25.42,30.6,271.86,39.03,9.02,0.0,35.08
8,5,1,27.02,41.1,23.16,25.42,233.19,16.66,5.1,0.0,53.78
9,5,1,35.08,27.02,41.1,23.16,349.36,28.36,4.57,0.0,28.6
9,5,1,53.78,35.08,27.02,41.1,283.76,26.26,8.06,0.0,25.3
9,5,1,28.6,53.78,35.08,27.02,295.53,52.65,4.2,0.0,31.86
9,5,1,25.3,28.6,53.78,35.08,336.14,54.73,2.55,0.0,24.84
10,5,1,31.86,25.3,28.6,53.78,358.92,34.26,6.16,0.0,29.2
10,5,1,24.84,31.86,25.3,28.6,318.62,21.96,3.78,0.0,36.34
10,5,1,29.2,24.84,31.86,25.3,275.13,21.55,5.37,0.0,25.74
10,5,1,36.34,29.2,24.84,31.86,338.56,40.13,6.59,0.0,28.38
11,5,1,25.74,36.34,29.2,24.84,290.41,28.58,3.37,0.0,47.92
11,5,1,28.38,25.74,36.34,29.2,331.85,57.28,4.41,0.0,26.18
11,5,1,47.92,28.38,25.74,36.34,331.65,26.57,8.55,0.0,23.36
11,5,1,26.18,47.92,28.38,25.74,278.37,49.33,5.24,0.0,27.36
12,5,1,23.36,26.18,47.92,28.38,223.19,40.58,4.16,1.0,22.22
12,5,1,27.36,23.36,26.18,47.92,116.28,34.1,7.08,1.0,22.6
12,5,1,22.22,27.36,23.36,26.18,397.85,41.84,3.59,2.0,23.0
12,5,1,22.6,22.22,27.36,23.36,233.38,30.54,3.14,2.0,19.82
13,5,1,23.0,22.6,22.22,27.36,129.18,36.24,3.33,3.0,20.78
13,5,1,19.82,23.0,22.6,22.22,326.17,47.24,3.47,3.0,23.48
13,5,1,20.78,19.82,23.0,22.6,154.33,34.7,2.67,3.0,27.9
13,5,1,23.48,20.78,19.82,23.0,277.97,28.83,4.65,3.0,22.58
14,5,1,27.9,23.48,20.78,19.82,94.0,37.21,4.71,3.0,25.56
14,5,1,22.58,27.9,23.48,20.78,116.43,31.15,5.41,2.0,25.14
14,5,1,25.56,22.58,27.9,23.48,286.81,38.21,3.86,2.0,45.26
14,5,1,25.14,25.56,22.58,27.9,317.62,39.16,3.55,1.0,19.46
15,5,1,45.26,25.14,25.56,22.58,193.88,25.82,5.55,0.0,22.4
15,5,1,19.46,45.26,25.14,25.56,207.17,43.04,2.08,0.0,23.84
15,5,1,22.4,19.46,45.26,25.14,140.81,38.68,4.96,0.0,22.52
15,5,1,23.84,22.4,19.46,45.26,333.71,30.0,4.04,0.0,22.82
16,5,1,22.52,23.84,22.4,19.46,165.21,36.06,4.96,0.0,31.02
16,5,1,22.82,22.52,23.84,22.4,153.7,46.13,4.18,0.0,26.44
16,5,1,31.02,22.82,22.52,23.84,290.97,36.66,5.47,0.0,63.18
16,5,1,26.44,31.02,22.82,22.52,300.55,33.54,5.96,0.0,21.1
17,5,1,63.18,26.44,31.02,22.82,192.77,24.22,18.84,0.0,20.14
17,5,1,21.1,63.18,26.44,31.02,149.75,18.82,3.08,0.0,21.58
17,5,1,20.14,21.1,63.18,26.44,240.83,39.2,2.1,0.0,21.76
17,5,1,21.58,20.14,21.1,63.18,316.42,31.59,2.73,0.0,25.06
18,5,1,21.76,21.58,20.14,21.1,171.08,36.75,2.67,0.0,23.62
18,5,1,25.06,21.76,21.58,20.14,115.22,26.65,5.47,0.0,24.04
18,5,1,23.62,25.06,21.76,21.58,365.08,50.01,4.14,0.0,22.8
18,5,1,24.04,23.62,25.06,21.76,136.17,39.75,4.69,0.0,59.84
19,5,1,22.8,24.04,23.62,25.06,136.59,37.98,3.47,0.0,26.1
19,5,1,59.84,22.8,24.04,23.62,286.52,32.88,10.55,0.0,28.0
19,5,1,26.1,59.84,22.8,24.04,185.39,30.15,4.51,0.0,24.1
19,5,1,28.0,26.1,59.84,22.8,279.04,35.31,9.82,0.0,21.12
20,5,1,24.1,28.0,26.1,59.84,215.72,50.96,2.94,0.0,26.88
20,5,1,21.12,24.1,28.0,26.1,258.21,42.46,3.12,0.0,22.98
20,5,1,26.88,21.12,24.1,28.0,114.02,29.5,3.63,0.0,24.74
20,5,1,22.98,26.88,21.12,24.1,331.33,53.14,3.57,0.0,27.54
21,5,1,24.74,22.98,26.88,21.12,153.09,42.16,4.9,0.0,24.34
21,5,1,27.54,24.74,22.98,26.88,278.49,20.85,6.29,0.0,23.28
21,5,1,24.34,27.54,24.74,22.98,341.27,43.42,3.06,0.0,22.4
21,5,1,23.28,24.34,27.54,24.74,193.03,62.36,3.8,0.0,21.1
22,5,1,22.4,23.28,24.34,27.54,332.01,27.41,3.1,1.0,21.74
22,5,1,21.1,22.4,23.28,24.34,165.57,44.0,3.29,1.0,25.66
22,5,1,21.74,21.1,22.4,23.28,241.63,39.93,3.61,0.0,21.92
22,5,1,25.66,21.74,21.1,22.4,228.93,37.6,6.57,0.0,22.86
23,5,1,21.92,25.66,21.74,21.1,287.42,36.32,3.29,0.0,22.84
23,5,1,22.86,21.92,25.66,21.74,322.69,38.75,4.84,0.0,24.94
23,5,1,22.84,22.86,21.92,25.66,287.22,37.14,4.41,0.0,23.0
23,5,1,24.94,22.84,22.86,21.92,362.86,28.84,3.41,0.0,22.0
0,6,1,23.0,24.94,22.84,22.86,172.19,47.35,4.41,0.0,22.86
0,6,1,22.0,23.0,24.94,22.84,306.42,41.49,6.41,1.0,36.32
0,6,1,22.86,22.0,23.0,24.94,291.78,33.63,3.29,2.0,22.14
0,6,1,36.32,22.86,22.0,23.0,122.9,29.81,7.8,3.0,22.84
1,6,1,22.14,36.32,22.86,22.0,177.07,37.92,5.04,3.0,24.68
1,6,1,22.84,22.14,36.32,22.86,265.48,20.93,3.84,3.0,22.16
1,6,1,24.68,22.84,22.14,36.32,301.72,8.34,4.53,3.0,23.46
1,6,1,22.16,24.68,22.84,22.14,312.55,36.11,5.2,3.0,56.58
2,6,1,23.46,22.16,24.68,22.84,117.9,45.21,4.27,3.0,24.6
2,6,1,56.58,23.46,22.16,24.68,193.29,6.22,7.65,3.0,21.2
2,6,1,24.6,56.58,23.46,22.16,318.65,30.85,5.84,3.0,24.7
2,6,1,21.2,24.6,56.58,23.46,304.73,35.29,4.1,3.0,24.78
3,6,1,24.7,21.2,24.6,56.58,166.25,25.42,5.78,3.0,24.66
3,6,1,24.78,24.7,21.2,24.6,205.03,45.34,3.67,3.0,24.72
3,6,1,24.66,24.78,24.7,21.2,227.11,32.64,6.67,3.0,25.04
3,6,1,24.72,24.66,24.78,24.7,220.7,38.39,3.2,3.0,25.3
4,6,1,25.04,24.72,24.66,24.78,330.08,54.83,3.92,1.0,31.14
4,6,1,25.3,25.04,24.72,24.66,166.34,30.45,7.22,1.0,23.02
4,6,1,31.14,25.3,25.04,24.72,309.17,19.35,6.59,1.0,30.74
5,6,1,23.02,31.14,25.3,25.04,337.22,44.99,5.9,1.0,24.46
5,6,1,30.74,23.02,31.14,25.3,313.21,50.73,8.35,1.0,25.76
5,6,1,24.46,30.74,23.02,31.14,135.6,30.35,5.67,0.0,29.41
5,6,1,25.76,24.46,30.74,23.02,351.12,41.58,5.08,0.0,23.68
6,6,1,29.41,25.76,24.46,30.74,172.17,32.62,7.21,0.0,26.0
6,6,1,23.68,29.41,25.76,24.46,399.2,22.48,3.76,0.0,25.14
6,6,1,26.0,23.68,29.41,25.76,152.44,22.59,5.9,1.0,31.9
6,6,1,25.14,26.0,23.68,29.41,294.83,33.91,4.8,2.0,24.9
7,6,1,31.9,25.14,26.0,23.68,292.51,21.98,7.59,2.0,21.58
7,6,1,24.9,31.9,25.14,26.0,309.36,41.76,4.41,2.0,24.0
7,6,1,21.58,24.9,31.9,25.14,185.11,40.21,3.08,2.0,27.98
7,6,1,24.0,21.58,24.9,31.9,274.11,35.94,4.24,2.0,32.72
8,6,1,27.98,24.0,21.58,24.9,320.86,18.63,7.51,2.0,37.56
8,6,1,32.72,27.98,24.0,21.58,338.66,27.96,8.02,2.0,30.72
8,6,1,37.56,32.72,27.98,24.0,180.34,16.57,7.78,1.0,25.14
8,6,1,30.72,37.56,32.72,27.98,331.12,47.51,5.59,0.0,21.46
9,6,1,25.14,30.72,37.56,32.72,176.88,41.69,4.08,0.0,25.2
9,6,1,21.46,25.14,30.72,37.56,303.26,35.78,2.49,0.0,37.14
9,6,1,25.2,21.46,25.14,30.72,313.16,31.96,4.41,0.0,31.86
9,6,1,37.14,25.2,21.46,25.14,80.72,21.96,8.92,0.0,24.96
10,6,1,31.86,37.14,25.2,21.46,68.72,32.7,7.61,0.0,22.12
10,6,1,24.96,31.86,37.14,25.2,138.36,16.98,6.63,0.0,23.82
10,6,1,22.12,24.96,31.86,37.14,348.7,35.3,4.16,0.0,20.86
10,6,1,23.82,22.12,24.96,31.86,336.12,17.61,3.51,0.0,23.24
11,6,1,20.86,23.82,22.12,24.96,189.62,35.06,3.2,0.0,32.44
11,6,1,23.24,20.86,23.82,22.12,197.16,30.03,5.61,0.0,24.32
11,6,1,32.44,23.24,20.86,23.82,297.31,31.31,12.55,0.0,25.56
11,6,1,24.32,32.44,23.24,20.86,124.56,40.29,4.45,0.0,25.0
12,6,1,25.56,24.32,32.44,23.24,299.74,46.21,6.84,0.0,32.4
12,6,1,25.0,25.56,24.32,32.44,368.84,43.69,7.39,0.0,23.58
12,6,1,32.4,25.0,25.56,24.32,182.44,26.76,9.0,0.0,23.58
12,6,1,23.58,32.4,25.0,25.56,312.79,48.42,4.59,0.0,25.0
13,6,1,23.58,23.58,32.4,25.0,282.75,39.91,6.86,0.0,25.92
13,6,1,25.0,23.58,23.58,32.4,158.92,36.07,4.67,0.0,21.32
13,6,1,25.92,25.0,23.58,23.58,164.13,47.03,8.33,1.0,21.82
13,6,1,21.32,25.92,25.0,23.58,325.28,41.54,4.45,2.0,54.2
14,6,1,21.82,21.32,25.92,25.0,278.54,40.66,3.0,3.0,27.52
14,6,1,54.2,21.82,21.32,25.92,109.1,33.27,4.71,3.0,34.74
14,6,1,27.52,54.2,21.82,21.32,354.3,43.99,4.31,3.0,21.74
14,6,1,34.74,27.52,54.2,21.82,199.4,37.01,8.86,3.0,21.36
15,6,1,21.74,34.74,27.52,54.2,274.6,49.73,2.76,3.0,22.58
15,6,1,21.36,21.74,34.74,27.52,230.32,39.49,4.0,3.0,21.8
15,6,1,22.58,21.36,21.74,34.74,166.05,41.36,3.57,3.0,24.14
15,6,1,21.8,22.58,21.36,21.74,178.45,15.61,4.49,3.0,25.4
16,6,1,24.14,21.8,22.58,21.36,125.29,50.77,5.82,3.0,40.94
16,6,1,25.4,24.14,21.8,22.58,282.67,30.03,5.57,0.0,22.78
16,6,1,40.94,25.4,24.14,21.8,129.81,8.12,7.04,0.0,26.78
16,6,1,22.78,40.94,25.4,24.14,321.15,45.32,3.24,0.0,21.54
17,6,1,26.78,22.78,40.94,25.4,333.79,50.07,8.71,0.0,27.0
17,6,1,21.54,26.78,22.78,40.94,270.57,37.79,3.63,0.0,24.62
17,6,1,27.0,21.54,26.78,22.78,236.4,34.84,6.92,0.0,26.24
17,6,1,24.62,27.0,21.54,26.78,212.42,37.29,4.02,0.0,27.98
18,6,1,26.24,24.62,27.0,21.54,292.37,26.23,4.47,0.0,24.58
18,6,1,27.98,26.24,24.62,27.0,279.93,38.08,3.92,0.0,30.28
18,6,1,24.58,27.98,26.24,24.62,206.69,58.35,4.24,0.0,23.34
18,6,1,30.28,24.58,27.98,26.24,135.61,23.88,4.3,0.0,27.4
19,6,1,23.34,30.28,24.58,27.98,340.01,36.56,5.78,0.0,25.96
19,6,1,27.4,23.34,30.28,24.58,230.2,35.08,4.67,0.0,21.56
19,6,1,25.96,27.4,23.34,30.28,231.46,40.19,7.24,0.0,25.78
19,6,1,21.56,25.96,27.4,23.34,336.26,47.58,4.22,0.0,28.66
20,6,1,25.78,21.56,25.96,27.4,213.05,47.4,3.65,0.0,21.16
20,6,1,28.66,25.78,21.56,25.96,242.64,21.54,5.92,0.0,24.98
20,6,1,21.16,28.66,25.78,21.56,330.46,22.26,4.1,0.0,23.22
20,6,1,24.98,21.16,28.66,25.78,316.86,40.0,4.39,0.0,23.78
21,6,1,23.22,24.98,21.16,28.66,268.64,40.82,5.59,0.0,23.34
21,6,1,23.78,23.22,24.98,21.16,165.26,25.43,6.18,0.0,22.66
21,6,1,23.34,23.78,23.22,24.98,169.04,45.97,3.73,0.0,24.6
21,6,1,22.66,23.34,23.78,23.22,182.46,30.66,4.86,0.0,67.88
22,6,1,24.6,22.66,23.34,23.78,305.56,39.08,5.65,0.0,24.66
22,6,1,67.88,24.6,22.66,23.34,153.57,33.98,11.96,0.0,22.16
22,6,1,24.66,67.88,24.6,22.66,301.06,40.0,5.27,0.0,25.16
22,6,1,22.16,24.66,67.88,24.6,234.08,30.38,5.61,0.0,27.34
23,6,1,25.16,22.16,24.66,67.88,255.16,36.41,6.16,0.0,23.2
23,6,1,27.34,25.16,22.16,24.66,340.07,46.65,9.02,0.0,26.28
23,6,1,23.2,27.34,25.16,22.16,304.13,29.88,4.27,0.0,22.86
23,6,1,26.28,23.2,27.34,25.16,351.91,30.27,5.43,0.0,28.34
0,0,0,22.86,26.28,23.2,27.34,185.42,42.1,4.24,0.0,25.06
0,0,0,28.34,22.86,26.28,23.2,116.87,31.04,6.06,0.0,21.88
0,0,0,25.06,28.34,22.86,26.28,286.65,20.97,3.76,0.0,26.58
0,0,0,21.88,25.06,28.34,22.86,280.63,28.6,4.41,0.0,23.36
1,0,0,26.58,21.88,25.06,28.34,164.71,17.84,6.35,0.0,20.46
1,0,0,23.36,26.58,21.88,25.06,248.48,31.86,3.65,0.0,27.22
1,0,0,20.46,23.36,26.58,21.88,323.91,43.22,2.39,0.0,20.76
1,0,0,27.22,20.46,23.36,26.58,252.37,18.27,6.37,0.0,22.12
2,0,0,20.76,27.22,20.46,23.36,124.37,31.6,2.78,0.0,27.69
2,0,0,22.12,20.76,27.22,20.46,203.28,26.48,4.41,0.0,30.45
2,0,0,27.69,22.12,20.76,27.22,249.17,41.92,6.67,0.0,27.16
2,0,0,30.45,27.69,22.12,20.76,317.5,37.24,6.1,0.0,22.98
3,0,0,27.16,30.45,27.69,22.12,210.9,25.96,5.9,0.0,26.46
3,0,0,22.98,27.16,30.45,27.69,156.44,12.48,5.87,1.0,22.24
3,0,0,26.46,22.98,27.16,30.45,381.25,40.33,5.76,1.0,21.66
3,0,0,22.24,26.46,22.98,27.16,228.56,25.53,5.1,1.0,22.46
4,0,0,21.66,22.24,26.46,22.98,280.39,34.23,4.59,1.0,35.62
4,0,0,22.46,21.66,22.24,26.46,176.81,39.79,5.06,0.0,22.02
4,0,0,35.62,22.46,21.66,22.24,201.78,9.88,7.43,0.0,20.8
4,0,0,22.02,35.62,22.46,21.66,350.94,39.85,4.8,0.0,26.18
5,0,0,20.8,22.02,35.62,22.46,108.33,39.68,4.94,0.0,23.4
5,0,0,26.18,20.8,22.02,35.62,173.64,26.93,5.76,0.0,24.96
5,0,0,23.4,26.18,20.8,22.02,297.56,28.36,6.35,0.0,33.3
5,0,0,24.96,23.4,26.18,20.8,327.87,26.81,4.02,0.0,25.8
6,0,0,33.3,24.96,23.4,26.18,355.27,28.52,9.82,0.0,25.54
6,0,0,25.8,33.3,24.96,23.4,348.49,24.25,6.22,0.0,21.8
6,0,0,25.54,25.8,33.3,24.96,218.17,16.06,10.39,0.0,23.04
6,0,0,21.8,25.54,25.8,33.3,202.32,46.58,3.55,0.0,20.64
7,0,0,23.04,21.8,25.54,25.8,365.97,49.28,3.86,0.0,23.38
7,0,0,20.64,23.04,21.8,25.54,264.45,38.54,3.96,0.0,30.72
7,0,0,23.38,20.64,23.04,21.8,274.42,40.8,5.61,0.0,26.16
7,0,0,30.72,23.38,20.64,23.04,370.24,40.56,9.96,0.0,24.62
8,0,0,26.16,30.72,23.38,20.64,285.29,15.12,4.47,0.0,22.76
8,0,0,24.62,26.16,30.72,23.38,259.9,35.17,4.92,0.0,28.38
8,0,0,22.76,24.62,26.16,30.72,299.12,41.41,3.45,0.0,27.28
8,0,0,28.38,22.76,24.62,26.16,317.94,39.96,6.96,0.0,24.36
9,0,0,27.28,28.38,22.76,24.62,341.94,40.15,3.2,0.0,24.16
9,0,0,24.36,27.28,28.38,22.76,284.3,26.82,6.08,0.0,39.88
9,0,0,24.16,24.36,27.28,28.38,242.17,32.22,4.98,0.0,35.88
9,0,0,39.88,24.16,24.36,27.28,288.08,8.52,4.57,0.0,28.12
10,0,0,35.88,39.88,24.16,24.36,296.21,30.29,8.76,0.0,26.32
10,0,0,28.12,35.88,39.88,24.16,340.8,35.77,4.75,0.0,30.4
10,0,0,26.32,28.12,35.88,39.88,330.77,49.02,4.1,0.0,22.76
10,0,0,30.4,26.32,28.12,35.88,104.23,32.27,7.37,0.0,25.44
11,0,0,22.76,30.4,26.32,28.12,377.39,44.45,3.67,0.0,22.57
11,0,0,25.44,22.76,30.4,26.32,204.45,38.07,4.82,0.0,23.7
11,0,0,22.57,25.44,22.76,30.4,351.9,33.54,2.9,0.0,24.22
11,0,0,23.7,22.57,25.44,22.76,298.65,18.63,4.22,0.0,26.5
12,0,0,24.22,23.7,22.57,25.44,157.66,59.73,3.04,0.0,27.28
12,0,0,26.5,24.22,23.7,22.57,235.82,50.87,8.08,0.0,23.96
12,0,0,27.28,26.5,24.22,23.7,129.48,32.13,6.04,0.0,26.44
12,0,0,23.96,27.28,26.5,24.22,150.14,30.99,4.14,0.0,29.52
13,0,0,26.44,23.96,27.28,26.5,278.97,41.1,4.39,0.0,23.86
13,0,0,29.52,26.44,23.96,27.28,331.29,38.79,7.16,0.0,30.56
13,0,0,23.86,29.52,26.44,23.96,176.13,19.34,5.16,0.0,24.38
13,0,0,30.56,23.86,29.52,26.44,110.85,50.33,6.37,0.0,57.68
14,0,0,24.38,30.56,23.86,29.52,333.33,54.35,4.98,0.0,22.54
14,0,0,57.68,24.38,30.56,23.86,52.43,28.87,6.31,0.0,22.26
14,0,0,22.54,57.68,24.38,30.56,301.16,22.28,7.14,0.0,21.98
14,0,0,22.26,22.54,57.68,24.38,271.15,52.77,3.35,0.0,26.86
15,0,0,21.98,22.26,22.54,57.68,162.83,53.15,3.39,0.0,22.72
15,0,0,26.86,21.98,22.26,22.54,268.84,47.14,9.1,0.0,30.52
15,0,0,22.72,26.86,21.98,22.26,339.65,57.25,3.43,0.0,43.72
15,0,0,30.52,22.72,26.86,21.98,25.8,49.38,5.61,0.0,24.54
16,0,0,43.72,30.52,22.72,26.86,263.9,26.23,7.18,0.0,25.58
16,0,0,24.54,43.72,30.52,22.72,309.19,17.29,5.39,0.0,19.94
16,0,0,25.58,24.54,43.72,30.52,30.39,23.46,3.92,0.0,23.62
16,0,0,19.94,25.58,24.54,43.72,311.34,34.67,2.76,0.0,26.08
17,0,0,23.62,19.94,25.58,24.54,322.71,25.16,3.65,0.0,23.64
17,0,0,26.08,23.62,19.94,25.58,278.57,35.55,5.82,0.0,26.98
17,0,0,23.64,26.08,23.62,19.94,135.91,34.79,5.14,0.0,21.3
17,0,0,26.98,23.64,26.08,23.62,264.57,32.47,7.24,0.0,20.26
18,0,0,21.3,26.98,23.64,26.08,332.76,46.94,3.94,0.0,25.98
18,0,0,20.26,21.3,26.98,23.64,273.99,27.52,3.2,0.0,33.64
18,0,0,25.98,20.26,21.3,26.98,252.5,34.37,6.8,0.0,23.92
18,0,0,33.64,25.98,20.26,21.3,285.07,15.29,5.96,0.0,23.16
19,0,0,23.92,33.64,25.98,20.26,239.47,8.98,3.55,0.0,24.2
19,0,0,23.16,23.92,33.64,25.98,113.11,45.86,4.14,0.0,23.06
19,0,0,24.2,23.16,23.92,33.64,300.61,31.06,4.27,0.0,20.56
19,0,0,23.06,24.2,23.16,23.92,249.01,21.73,3.2,0.0,20.08
20,0,0,20.56,23.06,24.2,23.16,312.22,37.62,3.1,0.0,27.62
20,0,0,20.08,20.56,23.06,24.2,240.26,51.97,3.22,0.0,23.82
20,0,0,27.62,20.08,20.56,23.06,177.25,34.98,5.69,0.0,21.08
20,0,0,23.82,27.62,20.08,20.56,166.9,58.34,3.55,0.0,23.56
21,0,0,21.08,23.82,27.62,20.08,123.65,34.88,4.18,0.0,26.4
21,0,0,23.56,21.08,23.82,27.62,92.63,53.5,4.86,0.0,20.58
21,0,0,26.4,23.56,21.08,23.82,311.13,45.22,4.31,0.0,24.26
21,0,0,20.58,26.4,23.56,21.08,278.19,37.44,3.45,0.0,28.14
22,0,0,24.26,20.58,26.4,23.56,307.75,35.31,6.51,0.0,20.86
22,0,0,28.14,24.26,20.58,26.4,270.67,44.19,7.59,0.0,21.2
22,0,0,20.86,28.14,24.26,20.58,288.52,40.66,3.51,0.0,24.36
22,0,0,21.2,20.86,28.14,24.26,127.19,31.55,2.94,0.0,22.1
23,0,0,24.36,21.2,20.86,28.14,305.24,42.6,5.12,0.0,20.98
23,0,0,22.1,24.36,21.2,20.86,145.08,32.1,2.65,0.0,24.12
23,0,0,20.98,22.1,24.36,21.2,143.55,55.57,3.45,0.0,29.62
23,0,0,24.12,20.98,22.1,24.36,302.71,38.38,3.9,0.0,20.48
0,1,0,29.62,24.12,20.98,22.1,240.41,28.83,9.45,0.0,23.62
0,1,0,20.48,29.62,24.12,20.98,310.95,39.58,2.98,0.0,21.8
0,1,0,23.62,20.48,29.62,24.12,166.54,43.53,3.8,0.0,21.26
0,1,0,21.8,23.62,20.48,29.62,117.35,41.95,5.51,0.0,25.52
1,1,0,21.26,21.8,23.62,20.48,139.05,13.41,3.51,0.0,21.44
1,1,0,25.52,21.26,21.8,23.62,171.45,40.8,5.88,0.0,19.92
1,1,0,21.44,25.52,21.26,21.8,287.42,42.77,2.84,0.0,22.22
1,1,0,19.92,21.44,25.52,21.26,262.71,37.07,3.04,0.0,27.26
2,1,0,22.22,19.92,21.44,25.52,269.9,34.4,3.47,0.0,26.64
2,1,0,27.26,22.22,19.92,21.44,75.26,37.37,5.0,0.0,24.66
2,1,0,26.64,27.26,22.22,19.92,174.4,23.49,2.71,0.0,22.4
2,1,0,24.66,26.64,27.26,22.22,353.09,39.77,6.02,0.0,22.98
3,1,0,22.4,24.66,26.64,27.26,217.94,23.61,3.47,0.0,22.74
3,1,0,22.98,22.4,24.66,26.64,337.28,53.18,4.73,0.0,21.7
3,1,0,22.74,22.98,22.4,24.66,126.78,48.13,3.35,0.0,29.66
3,1,0,21.7,22.74,22.98,22.4,167.56,34.09,3.06,0.0,24.62
4,1,0,29.66,21.7,22.74,22.98,251.7,32.65,9.04,0.0,24.14
4,1,0,24.62,29.66,21.7,22.74,354.42,31.15,4.57,0.0,27.12
4,1,0,24.14,24.62,29.66,21.7,142.51,52.68,3.76,0.0,27.06
4,1,0,27.12,24.14,24.62,29.66,204.06,21.56,5.69,0.0,27.0
5,1,0,27.06,27.12,24.14,24.62,177.35,51.54,6.96,0.0,23.02
5,1,0,27.0,27.06,27.12,24.14,173.85,49.86,3.98,0.0,38.9
5,1,0,23.02,27.0,27.06,27.12,241.44,4.31,4.37,0.0,24.88
5,1,0,38.9,23.02,27.0,27.06,162.04,24.32,10.63,0.0,37.14
6,1,0,24.88,38.9,23.02,27.0,273.32,38.46,5.29,0.0,24.76
6,1,0,37.14,24.88,38.9,23.02,326.13,38.95,10.9,0.0,24.96
6,1,0,24.76,37.14,24.88,38.9,318.49,27.39,4.06,0.0,24.1
6,1,0,24.96,24.76,37.14,24.88,97.67,15.9,4.16,0.0,28.22
7,1,0,24.1,24.96,24.76,37.14,318.91,40.03,4.51,0.0,30.32
7,1,0,28.22,24.1,24.96,24.76,335.24,46.39,5.18,0.0,20.42
7,1,0,30.32,28.22,24.1,24.96,265.49,22.8,7.04,0.0,29.08
7,1,0,20.42,30.32,28.22,24.1,374.33,53.63,3.06,0.0,43.26
8,1,0,29.08,20.42,30.32,28.22,323.82,24.61,5.59,0.0,26.6
8,1,0,43.26,29.08,20.42,30.32,399.83,39.09,5.33,0.0,29.96
8,1,0,26.6,43.26,29.08,20.42,220.4,39.53,5.88,0.0,27.96
8,1,0,29.96,26.6,43.26,29.08,330.34,35.97,5.57,0.0,26.12
9,1,0,27.96,29.96,26.6,43.26,352.52,34.52,4.35,0.0,40.94
9,1,0,26.12,27.96,29.96,26.6,271.52,30.92,3.37,0.0,30.4
9,1,0,40.94,26.12,27.96,29.96,142.16,29.68,5.41,1.0,25.52
9,1,0,30.4,40.94,26.12,27.96,354.41,45.46,5.41,1.0,43.96
10,1,0,25.52,30.4,40.94,26.12,287.89,42.61,3.2,1.0,22.58
10,1,0,43.96,25.52,30.4,40.94,351.94,41.27,4.86,2.0,19.26
10,1,0,22.58,43.96,25.52,30.4,241.67,22.57,3.59,2.0,26.52
10,1,0,19.26,22.58,43.96,25.52,362.09,39.36,2.14,0.0,41.04
11,1,0,26.52,19.26,22.58,43.96,184.16,60.13,5.47,0.0,29.76
11,1,0,41.04,26.52,19.26,22.58,122.9,33.83,8.49,0.0,24.34
11,1,0,29.76,41.04,26.52,19.26,174.51,38.49,3.71,1.0,24.2
12,1,0,24.34,29.76,41.04,26.52,329.82,35.94,4.08,1.0,25.08
12,1,0,24.2,24.34,29.76,41.04,214.56,38.27,4.71,0.0,26.96
12,1,0,25.08,24.2,24.34,29.76,129.71,26.94,5.53,0.0,22.82
12,1,0,26.96,25.08,24.2,24.34,253.06,31.21,2.96,0.0,22.92
13,1,0,22.82,26.96,25.08,24.2,212.75,34.93,3.14,0.0,22.16
13,1,0,22.92,22.82,26.96,25.08,142.97,52.02,2.59,0.0,24.78
13,1,0,22.16,22.92,22.82,26.96,259.79,42.35,2.53,1.0,24.22
13,1,0,24.78,22.16,22.92,22.82,313.56,42.06,3.2,1.0,28.28
14,1,0,24.22,24.78,22.16,22.92,138.78,40.18,5.45,1.0,24.02
14,1,0,28.28,24.22,24.78,22.16,308.78,15.75,4.35,1.0,22.04
14,1,0,24.02,28.28,24.22,24.78,323.29,33.8,4.31,1.0,25.42
14,1,0,22.04,24.02,28.28,24.22,291.6,19.29,3.35,0.0,25.02
15,1,0,25.42,22.04,24.02,28.28,294.39,57.11,6.8,0.0,26.3
15,1,0,25.02,25.42,22.04,24.02,244.21,45.76,3.02,0.0,60.56
15,1,0,26.3,25.02,25.42,22.04,282.56,38.06,4.73,0.0,35.72
15,1,0,60.56,26.3,25.02,25.42,275.37,32.27,8.2,0.0,23.16
16,1,0,35.72,60.56,26.3,25.02,323.14,38.85,5.29,0.0,25.96
16,1,0,23.16,35.72,60.56,26.3,272.84,19.07,3.8,0.0,34.94
16,1,0,25.96,23.16,35.72,60.56,326.5,44.36,5.92,0.0,21.64
16,1,0,34.94,25.96,23.16,35.72,60.01,29.12,8.29,0.0,27.86
17,1,0,21.64,34.94,25.96,23.16,268.79,41.88,2.92,0.0,23.9
17,1,0,27.86,21.64,34.94,25.96,278.95,52.55,5.12,0.0,25.9
17,1,0,23.9,27.86,21.64,34.94,339.89,31.01,3.18,0.0,25.8
17,1,0,25.9,23.9,27.86,21.64,342.66,33.09,3.98,0.0,24.46
18,1,0,25.8,25.9,23.9,27.86,185.25,34.99,4.31,0.0,31.08
18,1,0,24.46,25.8,25.9,23.9,286.45,53.03,4.67,0.0,25.44
18,1,0,31.08,24.46,25.8,25.9,265.69,37.12,5.98,0.0,22.86
18,1,0,25.44,31.08,24.46,25.8,299.13,43.61,4.14,0.0,23.78
19,1,0,22.86,25.44,31.08,24.46,260.72,37.52,3.2,0.0,23.44
19,1,0,23.78,22.86,25.44,31.08,276.09,50.53,2.63,0.0,35.9
19,1,0,23.44,23.78,22.86,25.44,220.71,44.72,3.2,0.0,28.3
19,1,0,35.9,23.44,23.78,22.86,328.39,39.4,7.98,0.0,30.8
20,1,0,28.3,35.9,23.44,23.78,163.9,27.82,6.2,0.0,30.7
20,1,0,30.8,28.3,35.9,23.44,287.26,57.26,6.67,0.0,21.86
20,1,0,30.7,30.8,28.3,35.9,176.88,28.27,5.31,0.0,23.9
20,1,0,21.86,30.7,30.8,28.3,319.75,35.32,3.04,0.0,26.3
21,1,0,23.9,21.86,30.7,30.8,327.25,54.55,2.94,0.0,23.16
21,1,0,26.3,23.9,21.86,30.7,311.51,45.64,5.02,0.0,24.34
21,1,0,23.16,26.3,23.9,21.86,325.48,28.49,3.59,0.0,23.8
21,1,0,24.34,23.16,26.3,23.9,404.43,41.23,3.47,0.0,22.9
22,1,0,23.8,24.34,23.16,26.3,281.61,39.8,4.43,0.0,25.36
22,1,0,22.9,23.8,24.34,23.16,282.62,33.31,2.84,0.0,20.82
22,1,0,25.36,22.9,23.8,24.34,342.24,50.22,4.47,0.0,23.76
22,1,0,20.82,25.36,22.9,23.8,339.95,34.78,2.86,0.0,29.3
23,1,0,23.76,20.82,25.36,22.9,145.0,22.53,3.59,0.0,24.2
23,1,0,29.3,23.76,20.82,25.36,149.94,31.1,7.14,0.0,38.6
23,1,0,24.2,29.3,23.76,20.82,331.52,50.53,3.47,0.0,24.28
23,1,0,38.6,24.2,29.3,23.76,267.62,47.69,6.88,0.0,26.4
0,2,0,24.28,38.6,24.2,29.3,271.69,37.88,2.94,0.0,24.06
0,2,0,26.4,24.28,38.6,24.2,334.98,49.13,5.06,0.0,22.8
0,2,0,24.06,26.4,24.28,38.6,277.64,34.09,3.24,0.0,25.98
0,2,0,22.8,24.06,26.4,24.28,334.33,43.46,3.24,0.0,26.9
1,2,0,25.98,22.8,24.06,26.4,131.92,19.26,3.49,0.0,25.44
1,2,0,26.9,25.98,22.8,24.06,274.61,48.5,4.12,0.0,25.84
1,2,0,25.44,26.9,25.98,22.8,293.78,45.59,3.98,1.0,22.84
1,2,0,25.84,25.44,26.9,25.98,314.76,45.55,4.0,2.0,24.5
2,2,0,22.84,25.84,25.44,26.9,287.71,49.33,4.14,2.0,20.36
2,2,0,24.5,22.84,25.84,25.44,239.66,35.7,3.98,2.0,21.16
2,2,0,20.36,24.5,22.84,25.84,278.04,52.03,3.33,1.0,23.26
2,2,0,21.16,20.36,24.5,22.84,328.84,33.38,3.08,1.0,23.58
3,2,0,23.26,21.16,20.36,24.5,291.14,45.98,3.47,1.0,22.04
3,2,0,23.58,23.26,21.16,20.36,305.71,38.15,5.45,0.0,26.34
3,2,0,22.04,23.58,23.26,21.16,273.39,12.06,3.61,0.0,26.14
3,2,0,26.34,22.04,23.58,23.26,282.71,37.53,5.08,0.0,24.7
4,2,0,26.14,26.34,22.04,23.58,273.32,33.31,4.65,0.0,21.14
4,2,0,24.7,26.14,26.34,22.04,251.99,25.64,3.92,0.0,32.04
4,2,0,21.14,24.7,26.14,26.34,246.67,48.11,2.9,0.0,25.64
4,2,0,32.04,21.14,24.7,26.14,293.34,13.01,4.12,0.0,45.08
5,2,0,25.64,32.04,21.14,24.7,102.83,31.68,4.1,0.0,22.56
5,2,0,45.08,25.64,32.04,21.14,77.4,26.58,12.18,0.0,27.0
5,2,0,22.56,45.08,25.64,32.04,159.55,15.26,3.29,0.0,25.86
5,2,0,27.0,22.56,45.08,25.64,354.39,53.97,4.45,0.0,25.86
6,2,0,25.86,27.0,22.56,45.08,314.31,20.43,3.65,0.0,31.68
6,2,0,25.86,25.86,27.0,22.56,319.24,35.56,5.69,0.0,23.8
6,2,0,31.68,25.86,25.86,27.0,119.36,32.42,4.47,0.0,25.02
6,2,0,23.8,31.68,25.86,25.86,256.46,30.87,3.35,0.0,21.74
7,2,0,25.02,23.8,31.68,25.86,301.91,22.64,2.92,0.0,25.86
7,2,0,21.74,25.02,23.8,31.68,336.69,23.23,3.0,0.0,23.06
7,2,0,25.86,21.74,25.02,23.8,262.2,30.47,3.67,0.0,23.34
7,2,0,23.06,25.86,21.74,25.02,133.35,26.65,4.65,0.0,24.38
8,2,0,23.34,23.06,25.86,21.74,308.67,45.79,3.22,0.0,28.24
8,2,0,24.38,23.34,23.06,25.86,376.88,27.89,5.04,0.0,38.54
8,2,0,28.24,24.38,23.34,23.06,288.1,6.95,6.41,0.0,22.92
8,2,0,38.54,28.24,24.38,23.34,352.2,34.17,6.18,0.0,24.56
9,2,0,22.92,38.54,28.24,24.38,144.46,14.2,3.71,0.0,30.96
9,2,0,24.56,22.92,38.54,28.24,310.0,45.47,4.14,0.0,23.48
9,2,0,30.96,24.56,22.92,38.54,112.13,55.63,7.65,0.0,26.6
9,2,0,23.48,30.96,24.56,22.92,337.65,25.27,4.82,0.0,84.28
10,2,0,26.6,23.48,30.96,24.56,202.91,38.69,3.88,0.0,26.14
10,2,0,84.28,26.6,23.48,30.96,229.15,27.23,11.78,0.0,24.5
10,2,0,26.14,84.28,26.6,23.48,312.28,28.37,3.92,0.0,24.66
10,2,0,24.5,26.14,84.28,26.6,201.69,30.1,3.76,0.0,23.08
11,2,0,24.66,24.5,26.14,84.28,293.2,26.11,4.88,0.0,36.74
11,2,0,23.08,24.66,24.5,26.14,299.06,34.66,3.06,0.0,22.28
11,2,0,36.74,23.08,24.66,24.5,412.05,43.21,11.35,0.0,23.58
11,2,0,22.28,36.74,23.08,24.66,184.67,26.76,3.04,0.0,34.24
12,2,0,23.58,22.28,36.74,23.08,311.15,36.28,3.08,0.0,25.92
12,2,0,34.24,23.58,22.28,36.74,331.8,23.66,13.27,0.0,23.86
12,2,0,25.92,34.24,23.58,22.28,177.34,37.64,5.88,0.0,28.43
12,2,0,23.86,25.92,34.24,23.58,381.1,53.81,5.14,0.0,29.24
13,2,0,28.43,23.86,25.92,34.24,244.85,46.22,7.38,0.0,22.94
13,2,0,29.24,28.43,23.86,25.92,298.56,40.89,6.84,0.0,29.28
13,2,0,22.94,29.24,28.43,23.86,350.98,36.67,4.31,0.0,20.28
13,2,0,29.28,22.94,29.24,28.43,347.78,54.73,6.73,0.0,26.12
14,2,0,20.28,29.28,22.94,29.24,308.26,28.16,3.27,0.0,24.92
14,2,0,26.12,20.28,29.28,22.94,288.27,28.0,4.18,0.0,28.96
14,2,0,24.92,26.12,20.28,29.28,354.53,9.24,5.08,0.0,24.92
14,2,0,28.96,24.92,26.12,20.28,138.84,25.66,4.82,0.0,25.04
15,2,0,24.92,28.96,24.92,26.12,335.15,47.56,3.59,0.0,33.38
15,2,0,25.04,24.92,28.96,24.92,241.1,40.28,3.96,0.0,23.8
15,2,0,33.38,25.04,24.92,28.96,388.32,39.34,8.1,0.0,22.44
15,2,0,23.8,33.38,25.04,24.92,282.26,53.38,4.0,0.0,21.88
16,2,0,22.44,23.8,33.38,25.04,276.67,34.55,4.02,0.0,25.56
16,2,0,21.88,22.44,23.8,33.38,259.88,18.53,3.9,0.0,26.56
16,2,0,25.56,21.88,22.44,23.8,264.1,22.26,4.43,0.0,23.48
16,2,0,26.56,25.56,21.88,22.44,361.3,42.28,5.24,0.0,26.98
17,2,0,23.48,26.56,25.56,21.88,264.85,41.08,5.27,0.0,25.16
17,2,0,26.98,23.48,26.56,25.56,232.27,28.87,5.35,0.0,44.9
17,2,0,25.16,26.98,23.48,26.56,251.55,52.01,3.51,0.0,37.52
17,2,0,44.9,25.16,26.98,23.48,276.82,8.79,5.0,0.0,26.78
18,2,0,37.52,44.9,25.16,26.98,293.05,49.13,6.14,0.0,23.9
18,2,0,26.78,37.52,44.9,25.16,331.2,41.31,6.29,0.0,25.22
18,2,0,23.9,26.78,37.52,44.9,344.67,34.75,3.22,0.0,25.42
18,2,0,25.22,23.9,26.78,37.52,303.0,22.8,3.41,0.0,26.02
19,2,0,25.42,25.22,23.9,26.78,292.88,40.87,3.2,0.0,26.52
19,2,0,26.02,25.42,25.22,23.9,315.16,31.72,3.27,0.0,35.68
19,2,0,26.52,26.02,25.42,25.22,174.61,25.18,3.84,0.0,27.92
19,2,0,35.68,26.52,26.02,25.42,277.49,43.51,14.61,0.0,26.22
20,2,0,27.92,35.68,26.52,26.02,266.87,34.75,4.65,0.0,23.94
20,2,0,26.22,27.92,35.68,26.52,320.84,34.51,6.37,0.0,25.16
20,2,0,23.94,26.22,27.92,35.68,293.17,42.64,3.57,0.0,26.68
20,2,0,25.16,23.94,26.22,27.92,259.06,38.63,3.86,0.0,28.98
21,2,0,26.68,25.16,23.94,26.22,334.83,43.51,4.8,0.0,25.84
21,2,0,28.98,26.68,25.16,23.94,276.21,41.75,6.04,0.0,25.64
21,2,0,25.84,28.98,26.68,25.16,278.72,40.29,3.92,0.0,27.53
21,2,0,25.64,25.84,28.98,26.68,231.14,50.27,6.31,0.0,23.94
22,2,0,27.53,25.64,25.84,28.98,245.81,41.91,3.88,0.0,23.6
22,2,0,23.94,27.53,25.64,25.84,275.59,48.23,4.73,0.0,24.26
22,2,0,23.6,23.94,27.53,25.64,284.85,42.98,2.8,0.0,27.94
22,2,0,24.26,23.6,23.94,27.53,251.79,35.6,4.47,0.0,36.94
23,2,0,27.94,24.26,23.6,23.94,365.33,17.02,5.2,0.0,30.64
23,2,0,36.94,27.94,24.26,23.6,268.67,50.03,9.53,0.0,34.88
23,2,0,30.64,36.94,27.94,24.26,349.53,33.21,8.67,0.0,25.36
23,2,0,34.88,30.64,36.94,27.94,386.41,36.07,3.35,0.0,23.94
0,3,0,25.36,34.88,30.64,36.94,285.65,41.97,4.12,0.0,23.32
0,3,0,23.94,25.36,34.88,30.64,124.33,45.14,2.96,0.0,22.62
0,3,0,23.32,23.94,25.36,34.88,327.18,52.75,3.61,0.0,48.64
0,3,0,22.62,23.32,23.94,25.36,320.83,28.79,3.78,0.0,27.48
1,3,0,48.64,22.62,23.32,23.94,15.75,27.07,12.14,0.0,28.4
1,3,0,27.48,48.64,22.62,23.32,336.15,24.6,4.92,0.0,26.04
1,3,0,28.4,27.48,48.64,22.62,351.1,51.49,5.9,0.0,24.7
1,3,0,26.04,28.4,27.48,48.64,261.85,29.81,4.12,0.0,29.56
2,3,0,24.7,26.04,28.4,27.48,330.27,43.25,5.78,0.0,33.42
2,3,0,29.56,24.7,26.04,28.4,280.75,39.31,7.94,0.0,22.34
2,3,0,33.42,29.56,24.7,26.04,352.93,31.24,7.63,0.0,27.02
2,3,0,22.34,33.42,29.56,24.7,320.54,33.48,4.04,0.0,29.53
3,3,0,27.02,22.34,33.42,29.56,349.81,54.65,6.94,0.0,32.48
3,3,0,29.53,27.02,22.34,33.42,211.63,3.05,9.23,0.0,21.8
3,3,0,32.48,29.53,27.02,22.34,336.84,40.99,6.35,0.0,34.16
3,3,0,21.8,32.48,29.53,27.02,270.49,31.8,4.24,0.0,33.28
4,3,0,34.16,21.8,32.48,29.53,124.13,29.14,7.06,0.0,25.56
4,3,0,33.28,34.16,21.8,32.48,320.16,37.32,8.37,0.0,29.14
4,3,0,25.56,33.28,34.16,21.8,345.92,35.6,5.43,0.0,49.0
4,3,0,29.14,25.56,33.28,34.16,294.69,24.09,9.47,0.0,50.44
5,3,0,49.0,29.14,25.56,33.28,124.31,27.04,5.84,0.0,25.26
5,3,0,50.44,49.0,29.14,25.56,206.38,15.25,26.9,0.0,27.2
5,3,0,25.26,50.44,49.0,29.14,273.44,41.36,5.12,0.0,23.68
5,3,0,27.2,25.26,50.44,49.0,299.28,42.16,4.67,0.0,24.64
6,3,0,23.68,27.2,25.26,50.44,369.58,46.74,2.31,0.0,23.2
6,3,0,24.64,23.68,27.2,25.26,295.08,47.36,4.96,0.0,27.9
6,3,0,23.2,24.64,23.68,27.2,271.98,50.75,3.94,0.0,31.74
6,3,0,27.9,23.2,24.64,23.68,271.29,46.68,6.11,0.0,25.1
7,3,0,31.74,27.9,23.2,24.64,285.45,42.58,7.76,0.0,23.72
7,3,0,25.1,31.74,27.9,23.2,225.84,48.93,3.86,0.0,23.12
7,3,0,23.72,25.1,31.74,27.9,308.09,41.94,3.88,0.0,32.7
7,3,0,23.12,23.72,25.1,31.74,263.24,36.81,4.14,0.0,25.8
8,3,0,32.7,23.12,23.72,25.1,200.17,12.0,6.18,0.0,25.92
8,3,0,25.8,32.7,23.12,23.72,296.36,21.44,5.45,0.0,22.44
8,3,0,25.92,25.8,32.7,23.12,217.03,26.87,4.02,0.0,26.86
8,3,0,22.44,25.92,25.8,32.7,253.44,40.16,3.94,0.0,26.08
9,3,0,26.86,22.44,25.92,25.8,186.68,34.06,6.29,0.0,24.8
9,3,0,26.08,26.86,22.44,25.92,122.62,25.81,4.22,0.0,24.76
9,3,0,24.8,26.08,26.86,22.44,206.41,11.73,3.86,0.0,26.32
9,3,0,24.76,24.8,26.08,26.86,294.18,10.12,3.59,0.0,28.5
10,3,0,26.32,24.76,24.8,26.08,320.29,31.49,5.12,0.0,32.34
10,3,0,28.5,26.32,24.76,24.8,303.89,10.6,8.78,0.0,27.2
10,3,0,32.34,28.5,26.32,24.76,250.22,41.31,6.73,0.0,25.62
10,3,0,27.2,32.34,28.5,26.32,299.12,41.44,7.57,0.0,25.06
11,3,0,25.62,27.2,32.34,28.5,333.15,48.34,3.55,0.0,30.12
11,3,0,25.06,25.62,27.2,32.34,101.33,34.1,4.98,0.0,31.67
11,3,0,30.12,25.06,25.62,27.2,300.67,24.39,11.41,0.0,28.24
11,3,0,31.67,30.12,25.06,25.62,333.96,34.05,6.98,0.0,23.64
12,3,0,28.24,31.67,30.12,25.06,263.89,46.06,8.43,0.0,31.42
12,3,0,23.64,28.24,31.67,30.12,367.14,34.79,4.73,0.0,40.6
12,3,0,31.42,23.64,28.24,31.67,256.71,26.06,6.88,0.0,50.26
12,3,0,40.6,31.42,23.64,28.24,280.29,39.46,5.69,0.0,51.88
13,3,0,50.26,40.6,31.42,23.64,275.1,46.02,10.98,0.0,25.88
13,3,0,51.88,50.26,40.6,31.42,334.98,47.46,8.67,0.0,33.34
13,3,0,25.88,51.88,50.26,40.6,223.99,33.23,5.69,0.0,26.0
13,3,0,33.34,25.88,51.88,50.26,115.56,33.67,7.76,0.0,25.82
14,3,0,26.0,33.34,25.88,51.88,315.73,23.26,3.39,0.0,23.88
14,3,0,25.82,26.0,33.34,25.88,305.76,19.1,6.22,0.0,23.76
14,3,0,23.88,25.82,26.0,33.34,289.81,41.24,4.47,0.0,24.48
14,3,0,23.76,23.88,25.82,26.0,171.08,27.67,4.02,0.0,26.56
15,3,0,24.48,23.76,23.88,25.82,292.7,46.2,3.47,0.0,23.2
15,3,0,26.56,24.48,23.76,23.88,128.66,22.64,4.33,0.0,27.66
15,3,0,23.2,26.56,24.48,23.76,107.25,28.37,3.14,0.0,26.3
15,3,0,27.66,23.2,26.56,24.48,253.32,23.28,6.39,0.0,25.0
16,3,0,26.3,27.66,23.2,26.56,208.84,26.5,4.53,0.0,24.48
16,3,0,25.0,26.3,27.66,23.2,318.9,49.79,6.57,0.0,30.6
16,3,0,24.48,25.0,26.3,27.66,315.61,33.9,3.2,0.0,26.0
16,3,0,30.6,24.48,25.0,26.3,323.24,51.72,5.63,0.0,60.66
17,3,0,26.0,30.6,24.48,25.0,344.83,35.58,4.94,0.0,25.2
17,3,0,60.66,26.0,30.6,24.48,279.16,47.71,7.04,0.0,25.28
17,3,0,25.2,60.66,26.0,30.6,90.65,21.17,3.14,0.0,28.68
17,3,0,25.28,25.2,60.66,26.0,165.9,38.97,3.71,0.0,25.06
18,3,0,28.68,25.28,25.2,60.66,226.96,49.06,6.33,0.0,26.4
18,3,0,25.06,28.68,25.28,25.2,159.61,51.51,4.47,0.0,23.62
18,3,0,26.4,25.06,28.68,25.28,179.16,42.25,3.8,0.0,26.3
18,3,0,23.62,26.4,25.06,28.68,232.8,23.44,4.24,0.0,24.32
19,3,0,26.3,23.62,26.4,25.06,334.39,29.65,5.92,0.0,26.36
19,3,0,24.32,26.3,23.62,26.4,255.03,37.04,5.27,0.0,22.66
19,3,0,26.36,24.32,26.3,23.62,251.34,38.86,5.47,0.0,24.46
19,3,0,22.66,26.36,24.32,26.3,196.86,48.69,4.51,0.0,25.44
20,3,0,24.46,22.66,26.36,24.32,307.75,54.17,2.84,0.0,40.98
20,3,0,25.44,24.46,22.66,26.36,312.76,34.63,3.31,0.0,26.02
20,3,0,40.98,25.44,24.46,22.66,309.58,26.84,7.08,0.0,24.74
20,3,0,26.02,40.98,25.44,24.46,189.27,52.56,5.29,0.0,25.24
21,3,0,24.74,26.02,40.98,25.44,295.57,24.77,3.69,0.0,25.12
21,3,0,25.24,24.74,26.02,40.98,168.7,26.32,4.9,0.0,24.1
21,3,0,25.12,25.24,24.74,26.02,306.79,54.29,7.14,0.0,52.08
21,3,0,24.1,25.12,25.24,24.74,271.69,42.4,4.37,0.0,25.16
22,3,0,52.08,24.1,25.12,25.24,83.36,19.64,9.24,0.0,24.48
22,3,0,25.16,52.08,24.1,25.12,322.64,51.37,5.31,0.0,26.34
22,3,0,24.48,25.16,52.08,24.1,157.22,44.91,3.65,0.0,23.8
22,3,0,26.34,24.48,25.16,52.08,333.4,46.74,3.67,0.0,19.44
23,3,0,23.8,26.34,24.48,25.16,74.43,37.7,2.76,0.0,24.94
23,3,0,19.44,23.8,26.34,24.48,286.3,39.74,2.04,0.0,24.92
23,3,0,24.94,19.44,23.8,26.34,150.74,26.25,4.39,0.0,26.26
23,3,0,24.92,24.94,19.44,23.8,338.58,52.69,3.35,0.0,22.06
0,4,0,26.26,24.92,24.94,19.44,324.01,37.11,3.39,0.0,24.54
0,4,0,22.06,26.26,24.92,24.94,312.17,33.28,2.82,0.0,23.44
0,4,0,24.54,22.06,26.26,24.92,317.67,42.36,2.92,0.0,21.52
0,4,0,23.44,24.54,22.06,26.26,267.59,32.43,3.2,0.0,31.52
1,4,0,21.52,23.44,24.54,22.06,337.13,44.92,3.2,0.0,32.46
1,4,0,31.52,21.52,23.44,24.54,281.68,31.56,4.35,0.0,22.22
1,4,0,32.46,31.52,21.52,23.44,289.37,39.98,13.63,0.0,28.7
1,4,0,22.22,32.46,31.52,21.52,255.18,26.84,3.67,0.0,23.4
2,4,0,28.7,22.22,32.46,31.52,324.43,44.84,3.9,0.0,33.64
2,4,0,23.4,28.7,22.22,32.46,330.56,47.41,2.8,0.0,20.1
2,4,0,33.64,23.4,28.7,22.22,294.14,47.26,10.84,0.0,26.9
2,4,0,20.1,33.64,23.4,28.7,341.24,52.07,2.84,0.0,21.96
3,4,0,26.9,20.1,33.64,23.4,307.47,43.64,5.29,0.0,22.52
3,4,0,21.96,26.9,20.1,33.64,316.47,39.95,3.94,0.0,21.2
3,4,0,22.52,21.96,26.9,20.1,319.0,34.72,4.37,0.0,23.06
3,4,0,21.2,22.52,21.96,26.9,327.51,56.23,4.59,0.0,25.0
4,4,0,23.06,21.2,22.52,21.96,340.9,7.34,3.12,0.0,27.14
4,4,0,25.0,23.06,21.2,22.52,192.76,30.8,5.22,0.0,20.52
4,4,0,27.14,25.0,23.06,21.2,318.72,11.79,5.86,0.0,34.52
4,4,0,20.52,27.14,25.0,23.06,282.58,29.62,3.47,0.0,25.96
5,4,0,34.52,20.52,27.14,25.0,270.31,26.29,5.73,0.0,28.38
5,4,0,25.96,34.52,20.52,27.14,192.56,35.13,5.96,0.0,22.34
5,4,0,28.38,25.96,34.52,20.52,279.47,26.04,6.14,0.0,25.72
5,4,0,22.34,28.38,25.96,34.52,313.32,34.19,3.8,0.0,21.64
6,4,0,25.72,22.34,28.38,25.96,247.8,18.31,7.0,0.0,24.18
6,4,0,21.64,25.72,22.34,28.38,320.61,38.59,3.84,0.0,21.36
6,4,0,24.18,21.64,25.72,22.34,302.46,53.54,4.55,0.0,24.9
6,4,0,21.36,24.18,21.64,25.72,279.17,34.77,4.04,0.0,19.26
7,4,0,24.9,21.36,24.18,21.64,286.59,32.69,6.39,0.0,22.64
7,4,0,19.26,24.9,21.36,24.18,272.4,53.01,2.35,0.0,23.3
7,4,0,22.64,19.26,24.9,21.36,313.48,49.72,4.29,0.0,22.84
7,4,0,23.3,22.64,19.26,24.9,304.01,48.0,5.27,0.0,30.86
8,4,0,22.84,23.3,22.64,19.26,341.5,54.98,3.1,0.0,21.26
8,4,0,30.86,22.84,23.3,22.64,348.22,34.05,4.55,0.0,27.48
8,4,0,21.26,30.86,22.84,23.3,220.04,23.81,3.82,0.0,30.86
8,4,0,27.48,21.26,30.86,22.84,308.72,39.47,6.0,0.0,22.08
9,4,0,30.86,27.48,21.26,30.86,324.56,44.96,3.96,0.0,24.58
9,4,0,22.08,30.86,27.48,21.26,356.92,52.66,2.43,0.0,23.38
9,4,0,24.58,22.08,30.86,27.48,284.72,34.83,4.86,0.0,50.88
9,4,0,23.38,24.58,22.08,30.86,278.61,46.36,4.04,0.0,20.66
10,4,0,50.88,23.38,24.58,22.08,67.21,36.84,9.47,0.0,23.26
10,4,0,20.66,50.88,23.38,24.58,91.56,47.35,4.69,0.0,19.6
10,4,0,23.26,20.66,50.88,23.38,327.21,11.53,5.0,0.0,32.68
10,4,0,19.6,23.26,20.66,50.88,185.04,40.19,2.0,0.0,37.66
11,4,0,32.68,19.6,23.26,20.66,320.66,29.52,3.84,0.0,24.06
11,4,0,37.66,32.68,19.6,23.26,304.03,29.39,8.1,0.0,22.8
11,4,0,24.06,37.66,32.68,19.6,360.7,16.55,3.71,0.0,23.42
11,4,0,22.8,24.06,37.66,32.68,217.58,34.79,3.08,0.0,25.14
12,4,0,23.42,22.8,24.06,37.66,219.59,30.27,3.27,0.0,26.4
12,4,0,25.14,23.42,22.8,24.06,168.16,25.18,3.61,0.0,25.04
12,4,0,26.4,25.14,23.42,22.8,280.46,35.42,4.86,0.0,23.24
12,4,0,25.04,26.4,25.14,23.42,125.32,37.73,3.8,0.0,22.04
13,4,0,23.24,25.04,26.4,25.14,334.85,35.74,4.71,0.0,21.66
13,4,0,22.04,23.24,25.04,26.4,184.08,47.89,4.0,0.0,24.42
13,4,0,21.66,22.04,23.24,25.04,206.07,52.47,4.73,0.0,29.3
13,4,0,24.42,21.66,22.04,23.24,303.55,52.71,4.88,0.0,28.86
14,4,0,29.3,24.42,21.66,22.04,117.9,33.26,6.02,0.0,23.94
14,4,0,28.86,29.3,24.42,21.66,239.11,25.77,5.53,0.0,24.74
14,4,0,23.94,28.86,29.3,24.42,335.97,45.75,4.84,0.0,26.88
14,4,0,24.74,23.94,28.86,29.3,348.56,39.98,2.84,0.0,39.34
15,4,0,26.88,24.74,23.94,28.86,189.76,43.53,9.45,0.0,25.04
15,4,0,39.34,26.88,24.74,23.94,289.43,47.85,4.82,0.0,24.96
15,4,0,25.04,39.34,26.88,24.74,280.03,24.35,3.45,0.0,21.16
15,4,0,24.96,25.04,39.34,26.88,188.51,31.59,2.76,0.0,22.12
16,4,0,21.16,24.96,25.04,39.34,130.27,37.59,3.85,0.0,42.12
16,4,0,22.12,21.16,24.96,25.04,311.8,36.12,3.31,0.0,19.76
16,4,0,42.12,22.12,21.16,24.96,201.17,27.51,9.51,0.0,32.66
16,4,0,19.76,42.12,22.12,21.16,312.99,33.88,3.31,0.0,24.12
17,4,0,32.66,19.76,42.12,22.12,185.76,54.48,5.55,0.0,24.06
17,4,0,24.12,32.66,19.76,42.12,133.06,53.76,4.8,0.0,23.42
17,4,0,24.06,24.12,32.66,19.76,296.2,51.49,6.1,0.0,22.22
17,4,0,23.42,24.06,24.12,32.66,361.88,58.06,3.22,0.0,21.88
18,4,0,22.22,23.42,24.06,24.12,313.23,49.31,2.61,0.0,20.8
18,4,0,21.88,22.22,23.42,24.06,281.03,44.64,4.43,0.0,21.18
18,4,0,20.8,21.88,22.22,23.42,153.89,44.78,4.2,0.0,22.98
19,4,0,21.18,20.8,21.88,22.22,352.76,46.21,3.71,0.0,23.44
19,4,0,22.98,21.18,20.8,21.88,316.79,48.77,4.84,0.0,20.1
19,4,0,23.44,22.98,21.18,20.8,317.79,42.12,6.8,0.0,24.74
19,4,0,20.1,23.44,22.98,21.18,158.29,41.07,2.84,0.0,22.36
20,4,0,24.74,20.1,23.44,22.98,304.53,35.07,3.65,0.0,21.1
20,4,0,22.36,24.74,20.1,23.44,276.08,41.65,4.12,0.0,28.66
20,4,0,21.1,22.36,24.74,20.1,368.78,52.91,2.65,0.0,24.76
20,4,0,28.66,21.1,22.36,24.74,203.27,37.87,5.06,0.0,20.18
21,4,0,24.76,28.66,21.1,22.36,167.91,27.69,3.69,0.0,19.56
21,4,0,20.18,24.76,28.66,21.1,270.1,43.47,2.61,0.0,26.68
21,4,0,19.56,20.18,24.76,28.66,123.15,39.25,2.41,0.0,19.8
21,4,0,26.68,19.56,20.18,24.76,310.21,37.35,4.0,0.0,28.96
22,4,0,19.8,26.68,19.56,20.18,359.75,32.36,2.24,0.0,20.36
22,4,0,28.96,19.8,26.68,19.56,285.05,46.7,8.37,0.0,47.88
22,4,0,20.36,28.96,19.8,26.68,280.82,46.78,3.02,0.0,24.08
22,4,0,47.88,20.36,28.96,19.8,296.96,44.04,7.67,0.0,23.28
23,4,0,24.08,47.88,20.36,28.96,371.74,45.79,5.96,0.0,21.78
23,4,0,23.28,24.08,47.88,20.36,326.85,46.43,3.47,0.0,27.32
23,4,0,21.78,23.28,24.08,47.88,352.07,28.56,3.88,0.0,23.24
23,4,0,27.32,21.78,23.28,24.08,266.12,19.47,2.82,0.0,25.88
0,5,1,23.24,27.32,21.78,23.28,300.39,51.02,2.37,0.0,20.36
0,5,1,25.88,23.24,27.32,21.78,323.78,39.31,5.29,0.0,75.36
0,5,1,20.36,25.88,23.24,27.32,289.96,35.41,2.86,0.0,29.0
0,5,1,75.36,20.36,25.88,23.24,316.73,39.1,5.0,0.0,20.5
1,5,1,29.0,75.36,20.36,25.88,342.03,45.77,4.29,0.0,23.18
1,5,1,20.5,29.0,75.36,20.36,265.15,38.1,2.51,0.0,22.96
1,5,1,23.18,20.5,29.0,75.36,360.15,48.38,3.73,0.0,26.56
1,5,1,22.96,23.18,20.5,29.0,391.38,22.82,3.92,0.0,24.28
2,5,1,26.56,22.96,23.18,20.5,315.93,36.96,3.73,0.0,23.52
2,5,1,24.28,26.56,22.96,23.18,291.68,30.28,6.06,0.0,20.96
2,5,1,23.52,24.28,26.56,22.96,235.1,23.01,3.71,0.0,23.42
2,5,1,20.96,23.52,24.28,26.56,337.94,30.57,3.57,0.0,21.46
3,5,1,23.42,20.96,23.52,24.28,313.16,50.56,3.41,0.0,25.1
3,5,1,21.46,23.42,20.96,23.52,320.65,41.29,3.02,0.0,21.56
3,5,1,25.1,21.46,23.42,20.96,287.35,29.37,6.06,0.0,22.3
3,5,1,21.56,25.1,21.46,23.42,390.09,53.85,3.92,0.0,27.18
4,5,1,22.3,21.56,25.1,21.46,342.27,44.46,4.8,0.0,25.72
4,5,1,27.18,22.3,21.56,25.1,230.95,12.86,5.82,0.0,24.72
4,5,1,25.72,27.18,22.3,21.56,209.7,26.01,4.69,0.0,26.02
4,5,1,24.72,25.72,27.18,22.3,327.21,29.13,4.06,0.0,30.56
5,5,1,26.02,24.72,25.72,27.18,270.59,34.57,6.86,0.0,22.34
5,5,1,30.56,26.02,24.72,25.72,222.79,30.49,6.08,0.0,29.04
5,5,1,22.34,30.56,26.02,24.72,257.25,15.42,4.98,0.0,31.72
5,5,1,29.04,22.34,30.56,26.02,274.64,56.89,9.18,0.0,21.14
6,5,1,31.72,29.04,22.34,30.56,258.27,26.41,8.65,0.0,24.04
6,5,1,21.14,31.72,29.04,22.34,305.45,39.59,3.63,0.0,24.4
6,5,1,24.04,21.14,31.72,29.04,310.12,33.77,4.73,0.0,32.18
6,5,1,24.4,24.04,21.14,31.72,265.89,36.86,4.0,0.0,26.76
7,5,1,32.18,24.4,24.04,21.14,237.92,31.98,5.31,0.0,24.12
7,5,1,26.76,32.18,24.4,24.04,335.76,33.07,5.47,0.0,23.88
7,5,1,24.12,26.76,32.18,24.4,324.7,29.78,3.92,0.0,25.94
7,5,1,23.88,24.12,26.76,32.18,239.61,35.65,4.37,0.0,30.74
8,5,1,25.94,23.88,24.12,26.76,229.17,39.09,6.43,0.0,26.04
8,5,1,30.74,25.94,23.88,24.12,290.25,16.56,4.53,0.0,25.98
8,5,1,26.04,30.74,25.94,23.88,251.09,6.5,3.2,0.0,25.48
9,5,1,25.98,26.04,30.74,25.94,293.49,38.12,4.41,0.0,33.74
9,5,1,25.48,25.98,26.04,30.74,239.91,33.53,3.02,0.0,25.38
9,5,1,33.74,25.48,25.98,26.04,249.39,50.02,5.29,0.0,21.94
9,5,1,25.38,33.74,25.48,25.98,372.68,38.72,3.65,0.0,21.66
10,5,1,21.94,25.38,33.74,25.48,279.0,47.78,3.41,0.0,24.88
10,5,1,21.66,21.94,25.38,33.74,334.83,30.67,3.27,0.0,22.1
10,5,1,24.88,21.66,21.94,25.38,321.12,47.18,4.04,0.0,36.56
10,5,1,22.1,24.88,21.66,21.94,291.71,31.59,4.2,0.0,39.06
11,5,1,36.56,22.1,24.88,21.66,264.34,15.32,7.57,0.0,24.84
11,5,1,39.06,36.56,22.1,24.88,297.99,44.01,6.39,0.0,23.88
11,5,1,24.84,39.06,36.56,22.1,313.57,50.73,4.14,0.0,23.58
11,5,1,23.88,24.84,39.06,36.56,146.43,48.63,4.51,0.0,24.84
12,5,1,23.58,23.88,24.84,39.06,329.51,37.03,4.51,0.0,25.0
12,5,1,24.84,23.58,23.88,24.84,314.54,36.17,5.53,0.0,26.08
12,5,1,25.0,24.84,23.58,23.88,312.16,33.73,3.08,0.0,21.52
12,5,1,26.08,25.0,24.84,23.58,338.58,23.01,3.86,0.0,22.76
13,5,1,21.52,26.08,25.0,24.84,232.5,39.6,5.63,0.0,22.74
13,5,1,22.76,21.52,26.08,25.0,293.99,30.08,4.71,0.0,28.22
13,5,1,22.74,22.76,21.52,26.08,167.77,53.05,6.29,0.0,65.16
13,5,1,28.22,22.74,22.76,21.52,340.64,31.3,5.96,0.0,25.02
14,5,1,65.16,28.22,22.74,22.76,282.3,27.68,7.98,0.0,23.56
14,5,1,25.02,65.16,28.22,22.74,283.81,16.56,6.35,0.0,21.34
14,5,1,23.56,25.02,65.16,28.22,243.53,29.38,4.22,0.0,26.44
14,5,1,21.34,23.56,25.02,65.16,331.84,58.66,3.02,0.0,25.6
15,5,1,26.44,21.34,23.56,25.02,293.98,34.21,6.33,0.0,65.5
15,5,1,25.6,26.44,21.34,23.56,328.91,31.22,4.1,0.0,22.5
15,5,1,65.5,25.6,26.44,21.34,277.19,25.56,13.33,0.0,21.4
15,5,1,22.5,65.5,25.6,26.44,363.32,44.12,2.37,0.0,28.64
16,5,1,21.4,22.5,65.5,25.6,303.96,23.03,2.59,0.0,20.94
16,5,1,28.64,21.4,22.5,65.5,220.96,42.34,7.65,0.0,25.96
16,5,1,20.94,28.64,21.4,22.5,242.22,27.11,3.51,0.0,23.64
16,5,1,25.96,20.94,28.64,21.4,293.2,40.03,5.69,0.0,23.54
17,5,1,23.64,25.96,20.94,28.64,257.58,7.37,4.92,0.0,41.04
17,5,1,23.54,23.64,25.96,20.94,255.25,29.78,4.41,0.0,25.62
17,5,1,41.04,23.54,23.64,25.96,239.76,19.05,11.0,0.0,29.44
17,5,1,25.62,41.04,23.54,23.64,165.94,26.31,4.84,0.0,24.28
18,5,1,29.44,25.62,41.04,23.54,255.05,37.04,4.84,0.0,30.6
18,5,1,24.28,29.44,25.62,41.04,320.98,39.67,5.59,0.0,78.12
18,5,1,30.6,24.28,29.44,25.62,324.78,53.5,8.8,0.0,23.96
18,5,1,78.12,30.6,24.28,29.44,190.57,28.11,8.29,0.0,21.24
19,5,1,23.96,78.12,30.6,24.28,337.67,42.77,4.18,0.0,34.06
19,5,1,21.24,23.96,78.12,30.6,200.51,55.05,4.96,0.0,24.56
19,5,1,34.06,21.24,23.96,78.12,289.79,22.65,13.22,0.0,23.06
19,5,1,24.56,34.06,21.24,23.96,185.05,47.89,2.47,0.0,21.14
20,5,1,23.06,24.56,34.06,21.24,264.26,39.31,3.98,0.0,25.56
20,5,1,21.14,23.06,24.56,34.06,259.61,52.4,3.31,0.0,26.94
20,5,1,25.56,21.14,23.06,24.56,267.05,23.69,6.1,0.0,20.74
20,5,1,26.94,25.56,21.14,23.06,281.39,38.07,5.63,0.0,28.06
21,5,1,20.74,26.94,25.56,21.14,335.12,41.94,2.88,0.0,22.8
21,5,1,28.06,20.74,26.94,25.56,299.26,54.15,5.0,0.0,25.44
21,5,1,22.8,28.06,20.74,26.94,202.23,45.94,2.78,0.0,29.32
21,5,1,25.44,22.8,28.06,20.74,271.69,43.39,6.76,0.0,21.52
22,5,1,29.32,25.44,22.8,28.06,315.89,42.9,8.31,0.0,23.78
22,5,1,21.52,29.32,25.44,22.8,287.2,41.94,1.78,0.0,23.06
22,5,1,23.78,21.52,29.32,25.44,168.44,47.32,5.2,0.0,22.42
22,5,1,23.06,23.78,21.52,29.32,334.07,38.02,4.0,0.0,24.5
23,5,1,22.42,23.06,23.78,21.52,235.86,33.35,3.04,0.0,24.82
23,5,1,24.5,22.42,23.06,23.78,207.28,23.26,7.53,0.0,24.6
23,5,1,24.82,24.5,22.42,23.06,292.36,30.26,3.08,0.0,23.98
23,5,1,24.6,24.82,24.5,22.42,271.24,26.02,5.16,0.0,23.82
0,6,1,23.98,24.6,24.82,24.5,311.08,46.53,4.98,0.0,25.56
0,6,1,23.82,23.98,24.6,24.82,297.34,34.17,4.82,0.0,21.54
0,6,1,25.56,23.82,23.98,24.6,262.87,22.28,5.65,0.0,23.34
0,6,1,21.54,25.56,23.82,23.98,160.06,54.49,3.84,0.0,26.02
1,6,1,23.34,21.54,25.56,23.82,274.1,41.5,3.73,0.0,24.1
1,6,1,26.02,23.34,21.54,25.56,216.64,42.1,5.39,0.0,22.06
1,6,1,24.1,26.02,23.34,21.54,182.28,24.3,2.35,0.0,21.18
1,6,1,22.06,24.1,26.02,23.34,239.59,26.08,2.82,0.0,26.54
2,6,1,21.18,22.06,24.1,26.02,341.64,41.22,3.31,0.0,19.9
2,6,1,26.54,21.18,22.06,24.1,291.26,32.46,5.53,0.0,23.48
2,6,1,19.9,26.54,21.18,22.06,154.46,41.75,3.61,0.0,20.12
2,6,1,23.48,19.9,26.54,21.18,180.43,37.18,4.18,0.0,24.92
3,6,1,20.12,23.48,19.9,26.54,293.46,36.9,2.86,0.0,29.04
3,6,1,24.92,20.12,23.48,19.9,321.86,40.09,5.53,0.0,25.88
3,6,1,29.04,24.92,20.12,23.48,233.29,29.6,10.08,0.0,26.32
3,6,1,25.88,29.04,24.92,20.12,347.52,28.38,3.94,0.0,20.12
4,6,1,26.32,25.88,29.04,24.92,328.16,28.59,5.06,0.0,23.5
4,6,1,20.12,26.32,25.88,29.04,225.66,48.62,2.98,0.0,25.28
4,6,1,23.5,20.12,26.32,25.88,133.57,31.71,3.96,0.0,24.44
4,6,1,25.28,23.5,20.12,26.32,163.68,27.76,6.18,0.0,20.54
5,6,1,24.44,25.28,23.5,20.12,177.31,37.81,5.45,0.0,26.52
5,6,1,20.54,24.44,25.28,23.5,317.94,16.07,2.94,0.0,34.24
5,6,1,26.52,20.54,24.44,25.28,122.67,34.1,7.51,0.0,20.42
5,6,1,34.24,26.52,20.54,24.44,258.61,28.81,8.39,0.0,25.3
6,6,1,20.42,34.24,26.52,20.54,281.7,23.8,3.86,0.0,25.4
6,6,1,25.3,20.42,34.24,26.52,324.27,10.56,3.35,0.0,21.02
6,6,1,25.4,25.3,20.42,34.24,353.1,39.0,5.31,0.0,22.32
6,6,1,21.02,25.4,25.3,20.42,186.28,36.7,4.04,0.0,26.18
7,6,1,22.32,21.02,25.4,25.3,205.23,31.81,3.76,0.0,37.26
7,6,1,26.18,22.32,21.02,25.4,174.17,28.55,5.82,0.0,23.6
7,6,1,37.26,26.18,22.32,21.02,282.75,39.13,6.43,0.0,20.82
7,6,1,23.6,37.26,26.18,22.32,193.88,17.63,5.55,0.0,25.04
8,6,1,20.82,23.6,37.26,26.18,171.85,32.79,3.12,0.0,27.1
8,6,1,25.04,20.82,23.6,37.26,54.18,8.14,5.1,0.0,29.22
8,6,1,27.1,25.04,20.82,23.6,211.21,32.01,5.16,0.0,24.6
8,6,1,29.22,27.1,25.04,20.82,134.23,44.86,7.33,0.0,24.66
9,6,1,24.6,29.22,27.1,25.04,153.66,34.7,5.31,0.0,21.16
9,6,1,24.66,24.6,29.22,27.1,340.53,33.79,2.94,0.0,24.92
9,6,1,21.16,24.66,24.6,29.22,241.11,30.78,3.96,0.0,27.74
9,6,1,24.92,21.16,24.66,24.6,242.19,51.54,6.71,0.0,30.28
10,6,1,27.74,24.92,21.16,24.66,278.53,57.04,5.41,0.0,23.98
10,6,1,30.28,27.74,24.92,21.16,158.35,41.68,4.86,0.0,23.9
10,6,1,23.98,30.28,27.74,24.92,132.3,28.05,6.67,0.0,22.7
10,6,1,23.9,23.98,30.28,27.74,176.69,49.07,4.02,0.0,22.36
11,6,1,22.7,23.9,23.98,30.28,356.52,42.63,4.88,0.0,25.68
11,6,1,22.36,22.7,23.9,23.98,301.57,35.3,4.43,0.0,25.48
11,6,1,25.68,22.36,22.7,23.9,131.67,21.85,5.63,0.0,22.92
11,6,1,25.48,25.68,22.36,22.7,359.67,27.68,4.71,0.0,27.02
12,6,1,22.92,25.48,25.68,22.36,385.66,35.57,5.18,0.0,23.88
12,6,1,27.02,22.92,25.48,25.68,378.77,46.96,3.06,0.0,26.16
12,6,1,23.88,27.02,22.92,25.48,394.1,32.55,5.71,0.0,24.44
12,6,1,26.16,23.88,27.02,22.92,160.21,36.42,4.71,0.0,24.34
13,6,1,24.44,26.16,23.88,27.02,306.73,40.79,2.31,0.0,27.16
13,6,1,24.34,24.44,26.16,23.88,260.37,41.65,3.63,0.0,22.38
13,6,1,27.16,24.34,24.44,26.16,241.04,56.57,6.24,0.0,22.6
13,6,1,22.38,27.16,24.34,24.44,291.99,39.62,4.55,0.0,22.18
14,6,1,22.6,22.38,27.16,24.34,303.48,53.68,3.35,0.0,24.06
14,6,1,22.18,22.6,22.38,27.16,244.47,26.24,4.67,0.0,25.94
14,6,1,24.06,22.18,22.6,22.38,274.75,39.55,6.57,0.0,27.14
14,6,1,25.94,24.06,22.18,22.6,302.07,25.38,4.35,0.0,27.36
15,6,1,27.14,25.94,24.06,22.18,322.64,32.0,4.92,0.0,22.66
15,6,1,27.36,27.14,25.94,24.06,186.82,50.04,7.39,0.0,28.04
15,6,1,22.66,27.36,27.14,25.94,292.65,17.42,3.98,0.0,36.48
15,6,1,28.04,22.66,27.36,27.14,187.95,31.16,6.51,0.0,43.32
16,6,1,36.48,28.04,22.66,27.36,259.71,27.11,10.65,0.0,24.56
16,6,1,43.32,36.48,28.04,22.66,277.02,31.9,5.71,0.0,23.12
16,6,1,24.56,43.32,36.48,28.04,320.55,17.55,4.33,0.0,23.28
16,6,1,23.12,24.56,43.32,36.48,354.52,43.82,4.04,0.0,24.58
17,6,1,23.28,23.12,24.56,43.32,177.75,31.93,5.73,0.0,28.68
17,6,1,24.58,23.28,23.12,24.56,254.3,32.12,5.08,0.0,22.18
17,6,1,28.68,24.58,23.28,23.12,252.05,39.68,6.92,0.0,27.36
17,6,1,22.18,28.68,24.58,23.28,319.93,19.03,4.39,0.0,41.16
18,6,1,27.36,22.18,28.68,24.58,229.82,12.14,5.31,0.0,36.94
18,6,1,41.16,27.36,22.18,28.68,370.95,41.12,6.33,0.0,21.5
18,6,1,36.94,41.16,27.36,22.18,218.71,12.27,9.39,0.0,24.08
18,6,1,21.5,36.94,41.16,27.36,326.81,38.57,2.88,0.0,27.26
19,6,1,24.08,21.5,36.94,41.16,95.48,25.9,4.86,0.0,19.28
19,6,1,27.26,24.08,21.5,36.94,250.97,47.61,6.18,0.0,23.88
19,6,1,19.28,27.26,24.08,21.5,134.67,36.99,2.84,0.0,25.28
19,6,1,23.88,19.28,27.26,24.08,312.54,39.79,3.29,0.0,23.84
20,6,1,25.28,23.88,19.28,27.26,265.25,35.45,3.88,0.0,23.62
20,6,1,23.84,25.28,23.88,19.28,284.33,48.51,3.06,0.0,22.98
20,6,1,23.62,23.84,25.28,23.88,260.49,41.06,6.33,0.0,19.72
20,6,1,22.98,23.62,23.84,25.28,339.59,48.01,2.61,0.0,22.7
21,6,1,19.72,22.98,23.62,23.84,251.24,32.63,2.29,0.0,24.16
21,6,1,22.7,19.72,22.98,23.62,227.32,39.5,4.65,0.0,25.4
21,6,1,24.16,22.7,19.72,22.98,215.17,42.21,2.92,0.0,20.06
21,6,1,25.4,24.16,22.7,19.72,130.88,32.27,4.86,0.0,23.22
22,6,1,20.06,25.4,24.16,22.7,120.47,41.61,2.92,0.0,23.08
22,6,1,23.22,20.06,25.4,24.16,177.54,37.19,4.02,0.0,22.6
22,6,1,23.08,23.22,20.06,25.4,261.61,39.15,3.35,0.0,38.64
22,6,1,22.6,23.08,23.22,20.06,176.22,37.17,4.76,0.0,21.0
23,6,1,38.64,22.6,23.08,23.22,215.7,52.65,5.24,0.0,23.62
23,6,1,21.0,38.64,22.6,23.08,308.12,33.73,3.55,0.0,25.18
23,6,1,23.62,21.0,38.64,22.6,172.33,43.09,3.88,0.0,25.46
23,6,1,25.18,23.62,21.0,38.64,200.63,32.53,4.96,0.0,23.16
0,0,0,25.46,25.18,23.62,21.0,273.06,27.24,6.71,0.0,22.96
0,0,0,23.16,25.46,25.18,23.62,145.76,44.97,3.06,0.0,40.16
0,0,0,22.96,23.16,25.46,25.18,280.75,42.1,6.14,0.0,24.36
0,0,0,40.16,22.96,23.16,25.46,151.33,55.09,4.14,0.0,23.04
1,0,0,24.36,40.16,22.96,23.16,350.3,39.62,2.65,0.0,20.72
1,0,0,23.04,24.36,40.16,22.96,311.93,23.95,3.63,0.0,24.5
1,0,0,20.72,23.04,24.36,40.16,325.11,30.49,2.73,0.0,20.46
1,0,0,24.5,20.72,23.04,24.36,381.08,38.81,8.08,0.0,23.72
2,0,0,20.46,24.5,20.72,23.04,133.11,47.79,3.59,0.0,21.98
2,0,0,23.72,20.46,24.5,20.72,293.36,46.53,6.0,0.0,20.56
2,0,0,21.98,23.72,20.46,24.5,325.72,33.88,3.59,0.0,24.54
3,0,0,20.56,21.98,23.72,20.46,206.27,31.92,3.08,0.0,26.84
3,0,0,24.54,20.56,21.98,23.72,273.69,38.93,4.57,0.0,22.04
3,0,0,26.84,24.54,20.56,21.98,364.39,38.55,6.59,0.0,23.66
3,0,0,22.04,26.84,24.54,20.56,163.89,46.79,4.78,0.0,26.8
4,0,0,23.66,22.04,26.84,24.54,121.42,30.35,5.96,0.0,22.76
4,0,0,26.8,23.66,22.04,26.84,238.82,32.37,5.43,0.0,22.86
4,0,0,22.76,26.8,23.66,22.04,112.62,35.09,4.29,0.0,24.74
4,0,0,22.86,22.76,26.8,23.66,331.77,29.95,6.53,0.0,33.42
5,0,0,24.74,22.86,22.76,26.8,77.59,24.71,7.22,0.0,23.2
5,0,0,33.42,24.74,22.86,22.76,109.23,31.21,10.57,0.0,24.22
5,0,0,23.2,33.42,24.74,22.86,251.33,35.76,7.27,0.0,26.32
5,0,0,24.22,23.2,33.42,24.74,261.95,36.21,4.18,0.0,19.74
6,0,0,26.32,24.22,23.2,33.42,363.39,37.89,3.88,0.0,21.32
6,0,0,19.74,26.32,24.22,23.2,342.78,49.11,2.51,0.0,25.9
6,0,0,21.32,19.74,26.32,24.22,319.95,43.3,4.0,0.0,22.56
6,0,0,25.9,21.32,19.74,26.32,161.44,25.14,6.02,0.0,21.22
7,0,0,22.56,25.9,21.32,19.74,265.43,41.05,2.63,0.0,23.26
7,0,0,21.22,22.56,25.9,21.32,299.4,41.94,3.53,0.0,24.04
7,0,0,23.26,21.22,22.56,25.9,201.44,37.83,5.2,0.0,34.56
7,0,0,24.04,23.26,21.22,22.56,232.2,35.35,3.31,0.0,28.9
8,0,0,34.56,24.04,23.26,21.22,100.33,22.47,4.06,0.0,25.08
8,0,0,28.9,34.56,24.04,23.26,296.46,33.34,5.82,0.0,23.7
8,0,0,25.08,28.9,34.56,24.04,108.13,45.76,3.88,0.0,21.08
8,0,0,23.7,25.08,28.9,34.56,320.16,11.98,5.53,0.0,22.14
9,0,0,21.08,23.7,25.08,28.9,281.57,44.52,3.8,0.0,21.6
9,0,0,22.14,21.08,23.7,25.08,301.26,36.53,3.37,0.0,24.72
9,0,0,21.6,22.14,21.08,23.7,182.28,28.96,2.59,0.0,29.68
9,0,0,24.72,21.6,22.14,21.08,122.96,35.97,5.24,0.0,25.24
10,0,0,29.68,24.72,21.6,22.14,259.8,13.02,9.88,0.0,24.4
10,0,0,25.24,29.68,24.72,21.6,257.54,44.08,4.42,0.0,23.28
10,0,0,24.4,25.24,29.68,24.72,269.16,40.46,2.59,0.0,24.72
10,0,0,23.28,24.4,25.24,29.68,269.98,10.04,7.12,0.0,21.18
11,0,0,24.72,23.28,24.4,25.24,111.36,39.23,4.27,0.0,26.08
11,0,0,21.18,24.72,23.28,24.4,151.39,40.51,2.94,0.0,21.56
11,0,0,26.08,21.18,24.72,23.28,322.99,52.44,5.84,0.0,25.04
11,0,0,21.56,26.08,21.18,24.72,264.43,12.18,3.31,0.0,20.32
12,0,0,25.04,21.56,26.08,21.18,186.21,52.65,4.55,0.0,53.58
12,0,0,20.32,25.04,21.56,26.08,273.75,26.33,2.98,0.0,23.02
12,0,0,53.58,20.32,25.04,21.56,279.7,28.28,9.53,0.0,24.82
12,0,0,23.02,53.58,20.32,25.04,282.55,47.99,4.14,0.0,23.26
13,0,0,24.82,23.02,53.58,20.32,109.46,22.58,3.53,0.0,28.88
13,0,0,23.26,24.82,23.02,53.58,240.15,16.91,4.61,0.0,24.5
13,0,0,28.88,23.26,24.82,23.02,314.41,18.26,6.08,0.0,22.52
13,0,0,24.5,28.88,23.26,24.82,192.18,19.21,4.67,0.0,25.3
14,0,0,22.52,24.5,28.88,23.26,155.14,36.84,3.35,0.0,25.26
14,0,0,25.3,22.52,24.5,28.88,137.54,39.27,4.04,0.0,21.76
14,0,0,25.26,25.3,22.52,24.5,212.24,35.76,4.88,0.0,20.3
14,0,0,21.76,25.26,25.3,22.52,324.97,39.63,2.71,0.0,20.64
15,0,0,20.3,21.76,25.26,25.3,293.34,33.25,3.37,0.0,88.24
15,0,0,20.64,20.3,21.76,25.26,323.84,37.32,3.1,0.0,23.3
15,0,0,88.24,20.64,20.3,21.76,256.98,29.28,19.71,0.0,20.78
15,0,0,23.3,88.24,20.64,20.3,182.63,36.01,3.63,0.0,21.16
16,0,0,20.78,23.3,88.24,20.64,170.64,32.86,2.78,0.0,21.86
16,0,0,21.16,20.78,23.3,88.24,288.05,33.0,3.98,0.0,23.96
16,0,0,21.86,21.16,20.78,23.3,98.93,34.89,3.78,0.0,22.4
16,0,0,23.96,21.86,21.16,20.78,334.13,25.44,5.24,0.0,31.14
17,0,0,22.4,23.96,21.86,21.16,274.04,32.25,5.73,0.0,23.98
17,0,0,31.14,22.4,23.96,21.86,315.29,20.13,9.37,0.0,23.54
17,0,0,23.98,31.14,22.4,23.96,318.07,17.89,4.96,0.0,36.2
17,0,0,23.54,23.98,31.14,22.4,204.8,33.57,3.61,0.0,22.44
18,0,0,36.2,23.54,23.98,31.14,313.04,28.11,4.76,0.0,21.34
18,0,0,22.44,36.2,23.54,23.98,296.35,43.14,3.63,0.0,26.1
18,0,0,21.34,22.44,36.2,23.54,227.04,33.17,4.39,0.0,24.1
18,0,0,26.1,21.34,22.44,36.2,276.33,35.51,3.53,0.0,22.1
19,0,0,24.1,26.1,21.34,22.44,279.06,32.7,5.86,0.0,25.46
19,0,0,22.1,24.1,26.1,21.34,293.21,40.47,3.98,0.0,23.18
19,0,0,25.46,22.1,24.1,26.1,247.4,32.56,3.94,0.0,22.68
19,0,0,23.18,25.46,22.1,24.1,123.39,22.78,4.65,0.0,19.88
20,0,0,22.68,23.18,25.46,22.1,241.0,34.1,4.04,0.0,21.66
20,0,0,19.88,22.68,23.18,25.46,187.34,40.44,3.31,0.0,25.82
20,0,0,21.66,19.88,22.68,23.18,311.34,36.71,5.0,0.0,27.5
20,0,0,25.82,21.66,19.88,22.68,151.94,46.36,4.55,0.0,20.84
21,0,0,27.5,25.82,21.66,19.88,234.11,28.98,5.98,0.0,22.62
21,0,0,20.84,27.5,25.82,21.66,148.73,17.63,4.08,0.0,26.42
21,0,0,22.62,20.84,27.5,25.82,143.34,35.45,2.92,0.0,20.86
21,0,0,26.42,22.62,20.84,27.5,217.02,32.43,6.67,0.0,19.66
22,0,0,20.86,26.42,22.62,20.84,318.03,27.14,3.1,0.0,22.02
22,0,0,19.66,20.86,26.42,22.62,253.12,32.2,2.73,0.0,22.08
22,0,0,22.02,19.66,20.86,26.42,296.11,44.98,4.12,0.0,25.72
22,0,0,22.08,22.02,19.66,20.86,236.83,34.45,4.18,0.0,22.98
23,0,0,25.72,22.08,22.02,19.66,180.16,41.17,4.51,0.0,27.22
23,0,0,22.98,25.72,22.08,22.02,226.69,44.65,3.06,0.0,32.38
23,0,0,27.22,22.98,25.72,22.08,155.34,43.12,3.59,0.0,26.64
23,0,0,32.38,27.22,22.98,25.72,232.13,29.68,6.94,0.0,40.6
0,1,0,26.64,32.38,27.22,22.98,332.97,47.03,6.9,0.0,27.42
0,1,0,40.6,26.64,32.38,27.22,232.94,29.09,14.29,0.0,25.72
0,1,0,27.42,40.6,26.64,32.38,214.56,29.95,6.06,0.0,25.06
0,1,0,25.72,27.42,40.6,26.64,176.59,40.14,6.82,0.0,23.6
1,1,0,25.06,25.72,27.42,40.6,147.65,38.74,5.65,0.0,41.22
1,1,0,23.6,25.06,25.72,27.42,259.71,24.94,5.51,0.0,21.9
1,1,0,41.22,23.6,25.06,25.72,173.61,28.59,12.98,0.0,23.12
1,1,0,21.9,41.22,23.6,25.06,252.56,50.5,3.92,0.0,24.8
2,1,0,23.12,21.9,41.22,23.6,315.62,33.84,4.51,0.0,22.56
2,1,0,24.8,23.12,21.9,41.22,342.72,41.37,6.69,0.0,25.28
2,1,0,22.56,24.8,23.12,21.9,325.24,37.34,3.16,0.0,58.84
2,1,0,25.28,22.56,24.8,23.12,296.58,34.24,5.41,0.0,23.86
3,1,0,58.84,25.28,22.56,24.8,120.19,32.17,10.29,0.0,21.45
3,1,0,23.86,58.84,25.28,22.56,300.75,36.7,5.8,0.0,29.88
3,1,0,21.45,23.86,58.84,25.28,293.48,28.91,3.6,0.0,25.68
3,1,0,29.88,21.45,23.86,58.84,225.35,36.64,6.33,0.0,27.06
4,1,0,25.68,29.88,21.45,23.86,124.51,36.45,4.63,0.0,35.34
4,1,0,27.06,25.68,29.88,21.45,311.99,26.48,5.96,0.0,26.5
4,1,0,35.34,27.06,25.68,29.88,282.61,25.69,12.33,0.0,34.58
4,1,0,26.5,35.34,27.06,25.68,284.83,28.1,7.9,0.0,21.66
5,1,0,34.58,26.5,35.34,27.06,179.09,34.56,7.33,0.0,25.82
5,1,0,21.66,34.58,26.5,35.34,214.43,31.77,2.39,0.0,27.82
5,1,0,25.82,21.66,34.58,26.5,160.78,25.49,5.39,0.0,24.02
5,1,0,27.82,25.82,21.66,34.58,277.53,21.0,5.51,0.0,20.7
6,1,0,24.02,27.82,25.82,21.66,224.9,46.13,5.22,0.0,23.0
6,1,0,20.7,24.02,27.82,25.82,130.39,35.78,3.27,0.0,39.4
6,1,0,23.0,20.7,24.02,27.82,164.22,30.9,3.06,0.0,27.66
6,1,0,39.4,23.0,20.7,24.02,81.74,21.34,6.33,0.0,25.3
7,1,0,27.66,39.4,23.0,20.7,270.22,32.39,3.61,0.0,35.64
7,1,0,25.3,27.66,39.4,23.0,315.28,36.24,4.94,0.0,26.56
7,1,0,35.64,25.3,27.66,39.4,106.97,35.69,8.49,0.0,46.54
7,1,0,26.56,35.64,25.3,27.66,243.62,33.88,8.02,0.0,25.04
8,1,0,46.54,26.56,35.64,25.3,188.23,26.37,7.94,0.0,21.76
8,1,0,25.04,46.54,26.56,35.64,422.54,58.22,3.94,0.0,27.58
8,1,0,21.76,25.04,46.54,26.56,175.07,47.88,3.9,0.0,24.88
8,1,0,27.58,21.76,25.04,46.54,212.02,41.04,4.16,0.0,30.24
9,1,0,24.88,27.58,21.76,25.04,201.84,47.2,5.76,0.0,31.04
9,1,0,30.24,24.88,27.58,21.76,289.55,30.25,6.86,0.0,25.32
9,1,0,31.04,30.24,24.88,27.58,231.53,38.98,8.73,0.0,28.12
9,1,0,25.32,31.04,30.24,24.88,274.83,37.67,6.88,0.0,22.26
10,1,0,28.12,25.32,31.04,30.24,257.79,23.09,8.59,0.0,28.3
10,1,0,22.26,28.12,25.32,31.04,104.95,31.92,4.49,0.0,24.42
10,1,0,28.3,22.26,28.12,25.32,262.08,42.64,4.24,0.0,21.06
10,1,0,24.42,28.3,22.26,28.12,224.13,17.78,3.96,0.0,27.96
11,1,0,21.06,24.42,28.3,22.26,199.65,47.23,3.41,0.0,30.1
11,1,0,27.96,21.06,24.42,28.3,322.89,41.38,11.02,0.0,33.06
11,1,0,30.1,27.96,21.06,24.42,129.59,25.77,9.98,0.0,24.68
11,1,0,33.06,30.1,27.96,21.06,96.32,36.45,11.33,0.0,27.88
12,1,0,24.68,33.06,30.1,27.96,277.23,44.05,5.31,0.0,27.62
12,1,0,27.88,24.68,33.06,30.1,366.94,43.21,7.12,0.0,24.38
12,1,0,27.62,27.88,24.68,33.06,332.41,14.71,6.35,0.0,20.76
12,1,0,24.38,27.62,27.88,24.68,329.73,39.44,3.24,0.0,29.78
13,1,0,20.76,24.38,27.62,27.88,346.1,48.16,2.51,0.0,21.76
13,1,0,29.78,20.76,24.38,27.62,231.49,21.54,3.98,0.0,27.08
13,1,0,21.76,29.78,20.76,24.38,141.36,38.88,4.45,0.0,32.6
13,1,0,27.08,21.76,29.78,20.76,188.67,53.93,8.02,0.0,28.6
14,1,0,32.6,27.08,21.76,29.78,324.61,49.23,7.22,0.0,22.38
14,1,0,28.6,32.6,27.08,21.76,164.95,29.7,7.92,0.0,21.62
14,1,0,22.38,28.6,32.6,27.08,224.88,7.78,3.59,0.0,29.48
14,1,0,21.62,22.38,28.6,32.6,215.1,35.49,3.63,0.0,30.38
15,1,0,29.48,21.62,22.38,28.6,225.09,30.65,6.67,0.0,21.7
15,1,0,30.38,29.48,21.62,22.38,312.15,50.74,7.53,0.0,26.22
15,1,0,21.7,30.38,29.48,21.62,313.97,36.64,4.04,0.0,22.18
15,1,0,26.22,21.7,30.38,29.48,164.4,44.22,6.98,0.0,28.04
16,1,0,22.18,26.22,21.7,30.38,223.9,26.13,4.27,0.0,26.02
16,1,0,28.04,22.18,26.22,21.7,128.23,48.7,6.96,0.0,22.2
16,1,0,26.02,28.04,22.18,26.22,261.04,45.32,4.69,0.0,27.5
16,1,0,22.2,26.02,28.04,22.18,266.64,22.35,3.69,0.0,21.78
17,1,0,27.5,22.2,26.02,28.04,240.78,39.37,6.08,0.0,25.98
17,1,0,21.78,27.5,22.2,26.02,173.04,38.54,4.78,0.0,23.88
17,1,0,25.98,21.78,27.5,22.2,325.23,44.21,4.57,0.0,21.86
17,1,0,23.88,25.98,21.78,27.5,182.37,44.16,5.51,0.0,28.74
18,1,0,21.86,23.88,25.98,21.78,259.43,51.51,4.2,0.0,24.4
18,1,0,28.74,21.86,23.88,25.98,127.67,27.74,6.33,0.0,23.14
18,1,0,24.4,28.74,21.86,23.88,170.8,27.68,2.65,0.0,20.72
18,1,0,23.14,24.4,28.74,21.86,257.71,39.13,3.86,0.0,21.74
19,1,0,20.72,23.14,24.4,28.74,217.98,32.27,4.65,0.0,25.16
19,1,0,21.74,20.72,23.14,24.4,258.83,27.43,3.57,0.0,20.88
19,1,0,25.16,21.74,20.72,23.14,241.59,30.73,5.69,0.0,21.62
19,1,0,20.88,25.16,21.74,20.72,265.29,28.77,4.39,0.0,32.52
20,1,0,21.62,20.88,25.16,21.74,198.21,34.18,3.53,0.0,40.88
20,1,0,32.52,21.62,20.88,25.16,295.82,24.55,7.0,0.0,26.66
20,1,0,40.88,32.52,21.62,20.88,137.3,25.72,8.24,0.0,22.12
20,1,0,26.66,40.88,32.52,21.62,125.24,31.3,5.84,0.0,25.66
21,1,0,22.12,26.66,40.88,32.52,332.1,46.4,4.1,0.0,24.02
21,1,0,25.66,22.12,26.66,40.88,45.13,36.1,6.39,0.0,21.56
21,1,0,24.02,25.66,22.12,26.66,222.93,34.47,5.33,0.0,25.0
21,1,0,21.56,24.02,25.66,22.12,287.41,55.56,3.02,0.0,23.32
22,1,0,25.0,21.56,24.02,25.66,273.44,31.58,5.57,0.0,31.56
22,1,0,23.32,25.0,21.56,24.02,297.35,44.02,4.06,0.0,27.54
22,1,0,31.56,23.32,25.0,21.56,311.75,51.17,6.45,0.0,24.62
22,1,0,27.54,31.56,23.32,25.0,262.96,34.74,7.35,0.0,25.92
23,1,0,24.62,27.54,31.56,23.32,301.48,41.4,7.08,0.0,22.98
23,1,0,25.92,24.62,27.54,31.56,214.09,29.48,3.43,0.0,20.44
23,1,0,22.98,25.92,24.62,27.54,177.26,33.15,5.71,0.0,22.62
23,1,0,20.44,22.98,25.92,24.62,273.35,40.32,4.02,0.0,24.32
0,2,0,22.62,20.44,22.98,25.92,300.19,46.9,3.88,0.0,30.56
0,2,0,24.32,22.62,20.44,22.98,187.72,54.93,5.61,0.0,19.7
0,2,0,30.56,24.32,22.62,20.44,331.99,46.01,5.61,0.0,25.36
0,2,0,19.7,30.56,24.32,22.62,313.91,44.41,3.14,0.0,25.78
1,2,0,25.36,19.7,30.56,24.32,321.05,47.26,4.0,0.0,20.8
1,2,0,25.78,25.36,19.7,30.56,230.5,49.25,3.57,0.0,23.92
1,2,0,20.8,25.78,25.36,19.7,205.65,23.1,4.73,0.0,34.46
1,2,0,23.92,20.8,25.78,25.36,288.01,39.09,4.16,0.0,25.86
2,2,0,34.46,23.92,20.8,25.78,294.81,39.95,10.67,0.0,26.96
2,2,0,25.86,34.46,23.92,20.8,149.18,33.94,6.41,0.0,23.92
2,2,0,26.96,25.86,34.46,23.92,331.89,27.41,4.98,0.0,21.06
2,2,0,23.92,26.96,25.86,34.46,134.93,29.44,4.45,0.0,26.84
3,2,0,21.06,23.92,26.96,25.86,323.22,36.85,4.69,0.0,25.28
3,2,0,26.84,21.06,23.92,26.96,323.93,40.82,8.47,0.0,55.04
3,2,0,25.28,26.84,21.06,23.92,229.85,17.22,4.86,0.0,35.92
3,2,0,55.04,25.28,26.84,21.06,168.91,32.93,13.31,0.0,44.48
4,2,0,35.92,55.04,25.28,26.84,312.2,36.49,11.88,0.0,26.26
4,2,0,44.48,35.92,55.04,25.28,309.42,31.07,9.63,0.0,37.28
4,2,0,26.26,44.48,35.92,55.04,235.05,49.74,4.27,0.0,23.0
4,2,0,37.28,26.26,44.48,35.92,237.61,27.59,13.31,0.0,33.3
5,2,0,23.0,37.28,26.26,44.48,104.84,17.82,4.2,0.0,26.9
5,2,0,33.3,23.0,37.28,26.26,252.74,14.44,9.9,0.0,27.9
5,2,0,26.9,33.3,23.0,37.28,249.56,42.22,4.0,0.0,23.08
5,2,0,27.9,26.9,33.3,23.0,179.5,28.16,8.71,0.0,31.33
6,2,0,23.08,27.9,26.9,33.3,282.92,29.63,5.08,0.0,31.6
6,2,0,31.33,23.08,27.9,26.9,173.43,31.3,7.44,0.0,26.72
6,2,0,31.6,31.33,23.08,27.9,331.73,44.06,10.27,0.0,25.46
6,2,0,26.72,31.6,31.33,23.08,194.02,33.55,6.39,0.0,26.28
7,2,0,25.46,26.72,31.6,31.33,205.92,40.57,5.96,0.0,24.34
7,2,0,26.28,25.46,26.72,31.6,343.08,28.49,5.67,0.0,28.12
7,2,0,24.34,26.28,25.46,26.72,230.61,37.17,5.31,0.0,23.84
7,2,0,28.12,24.34,26.28,25.46,236.73,45.55,8.29,0.0,19.74
8,2,0,23.84,28.12,24.34,26.28,139.02,36.09,4.06,0.0,28.56
8,2,0,19.74,23.84,28.12,24.34,146.04,21.55,2.88,0.0,35.46
8,2,0,28.56,19.74,23.84,28.12,138.23,30.14,7.2,0.0,30.36
8,2,0,35.46,28.56,19.74,23.84,141.18,24.11,10.96,0.0,22.18
9,2,0,30.36,35.46,28.56,19.74,259.68,22.47,7.43,0.0,27.48
9,2,0,22.18,30.36,35.46,28.56,141.69,41.4,3.69,0.0,31.14
9,2,0,27.48,22.18,30.36,35.46,307.22,45.88,7.71,0.0,39.96
9,2,0,31.14,27.48,22.18,30.36,178.02,48.96,7.29,0.0,22.88
10,2,0,39.96,31.14,27.48,22.18,325.3,26.34,10.02,0.0,31.27
10,2,0,22.88,39.96,31.14,27.48,371.01,45.42,5.02,0.0,20.96
10,2,0,31.27,22.88,39.96,31.14,267.76,55.85,8.6,0.0,30.14
10,2,0,20.96,31.27,22.88,39.96,97.31,47.5,2.73,0.0,44.76
11,2,0,30.14,20.96,31.27,22.88,185.42,7.13,6.59,0.0,25.72
11,2,0,44.76,30.14,20.96,31.27,165.5,27.31,9.82,0.0,24.26
11,2,0,25.72,44.76,30.14,20.96,278.82,35.64,5.51,0.0,36.34
12,2,0,24.26,25.72,44.76,30.14,182.63,36.6,4.69,0.0,28.76
12,2,0,36.34,24.26,25.72,44.76,325.53,35.03,7.98,0.0,22.76
12,2,0,28.76,36.34,24.26,25.72,91.91,23.44,7.0,0.0,19.86
12,2,0,22.76,28.76,36.34,24.26,284.79,41.86,4.06,0.0,21.12
13,2,0,19.86,22.76,28.76,36.34,353.81,49.82,2.96,0.0,27.84
13,2,0,21.12,19.86,22.76,28.76,314.25,35.57,3.82,0.0,27.32
13,2,0,27.84,21.12,19.86,22.76,139.47,53.66,8.16,0.0,26.16
13,2,0,27.32,27.84,21.12,19.86,202.44,51.5,7.57,0.0,24.54
14,2,0,26.16,27.32,27.84,21.12,149.76,32.81,5.55,0.0,25.58
14,2,0,24.54,26.16,27.32,27.84,166.23,48.85,5.43,0.0,46.68
14,2,0,25.58,24.54,26.16,27.32,277.79,51.86,6.2,0.0,29.54
14,2,0,46.68,25.58,24.54,26.16,197.72,49.03,15.55,0.0,31.66
15,2,0,29.54,46.68,25.58,24.54,340.87,24.25,6.82,0.0,22.46
15,2,0,31.66,29.54,46.68,25.58,106.83,51.8,7.24,0.0,25.84
15,2,0,22.46,31.66,29.54,46.68,347.42,34.5,3.78,0.0,21.52
15,2,0,25.84,22.46,31.66,29.54,293.64,29.0,7.45,0.0,27.94
16,2,0,21.52,25.84,22.46,31.66,266.53,43.92,3.86,0.0,22.54
16,2,0,27.94,21.52,25.84,22.46,224.56,35.13,5.63,0.0,22.28
16,2,0,22.54,27.94,21.52,25.84,263.83,50.8,4.43,0.0,27.46
16,2,0,22.28,22.54,27.94,21.52,353.79,42.46,4.67,0.0,28.44
17,2,0,27.46,22.28,22.54,27.94,261.15,41.58,5.71,0.0,29.36
17,2,0,28.44,27.46,22.28,22.54,120.32,36.88,6.96,0.0,31.78
17,2,0,29.36,28.44,27.46,22.28,260.0,33.32,7.37,0.0,32.64
17,2,0,31.78,29.36,28.44,27.46,277.28,43.66,7.31,0.0,32.6
18,2,0,32.64,31.78,29.36,28.44,173.11,37.68,7.53,0.0,32.02
18,2,0,32.6,32.64,31.78,29.36,182.1,26.6,8.84,0.0,26.5
18,2,0,32.02,32.6,32.64,31.78,276.57,39.35,11.73,0.0,31.8
18,2,0,26.5,32.02,32.6,32.64,325.81,53.62,5.43,0.0,27.54
19,2,0,31.8,26.5,32.02,32.6,290.79,42.86,7.88,0.0,23.32
19,2,0,27.54,31.8,26.5,32.02,286.36,25.53,7.53,0.0,29.54
19,2,0,23.32,27.54,31.8,26.5,118.47,41.35,6.39,0.0,23.52
19,2,0,29.54,23.32,27.54,31.8,215.08,47.22,6.96,0.0,23.28
20,2,0,23.52,29.54,23.32,27.54,263.11,30.36,5.06,0.0,23.0
20,2,0,23.28,23.52,29.54,23.32,230.08,31.42,3.73,0.0,31.8
20,2,0,23.0,23.28,23.52,29.54,379.75,30.08,4.04,0.0,24.02
20,2,0,31.8,23.0,23.28,23.52,140.33,20.33,5.08,0.0,24.46
21,2,0,24.02,31.8,23.0,23.28,296.56,47.73,4.1,0.0,32.0
21,2,0,24.46,24.02,31.8,23.0,202.93,30.03,5.39,0.0,28.74
21,2,0,32.0,24.46,24.02,31.8,298.76,32.91,7.61,0.0,27.1
21,2,0,28.74,32.0,24.46,24.02,309.37,28.58,6.61,0.0,23.46
22,2,0,27.1,28.74,32.0,24.46,216.55,58.38,6.73,0.0,22.08
22,2,0,23.46,27.1,28.74,32.0,228.54,37.99,2.69,0.0,26.18
22,2,0,22.08,23.46,27.1,28.74,254.96,30.04,2.92,0.0,23.52
22,2,0,26.18,22.08,23.46,27.1,276.14,37.82,5.18,0.0,32.18
23,2,0,23.52,26.18,22.08,23.46,396.4,44.68,5.02,0.0,27.64
23,2,0,32.18,23.52,26.18,22.08,304.76,34.84,8.76,0.0,26.48
23,2,0,27.64,32.18,23.52,26.18,255.97,37.83,8.29,0.0,21.2
23,2,0,26.48,27.64,32.18,23.52,276.64,49.7,4.67,0.0,22.94
0,3,0,21.2,26.48,27.64,32.18,160.77,36.36,2.61,0.0,24.72
0,3,0,22.94,21.2,26.48,27.64,145.51,26.56,3.63,0.0,23.52
0,3,0,24.72,22.94,21.2,26.48,299.31,37.91,7.0,0.0,21.48
0,3,0,23.52,24.72,22.94,21.2,292.91,33.38,5.08,0.0,23.8
1,3,0,21.48,23.52,24.72,22.94,224.61,54.51,3.98,0.0,22.72
1,3,0,23.8,21.48,23.52,24.72,220.1,42.89,5.08,0.0,27.9
1,3,0,22.72,23.8,21.48,23.52,121.61,47.58,4.24,0.0,24.36
1,3,0,27.9,22.72,23.8,21.48,197.77,38.13,7.94,0.0,27.0
2,3,0,24.36,27.9,22.72,23.8,335.39,31.25,4.47,0.0,25.04
2,3,0,27.0,24.36,27.9,22.72,194.63,29.22,4.59,0.0,21.8
2,3,0,25.04,27.0,24.36,27.9,148.12,42.15,3.82,0.0,48.18
2,3,0,21.8,25.04,27.0,24.36,228.73,42.36,3.67,0.0,32.22
3,3,0,48.18,21.8,25.04,27.0,222.53,29.94,10.71,0.0,22.58
3,3,0,32.22,48.18,21.8,25.04,253.0,31.19,8.63,0.0,24.02
3,3,0,22.58,32.22,48.18,21.8,184.4,50.41,4.65,0.0,29.74
3,3,0,24.02,22.58,32.22,48.18,291.93,32.83,3.9,0.0,29.8
4,3,0,29.74,24.02,22.58,32.22,265.97,22.37,6.1,0.0,24.7
4,3,0,29.8,29.74,24.02,22.58,135.19,8.38,8.49,0.0,24.46
4,3,0,24.7,29.8,29.74,24.02,300.45,32.31,4.22,0.0,23.6
4,3,0,24.46,24.7,29.8,29.74,313.08,36.9,5.33,0.0,75.24
5,3,0,23.6,24.46,24.7,29.8,295.93,36.0,5.82,0.0,24.04
5,3,0,75.24,23.6,24.46,24.7,312.25,33.64,14.35,0.0,26.28
5,3,0,24.04,75.24,23.6,24.46,273.68,37.63,5.0,0.0,28.42
5,3,0,26.28,24.04,75.24,23.6,342.82,53.07,5.92,0.0,56.88
6,3,0,28.42,26.28,24.04,75.24,201.08,23.58,8.45,0.0,27.62
6,3,0,56.88,28.42,26.28,24.04,204.26,42.53,13.2,0.0,21.38
6,3,0,27.62,56.88,28.42,26.28,219.58,23.7,5.0,0.0,28.4
6,3,0,21.38,27.62,56.88,28.42,263.86,55.79,4.14,0.0,23.76
7,3,0,28.4,21.38,27.62,56.88,314.62,38.49,6.43,0.0,26.28
7,3,0,23.76,28.4,21.38,27.62,302.89,40.66,5.06,0.0,27.5
7,3,0,26.28,23.76,28.4,21.38,299.45,38.78,7.2,0.0,31.74
7,3,0,27.5,26.28,23.76,28.4,287.96,52.34,6.22,0.0,29.2
8,3,0,31.74,27.5,26.28,23.76,227.29,19.01,7.94,0.0,28.82
8,3,0,29.2,31.74,27.5,26.28,357.88,23.82,7.02,0.0,26.74
11,3,0,28.82,29.2,31.74,27.5,295.32,34.47,7.69,0.0,24.4
12,3,0,26.74,28.82,29.2,31.74,144.59,44.98,8.33,0.0,26.16
12,3,0,24.4,26.74,28.82,29.2,294.55,51.1,5.76,0.0,34.56
12,3,0,26.16,24.4,26.74,28.82,365.21,51.3,7.35,0.0,32.96
12,3,0,34.56,26.16,24.4,26.74,307.38,52.98,11.39,0.0,23.22
13,3,0,32.96,34.56,26.16,24.4,294.42,46.68,7.18,0.0,29.5
13,3,0,23.22,32.96,34.56,26.16,197.58,38.14,3.0,0.0,36.14
13,3,0,29.5,23.22,32.96,34.56,249.45,30.62,6.67,0.0,34.8
13,3,0,36.14,29.5,23.22,32.96,329.61,38.95,9.02,0.0,31.2
14,3,0,34.8,36.14,29.5,23.22,338.66,29.51,9.1,0.0,30.4
14,3,0,31.2,34.8,36.14,29.5,176.06,25.82,6.71,0.0,39.98
14,3,0,30.4,31.2,34.8,36.14,213.67,46.59,5.78,0.0,24.1
14,3,0,39.98,30.4,31.2,34.8,288.55,46.45,9.57,0.0,25.18
15,3,0,24.1,39.98,30.4,31.2,289.77,46.6,4.04,0.0,29.78
15,3,0,25.18,24.1,39.98,30.4,345.85,41.86,4.06,0.0,25.3
15,3,0,29.78,25.18,24.1,39.98,310.0,37.99,6.63,0.0,33.82
15,3,0,25.3,29.78,25.18,24.1,369.26,46.96,5.33,0.0,24.9
16,3,0,33.82,25.3,29.78,25.18,275.9,31.15,10.22,0.0,28.32
16,3,0,24.9,33.82,25.3,29.78,298.67,35.52,4.43,0.0,25.98
16,3,0,28.32,24.9,33.82,25.3,418.29,41.67,6.82,0.0,23.48
16,3,0,25.98,28.32,24.9,33.82,309.04,47.82,5.96,0.0,28.72
17,3,0,23.48,25.98,28.32,24.9,188.03,52.12,4.61,0.0,32.42
17,3,0,28.72,23.48,25.98,28.32,256.17,31.33,7.61,0.0,40.18
17,3,0,32.42,28.72,23.48,25.98,187.08,13.96,7.86,0.0,31.44
17,3,0,40.18,32.42,28.72,23.48,166.83,41.4,6.37,0.0,22.74
18,3,0,31.44,40.18,32.42,28.72,286.87,50.84,8.22,0.0,32.8
18,3,0,22.74,31.44,40.18,32.42,334.41,47.63,4.06,0.0,34.14
18,3,0,32.8,22.74,31.44,40.18,345.61,28.61,7.47,0.0,29.02
18,3,0,34.14,32.8,22.74,31.44,124.35,17.18,9.59,0.0,28.3
19,3,0,29.02,34.14,32.8,22.74,83.73,3.99,9.69,0.0,26.18
19,3,0,28.3,29.02,34.14,32.8,171.28,36.36,6.8,0.0,31.0
20,3,0,26.18,28.3,29.02,34.14,287.11,30.91,5.69,0.0,22.58
20,3,0,31.0,26.18,28.3,29.02,330.0,33.02,5.53,0.0,32.52
20,3,0,22.58,31.0,26.18,28.3,168.41,43.08,3.92,0.0,31.88
20,3,0,32.52,22.58,31.0,26.18,251.54,18.65,7.06,0.0,23.24
21,3,0,31.88,32.52,22.58,31.0,201.76,39.24,6.82,0.0,27.78
21,3,0,23.24,31.88,32.52,22.58,319.06,55.95,4.65,0.0,31.82
21,3,0,27.78,23.24,31.88,32.52,326.6,34.46,5.78,0.0,41.76
21,3,0,31.82,27.78,23.24,31.88,224.52,57.07,7.14,0.0,41.66
22,3,0,41.76,31.82,27.78,23.24,147.01,53.95,10.33,0.0,29.4
22,3,0,41.66,41.76,31.82,27.78,165.83,31.36,12.0,0.0,27.98
22,3,0,29.4,41.66,41.76,31.82,248.57,48.02,7.39,0.0,24.02
22,3,0,27.98,29.4,41.66,41.76,232.19,31.92,5.59,0.0,36.82
23,3,0,24.02,27.98,29.4,41.66,291.06,31.58,5.69,0.0,28.78
23,3,0,36.82,24.02,27.98,29.4,66.55,16.27,10.57,0.0,24.22
23,3,0,28.78,36.82,24.02,27.98,334.4,47.66,6.27,0.0,23.72
23,3,0,24.22,28.78,36.82,24.02,152.57,24.47,4.57,0.0,24.62
0,4,0,23.72,24.22,28.78,36.82,260.32,20.55,5.71,0.0,29.46
0,4,0,24.62,23.72,24.22,28.78,297.22,34.9,5.92,0.0,22.86
0,4,0,29.46,24.62,23.72,24.22,138.9,46.48,6.9,0.0,24.5
0,4,0,22.86,29.46,24.62,23.72,182.44,42.2,4.96,0.0,31.74
1,4,0,24.5,22.86,29.46,24.62,334.51,38.93,3.76,0.0,49.56
1,4,0,31.74,24.5,22.86,29.46,143.96,40.77,7.31,0.0,25.22
1,4,0,49.56,31.74,24.5,22.86,276.85,28.89,8.41,0.0,24.22
1,4,0,25.22,49.56,31.74,24.5,163.2,33.17,4.88,0.0,23.62
2,4,0,24.22,25.22,49.56,31.74,308.58,33.42,4.1,0.0,31.62
2,4,0,23.62,24.22,25.22,49.56,342.44,25.1,5.18,0.0,24.02
2,4,0,31.62,23.62,24.22,25.22,99.9,26.49,9.2,0.0,29.94
2,4,0,24.02,31.62,23.62,24.22,149.15,18.59,4.73,0.0,29.74
3,4,0,29.94,24.02,31.62,23.62,333.71,37.33,6.29,0.0,27.86
3,4,0,29.74,29.94,24.02,31.62,300.02,33.92,7.1,0.0,31.06
3,4,0,27.86,29.74,29.94,24.02,275.32,34.34,6.41,0.0,38.04
3,4,0,31.06,27.86,29.74,29.94,343.79,35.69,9.57,0.0,29.16
4,4,0,38.04,31.06,27.86,29.74,204.88,20.96,6.51,0.0,30.54
4,4,0,29.16,38.04,31.06,27.86,330.38,38.97,9.18,0.0,30.74
4,4,0,30.54,29.16,38.04,31.06,124.68,40.03,7.39,0.0,31.58
4,4,0,30.74,30.54,29.16,38.04,115.51,33.23,6.78,0.0,29.4
5,4,0,31.58,30.74,30.54,29.16,317.97,36.44,6.43,0.0,44.8
5,4,0,29.4,31.58,30.74,30.54,281.7,29.18,6.92,0.0,30.5
5,4,0,44.8,29.4,31.58,30.74,302.42,53.13,9.45,0.0,33.82
5,4,0,30.5,44.8,29.4,31.58,262.11,39.98,6.92,0.0,28.16
6,4,0,33.82,30.5,44.8,29.4,367.82,41.29,10.08,0.0,27.26
6,4,0,28.16,33.82,30.5,44.8,264.4,37.76,4.88,0.0,29.52
6,4,0,27.26,28.16,33.82,30.5,279.88,35.22,5.86,0.0,26.42
6,4,0,29.52,27.26,28.16,33.82,339.71,30.5,6.31,0.0,23.36
7,4,0,26.42,29.52,27.26,28.16,332.71,42.92,6.59,0.0,40.18
7,4,0,23.36,26.42,29.52,27.26,327.73,38.66,5.22,0.0,28.96
7,4,0,40.18,23.36,26.42,29.52,218.61,15.22,8.98,0.0,35.24
7,4,0,28.96,40.18,23.36,26.42,238.55,30.46,4.86,0.0,33.16
8,4,0,35.24,28.96,40.18,23.36,259.06,29.04,8.67,0.0,35.08
8,4,0,33.16,35.24,28.96,40.18,252.8,34.34,7.37,0.0,31.28
8,4,0,35.08,33.16,35.24,28.96,186.7,42.04,8.9,0.0,31.28
8,4,0,31.28,35.08,33.16,35.24,347.39,32.84,7.33,0.0,30.34
9,4,0,31.28,31.28,35.08,33.16,281.99,18.76,10.51,0.0,24.8
9,4,0,30.34,31.28,31.28,35.08,272.13,26.97,7.61,0.0,29.32
9,4,0,24.8,30.34,31.28,31.28,233.08,38.38,5.31,0.0,31.38
9,4,0,29.32,24.8,30.34,31.28,251.03,53.32,5.98,0.0,35.5
10,4,0,31.38,29.32,24.8,30.34,226.38,23.19,7.31,0.0,41.68
10,4,0,35.5,31.38,29.32,24.8,348.38,21.94,7.94,0.0,33.6
10,4,0,41.68,35.5,31.38,29.32,313.95,22.38,13.02,0.0,27.86
10,4,0,33.6,41.68,35.5,31.38,298.02,39.52,8.67,0.0,25.38
11,4,0,27.86,33.6,41.68,35.5,263.16,30.37,6.76,0.0,29.52
11,4,0,25.38,27.86,33.6,41.68,218.54,36.4,3.78,0.0,39.88
11,4,0,29.52,25.38,27.86,33.6,73.63,14.88,5.84,0.0,31.9
11,4,0,39.88,29.52,25.38,27.86,250.12,37.18,8.29,0.0,35.06
12,4,0,31.9,39.88,29.52,25.38,251.81,42.68,7.27,0.0,30.32
12,4,0,35.06,31.9,39.88,29.52,252.26,27.55,8.0,0.0,35.6
12,4,0,30.32,35.06,31.9,39.88,274.97,21.49,7.9,0.0,26.18
13,4,0,35.6,30.32,35.06,31.9,203.12,11.6,5.82,0.0,29.22
13,4,0,26.18,35.6,30.32,35.06,305.37,40.61,6.18,0.0,25.96
13,4,0,29.22,26.18,35.6,30.32,327.19,40.28,5.53,0.0,32.66
13,4,0,25.96,29.22,26.18,35.6,295.38,38.87,6.57,0.0,34.3
14,4,0,32.66,25.96,29.22,26.18,337.65,13.71,7.82,0.0,33.98
14,4,0,34.3,32.66,25.96,29.22,253.19,24.8,6.45,0.0,27.62
14,4,0,33.98,34.3,32.66,25.96,282.81,41.4,8.76,0.0,31.86
14,4,0,27.62,33.98,34.3,32.66,332.84,34.74,6.86,0.0,24.5
15,4,0,31.86,27.62,33.98,34.3,236.42,32.92,8.22,0.0,26.4
15,4,0,24.5,31.86,27.62,33.98,237.71,34.54,5.8,0.0,25.12
15,4,0,26.4,24.5,31.86,27.62,311.78,46.11,5.41,0.0,27.12
15,4,0,25.12,26.4,24.5,31.86,274.47,25.41,4.1,0.0,29.08
16,4,0,27.12,25.12,26.4,24.5,322.8,41.11,5.61,0.0,28.68
16,4,0,29.08,27.12,25.12,26.4,322.74,40.42,7.0,0.0,25.26
16,4,0,28.68,29.08,27.12,25.12,335.04,40.29,5.43,0.0,36.98
16,4,0,25.26,28.68,29.08,27.12,227.11,33.19,5.35,0.0,43.62
17,4,0,36.98,25.26,28.68,29.08,336.54,47.08,8.24,0.0,33.34
17,4,0,43.62,36.98,25.26,28.68,319.95,41.84,9.14,0.0,32.44
17,4,0,33.34,43.62,36.98,25.26,299.6,48.41,6.16,0.0,32.72
17,4,0,32.44,33.34,43.62,36.98,274.37,28.23,8.49,0.0,35.86
18,4,0,32.72,32.44,33.34,43.62,324.3,33.38,4.96,0.0,22.88
18,4,0,35.86,32.72,32.44,33.34,302.43,44.85,10.82,0.0,25.1
18,4,0,22.88,35.86,32.72,32.44,274.54,29.89,5.94,0.0,34.5
18,4,0,25.1,22.88,35.86,32.72,211.49,36.46,6.04,0.0,26.9
19,4,0,34.5,25.1,22.88,35.86,306.95,26.62,7.22,0.0,24.96
19,4,0,26.9,34.5,25.1,22.88,276.23,49.14,6.39,0.0,26.26
19,4,0,24.96,26.9,34.5,25.1,342.12,45.83,4.82,0.0,26.48
19,4,0,26.26,24.96,26.9,34.5,281.73,36.63,5.08,0.0,29.8
20,4,0,26.48,26.26,24.96,26.9,298.38,25.22,6.41,0.0,31.68
20,4,0,29.8,26.48,26.26,24.96,331.45,39.7,7.94,0.0,34.9
20,4,0,31.68,29.8,26.48,26.26,318.36,27.54,5.24,0.0,29.22
20,4,0,34.9,31.68,29.8,26.48,323.66,53.79,7.76,0.0,23.62
21,4,0,29.22,34.9,31.68,29.8,276.99,26.42,8.39,0.0,32.88
21,4,0,23.62,29.22,34.9,31.68,323.03,46.43,3.67,0.0,33.44
21,4,0,32.88,23.62,29.22,34.9,312.99,30.43,8.92,0.0,26.72
21,4,0,33.44,32.88,23.62,29.22,281.49,55.45,8.04,0.0,24.54
22,4,0,26.72,33.44,32.88,23.62,304.84,25.79,5.86,0.0,25.74
22,4,0,24.54,26.72,33.44,32.88,310.75,54.69,5.04,0.0,27.82
22,4,0,25.74,24.54,26.72,33.44,223.62,36.67,5.29,0.0,25.94
22,4,0,27.82,25.74,24.54,26.72,305.27,14.18,5.78,0.0,28.26
23,4,0,25.94,27.82,25.74,24.54,306.02,43.25,4.31,0.0,33.8
23,4,0,28.26,25.94,27.82,25.74,303.01,36.56,6.35,0.0,24.94
23,4,0,33.8,28.26,25.94,27.82,331.86,37.51,8.0,0.0,31.7
23,4,0,24.94,33.8,28.26,25.94,342.71,41.38,4.39,0.0,26.26
0,5,1,31.7,24.94,33.8,28.26,337.83,37.84,6.69,0.0,22.4
0,5,1,26.26,31.7,24.94,33.8,165.69,49.25,5.67,0.0,35.1
0,5,1,22.4,26.26,31.7,24.94,388.02,49.31,3.92,0.0,41.56
0,5,1,35.1,22.4,26.26,31.7,343.15,38.35,8.04,0.0,25.9
1,5,1,41.56,35.1,22.4,26.26,121.43,40.33,7.8,0.0,32.46
1,5,1,25.9,41.56,35.1,22.4,264.47,17.26,3.65,0.0,28.64
1,5,1,32.46,25.9,41.56,35.1,111.78,27.98,6.84,0.0,24.5
1,5,1,28.64,32.46,25.9,41.56,302.45,38.14,5.39,0.0,29.32
2,5,1,24.5,28.64,32.46,25.9,319.83,40.46,5.02,0.0,31.08
2,5,1,29.32,24.5,28.64,32.46,350.34,47.75,5.69,0.0,24.32
2,5,1,31.08,29.32,24.5,28.64,173.98,33.94,7.98,0.0,26.96
2,5,1,24.32,31.08,29.32,24.5,111.36,46.89,5.71,0.0,37.02
3,5,1,26.96,24.32,31.08,29.32,167.93,33.04,6.41,0.0,30.48
3,5,1,37.02,26.96,24.32,31.08,302.46,44.95,9.47,0.0,29.22
3,5,1,30.48,37.02,26.96,24.32,112.43,22.06,5.55,0.0,19.67
4,5,1,29.22,30.48,37.02,26.96,293.33,32.26,8.08,0.0,32.16
4,5,1,19.67,29.22,30.48,37.02,287.64,38.91,3.76,0.0,30.22
5,5,1,32.16,19.67,29.22,30.48,314.73,41.8,9.18,0.0,31.08
5,5,1,30.22,32.16,19.67,29.22,275.72,28.67,5.96,0.0,33.66
5,5,1,31.08,30.22,32.16,19.67,198.98,29.25,8.04,0.0,26.5
5,5,1,33.66,31.08,30.22,32.16,269.63,26.62,7.86,0.0,29.27
6,5,1,26.5,33.66,31.08,30.22,267.58,22.65,4.41,0.0,37.7
6,5,1,29.27,26.5,33.66,31.08,278.52,21.94,7.81,0.0,40.8
6,5,1,37.7,29.27,26.5,33.66,108.66,28.68,9.55,0.0,28.76
6,5,1,40.8,37.7,29.27,26.5,213.18,12.65,9.23,0.0,25.98
7,5,1,28.76,40.8,37.7,29.27,330.16,40.96,5.59,0.0,24.36
7,5,1,25.98,28.76,40.8,37.7,279.3,36.6,6.53,0.0,39.92
7,5,1,24.36,25.98,28.76,40.8,323.27,33.01,4.9,0.0,35.56
7,5,1,39.92,24.36,25.98,28.76,260.07,41.42,9.9,0.0,32.74
8,5,1,35.56,39.92,24.36,25.98,342.64,35.01,7.22,0.0,34.28
8,5,1,32.74,35.56,39.92,24.36,249.86,9.07,10.0,0.0,31.84
8,5,1,34.28,32.74,35.56,39.92,319.68,44.71,7.47,0.0,30.38
8,5,1,31.84,34.28,32.74,35.56,308.64,25.76,7.14,0.0,30.36
9,5,1,30.38,31.84,34.28,32.74,348.67,10.13,7.96,0.0,22.32
9,5,1,30.36,30.38,31.84,34.28,319.52,20.55,7.63,0.0,41.74
9,5,1,22.32,30.36,30.38,31.84,288.26,22.76,4.37,0.0,32.02
9,5,1,41.74,22.32,30.36,30.38,217.98,21.7,10.2,0.0,28.68
10,5,1,32.02,41.74,22.32,30.36,278.4,36.41,7.1,0.0,26.38
10,5,1,28.68,32.02,41.74,22.32,254.1,46.3,7.53,0.0,24.26
10,5,1,26.38,28.68,32.02,41.74,275.64,36.59,7.49,0.0,31.84
10,5,1,24.26,26.38,28.68,32.02,284.52,8.07,5.63,0.0,33.84
11,5,1,31.84,24.26,26.38,28.68,287.94,22.68,6.16,0.0,26.46
11,5,1,33.84,31.84,24.26,26.38,198.02,34.55,8.61,0.0,31.22
11,5,1,26.46,33.84,31.84,24.26,256.95,41.64,6.06,0.0,35.98
11,5,1,31.22,26.46,33.84,31.84,312.51,46.3,11.27,0.0,29.48
12,5,1,35.98,31.22,26.46,33.84,342.55,43.0,8.22,0.0,29.98
12,5,1,29.48,35.98,31.22,26.46,288.73,21.09,4.0,0.0,29.82
12,5,1,29.98,29.48,35.98,31.22,329.19,53.16,7.0,0.0,28.86
12,5,1,29.82,29.98,29.48,35.98,280.36,42.2,6.1,0.0,24.6
13,5,1,28.86,29.82,29.98,29.48,113.87,29.29,6.49,0.0,28.72
13,5,1,24.6,28.86,29.82,29.98,308.13,40.16,4.53,0.0,23.72
13,5,1,28.72,24.6,28.86,29.82,268.08,25.21,7.06,0.0,25.8
13,5,1,23.72,28.72,24.6,28.86,166.68,39.18,4.12,0.0,31.8
14,5,1,25.8,23.72,28.72,24.6,150.51,30.54,5.73,0.0,26.48
14,5,1,31.8,25.8,23.72,28.72,217.37,52.11,8.57,0.0,32.28
14,5,1,26.48,31.8,25.8,23.72,93.14,45.44,5.43,0.0,24.98
14,5,1,32.28,26.48,31.8,25.8,199.54,44.12,8.27,0.0,28.76
15,5,1,24.98,32.28,26.48,31.8,322.86,41.16,5.12,0.0,27.86
15,5,1,28.76,24.98,32.28,26.48,291.2,28.6,6.29,0.0,28.98
15,5,1,27.86,28.76,24.98,32.28,144.53,40.95,4.31,0.0,21.66
15,5,1,28.98,27.86,28.76,24.98,340.21,38.95,5.59,0.0,30.36
16,5,1,21.66,28.98,27.86,28.76,290.18,19.83,3.18,0.0,27.68
16,5,1,30.36,21.66,28.98,27.86,156.08,45.84,8.18,0.0,26.9
16,5,1,27.68,30.36,21.66,28.98,273.81,22.91,7.37,0.0,26.42
16,5,1,26.9,27.68,30.36,21.66,362.48,25.01,7.2,0.0,26.53
17,5,1,26.42,26.9,27.68,30.36,282.85,44.5,4.14,0.0,30.46
17,5,1,26.53,26.42,26.9,27.68,308.65,33.45,7.85,0.0,28.06
17,5,1,30.46,26.53,26.42,26.9,158.39,50.91,8.45,0.0,28.96
17,5,1,28.06,30.46,26.53,26.42,123.07,29.17,5.24,0.0,28.4
18,5,1,28.96,28.06,30.46,26.53,219.78,40.77,7.43,0.0,38.14
18,5,1,28.4,28.96,28.06,30.46,312.01,27.29,5.96,0.0,27.9
18,5,1,38.14,28.4,28.96,28.06,288.73,29.59,9.88,0.0,27.16
18,5,1,27.9,38.14,28.4,28.96,168.39,48.34,6.2,0.0,27.48
19,5,1,27.16,27.9,38.14,28.4,310.74,19.69,6.16,0.0,27.6
19,5,1,27.48,27.16,27.9,38.14,147.71,50.18,5.57,0.0,27.38
19,5,1,27.6,27.48,27.16,27.9,331.53,37.36,6.51,0.0,27.5
19,5,1,27.38,27.6,27.48,27.16,266.83,45.24,4.92,0.0,25.0
20,5,1,27.5,27.38,27.6,27.48,339.21,46.59,6.59,0.0,30.0
20,5,1,25.0,27.5,27.38,27.6,179.23,52.8,6.61,0.0,25.86
20,5,1,30.0,25.0,27.5,27.38,313.17,48.86,8.86,0.0,34.7
20,5,1,25.86,30.0,25.0,27.5,128.56,42.36,4.82,0.0,25.02
21,5,1,34.7,25.86,30.0,25.0,399.33,42.28,6.63,0.0,28.2
21,5,1,25.02,34.7,25.86,30.0,293.24,45.52,3.24,0.0,29.48
21,5,1,28.2,25.02,34.7,25.86,247.58,19.46,6.69,0.0,29.92
21,5,1,29.48,28.2,25.02,34.7,157.25,44.07,6.08,0.0,40.4
22,5,1,29.92,29.48,28.2,25.02,176.26,44.19,7.69,0.0,30.2
22,5,1,40.4,29.92,29.48,28.2,119.01,34.79,9.88,0.0,27.64
22,5,1,30.2,40.4,29.92,29.48,123.58,28.76,9.61,0.0,23.94
22,5,1,27.64,30.2,40.4,29.92,258.74,39.35,8.47,0.0,24.7
23,5,1,23.94,27.64,30.2,40.4,198.11,25.66,3.06,0.0,21.02
23,5,1,24.7,23.94,27.64,30.2,151.81,36.89,5.41,0.0,39.68
23,5,1,21.02,24.7,23.94,27.64,328.97,42.66,3.14,0.0,25.34
23,5,1,39.68,21.02,24.7,23.94,278.51,36.05,10.33,0.0,30.84
0,6,1,25.34,39.68,21.02,24.7,259.06,42.26,6.49,0.0,34.3
0,6,1,30.84,25.34,39.68,21.02,138.12,41.5,8.96,0.0,23.16
0,6,1,34.3,30.84,25.34,39.68,220.64,27.49,10.53,0.0,28.5
0,6,1,23.16,34.3,30.84,25.34,174.66,39.93,5.04,0.0,32.46
1,6,1,28.5,23.16,34.3,30.84,339.87,40.64,6.41,0.0,25.98
1,6,1,32.46,28.5,23.16,34.3,338.16,17.67,4.82,0.0,35.38
1,6,1,25.98,32.46,28.5,23.16,94.97,18.48,5.63,0.0,26.72
1,6,1,35.38,25.98,32.46,28.5,153.77,32.61,8.47,0.0,35.5
2,6,1,26.72,35.38,25.98,32.46,299.34,54.85,4.98,0.0,27.3
2,6,1,35.5,26.72,35.38,25.98,215.25,30.72,9.73,0.0,29.5
2,6,1,27.3,35.5,26.72,35.38,337.44,35.11,5.2,0.0,36.76
2,6,1,29.5,27.3,35.5,26.72,31.52,22.12,7.2,0.0,27.02
3,6,1,36.76,29.5,27.3,35.5,249.89,13.75,8.69,0.0,30.58
3,6,1,27.02,36.76,29.5,27.3,282.26,23.12,5.33,0.0,30.26
3,6,1,30.58,27.02,36.76,29.5,328.58,32.94,8.96,0.0,38.48
3,6,1,30.26,30.58,27.02,36.76,125.76,47.75,6.65,0.0,25.98
4,6,1,38.48,30.26,30.58,27.02,136.26,44.15,11.82,0.0,30.62
4,6,1,25.98,38.48,30.26,30.58,168.98,48.89,6.33,0.0,30.52
4,6,1,30.62,25.98,38.48,30.26,349.88,47.86,6.41,0.0,24.12
4,6,1,30.52,30.62,25.98,38.48,219.83,37.13,6.02,0.0,33.6
5,6,1,24.12,30.52,30.62,25.98,304.52,37.4,4.04,0.0,23.78
5,6,1,33.6,24.12,30.52,30.62,388.39,40.94,9.92,0.0,24.0
5,6,1,23.78,33.6,24.12,30.52,304.53,49.97,4.98,0.0,23.88
5,6,1,24.0,23.78,33.6,24.12,168.86,38.64,3.43,0.0,27.02
6,6,1,23.88,24.0,23.78,33.6,366.36,36.94,4.47,0.0,28.68
6,6,1,27.02,23.88,24.0,23.78,141.84,45.9,6.1,0.0,25.16
6,6,1,28.68,27.02,23.88,24.0,244.12,32.7,6.51,0.0,24.76
6,6,1,25.16,28.68,27.02,23.88,106.27,23.03,4.94,0.0,32.12
7,6,1,24.76,25.16,28.68,27.02,149.46,58.05,4.76,0.0,26.82
7,6,1,32.12,24.76,25.16,28.68,336.14,37.23,6.67,0.0,31.68
7,6,1,26.82,32.12,24.76,25.16,333.75,33.51,6.33,0.0,27.98
7,6,1,31.68,26.82,32.12,24.76,250.05,19.16,7.04,0.0,26.28
8,6,1,27.98,31.68,26.82,32.12,337.34,24.71,5.49,0.0,32.84
8,6,1,26.28,27.98,31.68,26.82,167.42,27.49,7.24,0.0,30.78
8,6,1,32.84,26.28,27.98,31.68,319.78,36.49,6.43,0.0,29.1
8,6,1,30.78,32.84,26.28,27.98,343.59,48.39,6.92,0.0,28.18
9,6,1,29.1,30.78,32.84,26.28,153.28,48.72,7.02,0.0,38.12
9,6,1,28.18,29.1,30.78,32.84,321.66,38.57,5.24,0.0,27.96
9,6,1,38.12,28.18,29.1,30.78,121.27,41.49,10.16,0.0,26.02
9,6,1,27.96,38.12,28.18,29.1,369.48,52.16,5.45,0.0,28.14
10,6,1,26.02,27.96,38.12,28.18,122.23,34.85,6.02,0.0,29.6
10,6,1,28.14,26.02,27.96,38.12,186.31,38.73,8.53,0.0,28.52
10,6,1,29.6,28.14,26.02,27.96,295.26,20.71,6.67,0.0,31.52
10,6,1,28.52,29.6,28.14,26.02,271.3,43.02,5.78,0.0,30.32
11,6,1,31.52,28.52,29.6,28.14,186.51,20.18,8.78,0.0,28.44
11,6,1,30.32,31.52,28.52,29.6,332.01,41.83,8.65,0.0,28.28
11,6,1,28.44,30.32,31.52,28.52,315.57,44.79,8.84,0.0,27.24
11,6,1,28.28,28.44,30.32,31.52,250.14,19.97,6.69,0.0,26.16
12,6,1,27.24,28.28,28.44,30.32,297.19,37.21,8.47,0.0,31.2
12,6,1,26.16,27.24,28.28,28.44,130.41,39.69,5.84,0.0,29.8
12,6,1,31.2,26.16,27.24,28.28,188.24,37.29,8.04,0.0,39.58
12,6,1,29.8,31.2,26.16,27.24,266.41,19.3,6.98,0.0,41.08
13,6,1,39.58,29.8,31.2,26.16,343.68,39.11,12.02,0.0,28.16
13,6,1,41.08,39.58,29.8,31.2,144.28,43.35,13.12,0.0,30.37
13,6,1,28.16,41.08,39.58,29.8,243.73,39.0,6.16,0.0,31.4
13,6,1,30.37,28.16,41.08,39.58,327.73,46.94,6.58,0.0,28.58
14,6,1,31.4,30.37,28.16,41.08,276.92,28.47,10.22,0.0,28.58
14,6,1,28.58,31.4,30.37,28.16,148.95,49.7,6.43,0.0,33.0
14,6,1,28.58,28.58,31.4,30.37,174.53,38.2,6.41,0.0,30.18
14,6,1,33.0,28.58,28.58,31.4,361.17,35.94,7.78,0.0,28.02
15,6,1,30.18,33.0,28.58,28.58,293.8,34.9,8.06,0.0,26.3
15,6,1,28.02,30.18,33.0,28.58,341.49,49.26,7.84,0.0,24.12
15,6,1,26.3,28.02,30.18,33.0,340.19,23.51,6.1,0.0,39.56
15,6,1,24.12,26.3,28.02,30.18,326.93,34.44,4.02,0.0,25.38
16,6,1,39.56,24.12,26.3,28.02,248.98,39.22,9.9,0.0,32.98
16,6,1,25.38,39.56,24.12,26.3,145.59,43.66,5.47,0.0,26.14
16,6,1,32.98,25.38,39.56,24.12,189.68,49.26,7.4,0.0,24.58
16,6,1,26.14,32.98,25.38,39.56,269.28,37.42,5.62,0.0,27.56
17,6,1,24.58,26.14,32.98,25.38,337.31,38.09,5.14,0.0,24.02
17,6,1,27.56,24.58,26.14,32.98,155.73,34.04,7.27,0.0,31.36
17,6,1,24.02,27.56,24.58,26.14,235.48,23.35,5.04,0.0,20.92
17,6,1,31.36,24.02,27.56,24.58,206.47,28.64,8.59,0.0,25.82
18,6,1,20.92,31.36,24.02,27.56,144.91,27.24,3.67,0.0,34.9
18,6,1,25.82,20.92,31.36,24.02,222.69,32.75,5.57,0.0,26.54
18,6,1,34.9,25.82,20.92,31.36,314.48,28.19,7.82,0.0,26.24
18,6,1,26.54,34.9,25.82,20.92,284.88,34.21,5.04,0.0,30.2
19,6,1,26.24,26.54,34.9,25.82,200.1,35.63,4.73,0.0,35.0
19,6,1,30.2,26.24,26.54,34.9,222.55,29.94,7.04,0.0,29.68
19,6,1,35.0,30.2,26.24,26.54,229.84,21.81,10.92,0.0,30.62
19,6,1,29.68,35.0,30.2,26.24,190.32,21.69,7.35,0.0,20.34
20,6,1,30.62,29.68,35.0,30.2,220.14,16.86,7.8,0.0,29.06
20,6,1,20.34,30.62,29.68,35.0,163.43,52.69,2.9,0.0,27.92
20,6,1,29.06,20.34,30.62,29.68,299.09,24.31,7.0,0.0,49.68
20,6,1,27.92,29.06,20.34,30.62,146.95,45.91,5.59,0.0,25.56
21,6,1,49.68,27.92,29.06,20.34,81.84,22.63,15.63,0.0,37.8
21,6,1,25.56,49.68,27.92,29.06,367.91,42.72,5.1,0.0,26.4
21,6,1,37.8,25.56,49.68,27.92,173.34,41.13,8.94,0.0,34.68
21,6,1,26.4,37.8,25.56,49.68,270.66,28.94,6.29,0.0,26.1
22,6,1,34.68,26.4,37.8,25.56,261.84,31.44,16.55,0.0,35.84
22,6,1,26.1,34.68,26.4,37.8,259.16,49.02,5.33,0.0,34.98
22,6,1,35.84,26.1,34.68,26.4,130.45,46.33,10.41,0.0,26.4
22,6,1,34.98,35.84,26.1,34.68,104.26,36.41,11.43,0.0,30.58
23,6,1,26.4,34.98,35.84,26.1,304.14,46.45,4.86,0.0,23.6
23,6,1,30.58,26.4,34.98,35.84,283.1,41.71,8.06,0.0,24.5
23,6,1,23.6,30.58,26.4,34.98,319.47,33.94,7.1,0.0,28.54
23,6,1,24.5,23.6,30.58,26.4,291.69,45.77,4.06,0.0,31.5
0,0,0,28.54,24.5,23.6,30.58,281.95,36.71,7.35,0.0,22.38
0,0,0,31.5,28.54,24.5,23.6,327.34,46.24,5.96,0.0,30.66
0,0,0,22.38,31.5,28.54,24.5,377.16,31.5,6.12,0.0,22.86
0,0,0,30.66,22.38,31.5,28.54,235.78,46.83,5.94,0.0,39.94
1,0,0,22.86,30.66,22.38,31.5,152.62,38.92,7.49,0.0,23.24
1,0,0,39.94,22.86,30.66,22.38,294.65,36.94,7.1,0.0,35.82
1,0,0,23.24,39.94,22.86,30.66,292.08,8.81,4.92,0.0,24.9
1,0,0,35.82,23.24,39.94,22.86,288.12,15.86,10.27,0.0,26.06
2,0,0,24.9,35.82,23.24,39.94,346.27,33.58,6.45,0.0,32.5
2,0,0,26.06,24.9,35.82,23.24,145.96,26.7,4.19,0.0,37.16
2,0,0,32.5,26.06,24.9,35.82,156.42,47.3,10.51,0.0,23.7
2,0,0,37.16,32.5,26.06,24.9,275.22,48.4,9.51,0.0,27.92
3,0,0,23.7,37.16,32.5,26.06,159.65,39.54,5.43,0.0,30.52
3,0,0,27.92,23.7,37.16,32.5,123.61,44.63,8.27,0.0,29.76
3,0,0,30.52,27.92,23.7,37.16,284.85,38.57,10.94,0.0,32.04
3,0,0,29.76,30.52,27.92,23.7,144.46,38.14,8.39,0.0,29.54
4,0,0,32.04,29.76,30.52,27.92,344.91,34.25,8.71,0.0,33.56
4,0,0,29.54,32.04,29.76,30.52,199.03,29.62,9.47,0.0,38.54
4,0,0,33.56,29.54,32.04,29.76,315.37,39.99,12.73,0.0,36.48
4,0,0,38.54,33.56,29.54,32.04,133.94,24.55,13.65,0.0,25.66
5,0,0,36.48,38.54,33.56,29.54,242.09,35.19,12.29,0.0,21.46
5,0,0,25.66,36.48,38.54,33.56,333.93,15.6,5.55,0.0,35.5
5,0,0,21.46,25.66,36.48,38.54,317.06,20.53,3.76,0.0,31.65
5,0,0,35.5,21.46,25.66,36.48,142.67,21.19,10.39,0.0,28.42
6,0,0,31.65,35.5,21.46,25.66,139.03,51.15,7.46,0.0,35.52
6,0,0,28.42,31.65,35.5,21.46,179.91,29.23,8.06,0.0,31.86
6,0,0,35.52,28.42,31.65,35.5,101.99,20.97,9.33,0.0,27.96
6,0,0,31.86,35.52,28.42,31.65,126.54,33.16,10.2,0.0,33.4
7,0,0,27.96,31.86,35.52,28.42,171.8,33.22,6.71,0.0,27.6
7,0,0,33.4,27.96,31.86,35.52,96.05,34.02,9.02,0.0,28.78
7,0,0,27.6,33.4,27.96,31.86,289.05,42.56,7.59,0.0,31.2
7,0,0,28.78,27.6,33.4,27.96,92.85,37.21,5.39,0.0,27.26
8,0,0,31.2,28.78,27.6,33.4,136.73,41.52,9.69,0.0,25.88
8,0,0,27.26,31.2,28.78,27.6,290.9,43.24,8.73,0.0,39.54
8,0,0,25.88,27.26,31.2,28.78,168.52,21.04,5.92,0.0,31.14
8,0,0,39.54,25.88,27.26,31.2,65.11,19.88,10.1,0.0,30.18
9,0,0,31.14,39.54,25.88,27.26,109.95,51.01,5.65,0.0,24.92
9,0,0,30.18,31.14,39.54,25.88,261.11,21.29,5.49,0.0,20.84
9,0,0,24.92,30.18,31.14,39.54,340.48,38.37,5.24,1.0,25.28
9,0,0,20.84,24.92,30.18,31.14,294.93,31.44,3.2,1.0,62.06
10,0,0,25.28,20.84,24.92,30.18,263.94,43.5,5.1,2.0,20.68
10,0,0,62.06,25.28,20.84,24.92,353.27,17.31,10.31,0.0,28.88
10,0,0,20.68,62.06,25.28,20.84,333.75,23.03,3.06,0.0,26.86
10,0,0,28.88,20.68,62.06,25.28,267.92,34.3,6.14,0.0,29.44
11,0,0,26.86,28.88,20.68,62.06,337.5,12.74,5.69,0.0,35.86
11,0,0,29.44,26.86,28.88,20.68,286.8,37.32,6.76,0.0,29.86
11,0,0,35.86,29.44,26.86,28.88,237.55,34.84,9.29,0.0,34.8
11,0,0,29.86,35.86,29.44,26.86,342.56,40.83,5.33,0.0,28.36
12,0,0,34.8,29.86,35.86,29.44,251.63,40.69,9.31,0.0,30.78
12,0,0,28.36,34.8,29.86,35.86,298.01,26.84,5.8,0.0,22.36
12,0,0,30.78,28.36,34.8,29.86,209.27,38.17,7.94,0.0,37.9
12,0,0,22.36,30.78,28.36,34.8,119.3,18.76,3.37,0.0,28.44
13,0,0,37.9,22.36,30.78,28.36,120.76,33.44,7.37,0.0,21.4
13,0,0,28.44,37.9,22.36,30.78,206.42,22.78,5.35,0.0,30.36
13,0,0,21.4,28.44,37.9,22.36,191.74,32.24,4.0,0.0,25.9
13,0,0,30.36,21.4,28.44,37.9,60.18,32.74,8.31,0.0,29.16
14,0,0,25.9,30.36,21.4,28.44,200.21,44.1,7.12,0.0,33.0
14,0,0,29.16,25.9,30.36,21.4,295.99,43.19,7.06,0.0,32.14
14,0,0,33.0,29.16,25.9,30.36,316.0,49.73,9.35,0.0,31.76
14,0,0,32.14,33.0,29.16,25.9,133.57,34.65,6.49,0.0,33.92
15,0,0,31.76,32.14,33.0,29.16,169.2,41.37,8.04,0.0,24.84
15,0,0,33.92,31.76,32.14,33.0,327.7,28.22,14.0,1.0,24.84
15,0,0,24.84,33.92,31.76,32.14,176.65,46.25,6.69,2.0,22.34
15,0,0,24.84,24.84,33.92,31.76,177.83,37.36,5.81,0.0,26.68
16,0,0,22.34,24.84,24.84,33.92,260.08,36.75,4.08,0.0,24.82
16,0,0,26.68,22.34,24.84,24.84,264.82,27.36,6.86,0.0,27.32
16,0,0,24.82,26.68,22.34,24.84,160.59,47.11,6.2,1.0,22.18
16,0,0,27.32,24.82,26.68,22.34,323.35,28.21,7.33,1.0,27.96
17,0,0,22.18,27.32,24.82,26.68,227.54,19.87,3.92,2.0,30.32
17,0,0,27.96,22.18,27.32,24.82,145.28,40.96,7.24,1.0,40.02
17,0,0,30.32,27.96,22.18,27.32,221.14,41.52,7.33,1.0,34.28
17,0,0,40.02,30.32,27.96,22.18,222.72,19.75,8.29,0.0,26.56
18,0,0,34.28,40.02,30.32,27.96,277.32,25.0,8.1,0.0,23.9
18,0,0,26.56,34.28,40.02,30.32,308.38,23.95,5.92,0.0,33.44
18,0,0,23.9,26.56,34.28,40.02,356.59,34.59,5.2,0.0,27.64
18,0,0,33.44,23.9,26.56,34.28,330.9,30.5,8.14,0.0,31.04
19,0,0,27.64,33.44,23.9,26.56,252.36,34.26,8.18,0.0,26.68
19,0,0,31.04,27.64,33.44,23.9,303.88,24.43,9.12,0.0,26.78
19,0,0,26.68,31.04,27.64,33.44,320.36,31.31,7.16,0.0,26.48
19,0,0,26.78,26.68,31.04,27.64,311.34,43.26,5.53,0.0,23.32
20,0,0,26.48,26.78,26.68,31.04,151.86,36.92,9.29,0.0,24.3
20,0,0,23.32,26.48,26.78,26.68,284.31,20.14,4.12,0.0,29.1
20,0,0,24.3,23.32,26.48,26.78,255.3,40.31,4.65,0.0,26.71
20,0,0,29.1,24.3,23.32,26.48,205.78,41.68,7.39,0.0,25.16
21,0,0,26.71,29.1,24.3,23.32,133.24,32.94,6.44,0.0,39.88
21,0,0,25.16,26.71,29.1,24.3,244.55,36.49,5.06,0.0,22.52
21,0,0,39.88,25.16,26.71,29.1,279.36,34.06,15.86,0.0,43.96
21,0,0,22.52,39.88,25.16,26.71,294.34,38.26,2.98,0.0,53.54
22,0,0,43.96,22.52,39.88,25.16,237.88,19.08,8.02,0.0,28.28
22,0,0,53.54,43.96,22.52,39.88,70.73,35.99,10.47,0.0,22.3
22,0,0,28.28,53.54,43.96,22.52,153.64,45.62,8.61,0.0,25.06
22,0,0,22.3,28.28,53.54,43.96,153.07,44.73,4.14,0.0,27.42
23,0,0,25.06,22.3,28.28,53.54,127.44,29.31,5.31,0.0,41.56
23,0,0,27.42,25.06,22.3,28.28,191.58,26.12,6.59,0.0,34.0
23,0,0,41.56,27.42,25.06,22.3,376.06,34.68,7.71,0.0,38.2
23,0,0,34.0,41.56,27.42,25.06,312.85,41.79,10.06,0.0,24.8
0,1,0,38.2,34.0,41.56,27.42,128.58,13.28,10.98,0.0,23.26
0,1,0,24.8,38.2,34.0,41.56,321.44,43.29,5.88,0.0,51.82
0,1,0,23.26,24.8,38.2,34.0,299.82,28.77,4.78,0.0,20.54
0,1,0,51.82,23.26,24.8,38.2,335.48,30.4,7.29,0.0,23.44
1,1,0,20.54,51.82,23.26,24.8,222.63,41.54,3.86,0.0,34.38
1,1,0,23.44,20.54,51.82,23.26,171.26,38.97,3.37,0.0,32.92
1,1,0,34.38,23.44,20.54,51.82,296.59,43.59,9.47,0.0,28.02
1,1,0,32.92,34.38,23.44,20.54,319.01,40.55,7.53,0.0,28.42
2,1,0,28.02,32.92,34.38,23.44,314.2,41.24,5.73,0.0,44.68
2,1,0,28.42,28.02,32.92,34.38,368.31,50.77,8.16,0.0,25.24
2,1,0,44.68,28.42,28.02,32.92,294.96,34.03,15.33,0.0,22.34
2,1,0,25.24,44.68,28.42,28.02,131.86,34.7,5.2,0.0,30.46
3,1,0,22.34,25.24,44.68,28.42,377.43,45.82,3.94,0.0,27.06
3,1,0,30.46,22.34,25.24,44.68,264.59,28.51,8.49,0.0,34.54
3,1,0,27.06,30.46,22.34,25.24,205.58,34.5,6.55,0.0,32.4
3,1,0,34.54,27.06,30.46,22.34,129.76,30.93,8.16,0.0,28.92
4,1,0,32.4,34.54,27.06,30.46,142.56,29.22,8.0,0.0,30.38
4,1,0,28.92,32.4,34.54,27.06,155.88,32.96,6.43,0.0,28.84
4,1,0,30.38,28.92,32.4,34.54,56.48,38.22,6.84,0.0,23.0
4,1,0,28.84,30.38,28.92,32.4,202.54,30.0,9.39,0.0,23.3
5,1,0,23.0,28.84,30.38,28.92,269.52,45.3,4.73,0.0,28.8
5,1,0,23.3,23.0,28.84,30.38,312.06,40.18,6.82,0.0,26.8
5,1,0,28.8,23.3,23.0,28.84,256.12,44.88,7.59,0.0,39.32
5,1,0,26.8,28.8,23.3,23.0,202.21,28.8,4.82,0.0,27.98
6,1,0,39.32,26.8,28.8,23.3,291.03,34.46,9.71,0.0,27.24
6,1,0,27.98,39.32,26.8,28.8,332.03,36.06,8.24,0.0,24.0
6,1,0,27.24,27.98,39.32,26.8,218.04,6.15,4.8,0.0,26.42
6,1,0,24.0,27.24,27.98,39.32,256.91,28.0,6.27,0.0,26.08
7,1,0,26.42,24.0,27.24,27.98,327.09,39.06,5.61,0.0,40.78
7,1,0,26.08,26.42,24.0,27.24,264.1,38.92,5.04,0.0,36.8
7,1,0,40.78,26.08,26.42,24.0,190.79,16.52,10.06,0.0,29.24
