hour,day_of_week,is_weekend,ping_avg_rtt_ms_lag_1,ping_avg_rtt_ms_lag_2,ping_avg_rtt_ms_lag_3,ping_avg_rtt_ms_lag_4,download_lag_1,upload_lag_1,jitter_lag_1,weather_code,target
12,0,0,22.64,23.24,29.3,22.26,245.03,54.07,4.04,0.0,23.86
13,0,0,35.63,22.64,23.24,29.3,309.21,27.95,9.04,0.0,39.34
13,0,0,23.86,35.63,22.64,23.24,329.71,49.72,3.0,0.0,26.0
13,0,0,39.34,23.86,35.63,22.64,294.43,17.23,4.98,0.0,24.78
13,0,0,26.0,39.34,23.86,35.63,284.39,31.83,7.84,0.0,22.9
14,0,0,24.78,26.0,39.34,23.86,128.21,24.56,5.06,0.0,26.32
14,0,0,22.9,24.78,26.0,39.34,233.42,40.41,4.06,0.0,23.16
14,0,0,26.32,22.9,24.78,26.0,318.25,26.24,6.29,0.0,28.1
14,0,0,23.16,26.32,22.9,24.78,305.29,18.2,6.31,0.0,22.42
15,0,0,28.1,23.16,26.32,22.9,123.85,15.8,5.94,0.0,29.12
15,0,0,22.42,28.1,23.16,26.32,309.4,33.3,5.04,0.0,23.88
15,0,0,29.12,22.42,28.1,23.16,126.15,18.01,5.98,0.0,25.0
15,0,0,23.88,29.12,22.42,28.1,144.78,49.44,7.24,0.0,24.4
16,0,0,25.0,23.88,29.12,22.42,266.49,39.04,4.63,0.0,26.04
16,0,0,24.4,25.0,23.88,29.12,248.26,38.52,6.63,0.0,23.18
16,0,0,26.04,24.4,25.0,23.88,78.4,54.7,4.67,0.0,23.58
16,0,0,23.18,26.04,24.4,25.0,222.75,30.99,3.98,0.0,26.74
17,0,0,23.58,23.18,26.04,24.4,269.09,28.89,3.41,0.0,29.29
17,0,0,26.74,23.58,23.18,26.04,243.05,6.54,6.2,0.0,26.54
17,0,0,29.29,26.74,23.58,23.18,340.96,46.07,6.88,0.0,23.24
17,0,0,26.54,29.29,26.74,23.58,329.27,29.27,5.33,0.0,23.34
18,0,0,23.24,26.54,29.29,26.74,358.39,54.58,3.43,0.0,20.28
18,0,0,23.34,23.24,26.54,29.29,155.18,19.82,5.8,0.0,25.82
18,0,0,20.28,23.34,23.24,26.54,397.12,21.69,2.98,0.0,37.98
18,0,0,25.82,20.28,23.34,23.24,299.52,23.8,5.65,0.0,29.82
19,0,0,37.98,25.82,20.28,23.34,273.92,34.08,6.52,0.0,24.38
19,0,0,29.82,37.98,25.82,20.28,266.96,14.81,4.49,0.0,24.04
19,0,0,24.38,29.82,37.98,25.82,150.49,44.06,3.76,0.0,25.64
19,0,0,24.04,24.38,29.82,37.98,246.96,51.32,4.61,0.0,23.24
20,0,0,25.64,24.04,24.38,29.82,266.96,37.26,4.65,0.0,23.18
20,0,0,23.24,25.64,24.04,24.38,312.33,37.59,3.76,0.0,26.84
20,0,0,23.18,23.24,25.64,24.04,317.63,27.08,3.53,0.0,24.4
20,0,0,26.84,23.18,23.24,25.64,161.7,11.29,5.18,0.0,23.36
21,0,0,24.4,26.84,23.18,23.24,314.13,52.69,4.53,0.0,30.82
21,0,0,23.36,24.4,26.84,23.18,126.62,41.33,3.82,0.0,24.88
21,0,0,30.82,23.36,24.4,26.84,97.53,22.87,6.24,0.0,23.4
21,0,0,24.88,30.82,23.36,24.4,246.28,39.65,6.33,0.0,23.84
22,0,0,23.4,24.88,30.82,23.36,130.12,40.13,3.94,0.0,21.84
22,0,0,23.84,23.4,24.88,30.82,293.85,31.83,4.22,0.0,20.8
22,0,0,21.84,23.84,23.4,24.88,275.97,56.01,5.27,0.0,24.52
22,0,0,20.8,21.84,23.84,23.4,147.21,32.05,3.57,0.0,22.8
23,0,0,24.52,20.8,21.84,23.84,229.79,31.49,4.59,0.0,21.02
23,0,0,22.8,24.52,20.8,21.84,338.94,30.7,3.73,0.0,22.22
23,0,0,21.02,22.8,24.52,20.8,207.42,49.44,3.86,0.0,23.5
23,0,0,22.22,21.02,22.8,24.52,305.47,57.29,3.29,0.0,21.34
0,1,0,23.5,22.22,21.02,22.8,295.82,40.99,4.12,0.0,22.62
0,1,0,21.34,23.5,22.22,21.02,107.91,55.91,4.29,0.0,23.12
0,1,0,22.62,21.34,23.5,22.22,147.08,35.13,4.84,0.0,26.56
0,1,0,23.12,22.62,21.34,23.5,223.43,35.07,3.63,0.0,19.9
1,1,0,26.56,23.12,22.62,21.34,217.92,37.24,4.57,0.0,19.94
1,1,0,19.9,26.56,23.12,22.62,268.32,36.2,2.71,0.0,23.46
1,1,0,19.94,19.9,26.56,23.12,324.56,35.19,2.43,0.0,20.37
1,1,0,23.46,19.94,19.9,26.56,163.14,37.5,3.94,0.0,21.52
2,1,0,20.37,23.46,19.94,19.9,223.52,41.03,3.12,0.0,34.37
2,1,0,21.52,20.37,23.46,19.94,136.63,34.88,4.37,0.0,21.7
2,1,0,34.37,21.52,20.37,23.46,311.32,39.62,6.4,0.0,31.82
2,1,0,21.7,34.37,21.52,20.37,68.42,34.01,3.43,0.0,31.4
3,1,0,31.82,21.7,34.37,21.52,222.57,45.94,9.39,0.0,28.46
3,1,0,31.4,31.82,21.7,34.37,244.55,51.84,5.78,0.0,24.08
3,1,0,28.46,31.4,31.82,21.7,309.35,47.25,5.88,0.0,28.4
3,1,0,24.08,28.46,31.4,31.82,349.81,34.6,3.39,0.0,25.96
4,1,0,28.4,24.08,28.46,31.4,318.66,8.66,6.94,0.0,36.58
4,1,0,25.96,28.4,24.08,28.46,205.17,37.8,6.22,0.0,25.26
4,1,0,36.58,25.96,28.4,24.08,170.77,19.86,13.1,0.0,56.58
4,1,0,25.26,36.58,25.96,28.4,178.86,36.0,4.84,0.0,25.26
5,1,0,56.58,25.26,36.58,25.96,221.9,26.65,23.61,0.0,38.64
5,1,0,25.26,56.58,25.26,36.58,363.53,44.06,3.8,0.0,30.86
5,1,0,38.64,25.26,56.58,25.26,284.19,5.8,8.47,0.0,27.96
5,1,0,30.86,38.64,25.26,56.58,288.01,36.5,7.57,0.0,23.62
6,1,0,27.96,30.86,38.64,25.26,246.06,32.08,6.45,0.0,24.52
6,1,0,23.62,27.96,30.86,38.64,343.9,42.23,3.24,0.0,26.48
6,1,0,24.52,23.62,27.96,30.86,204.82,11.03,5.9,0.0,21.24
6,1,0,26.48,24.52,23.62,27.96,211.66,23.57,5.14,0.0,26.52
7,1,0,21.24,26.48,24.52,23.62,293.34,42.35,3.08,0.0,32.64
7,1,0,26.52,21.24,26.48,24.52,290.27,47.23,4.14,0.0,25.64
7,1,0,32.64,26.52,21.24,26.48,291.9,28.63,9.88,0.0,25.64
7,1,0,25.64,32.64,26.52,21.24,336.12,40.02,6.08,0.0,26.78
8,1,0,25.64,25.64,32.64,26.52,302.08,28.75,5.57,3.0,28.06
8,1,0,26.78,25.64,25.64,32.64,334.12,11.87,5.94,0.0,31.32
8,1,0,28.06,26.78,25.64,25.64,160.81,24.36,3.53,0.0,26.3
8,1,0,31.32,28.06,26.78,25.64,353.08,35.46,3.65,0.0,25.72
9,1,0,26.3,31.32,28.06,26.78,340.05,6.2,3.78,0.0,36.16
9,1,0,25.72,26.3,31.32,28.06,289.23,35.89,5.61,0.0,26.38
9,1,0,36.16,25.72,26.3,31.32,247.2,32.72,7.67,0.0,24.38
9,1,0,26.38,36.16,25.72,26.3,261.32,16.52,4.96,0.0,28.38
10,1,0,24.38,26.38,36.16,25.72,299.9,48.54,4.1,0.0,22.88
10,1,0,28.38,24.38,26.38,36.16,353.88,25.85,7.37,0.0,31.14
10,1,0,22.88,28.38,24.38,26.38,281.06,27.63,4.31,0.0,27.86
10,1,0,31.14,22.88,28.38,24.38,278.65,35.07,7.31,0.0,26.18
11,1,0,27.86,31.14,22.88,28.38,275.43,31.65,5.61,0.0,29.64
11,1,0,26.18,27.86,31.14,22.88,252.29,20.59,2.65,0.0,26.32
11,1,0,29.64,26.18,27.86,31.14,274.54,16.99,7.45,0.0,28.22
11,1,0,26.32,29.64,26.18,27.86,330.5,51.8,6.27,0.0,22.84
12,1,0,28.22,26.32,29.64,26.18,337.11,36.44,4.2,0.0,25.98
12,1,0,22.84,28.22,26.32,29.64,221.08,46.79,3.96,0.0,51.74
12,1,0,25.98,22.84,28.22,26.32,224.78,47.29,4.8,0.0,25.44
12,1,0,51.74,25.98,22.84,28.22,121.54,45.17,9.12,0.0,27.46
13,1,0,25.44,51.74,25.98,22.84,155.35,30.0,4.35,0.0,23.72
13,1,0,27.46,25.44,51.74,25.98,104.42,28.75,4.45,0.0,27.54
13,1,0,23.72,27.46,25.44,51.74,241.6,25.62,2.9,0.0,25.88
13,1,0,27.54,23.72,27.46,25.44,360.03,41.54,6.12,0.0,25.48
14,1,0,25.88,27.54,23.72,27.46,242.37,14.26,5.45,0.0,26.12
14,1,0,25.48,25.88,27.54,23.72,263.26,39.49,3.59,0.0,27.34
14,1,0,26.12,25.48,25.88,27.54,167.45,43.98,4.14,0.0,26.24
14,1,0,27.34,26.12,25.48,25.88,287.49,18.86,5.47,0.0,26.16
15,1,0,26.24,27.34,26.12,25.48,291.58,22.07,4.67,0.0,25.7
15,1,0,26.16,26.24,27.34,26.12,346.31,54.4,4.22,0.0,34.78
15,1,0,25.7,26.16,26.24,27.34,157.26,37.18,5.71,0.0,23.66
15,1,0,34.78,25.7,26.16,26.24,302.12,25.18,4.59,0.0,25.94
16,1,0,23.66,34.78,25.7,26.16,240.79,36.74,3.53,0.0,30.92
16,1,0,25.94,23.66,34.78,25.7,78.64,33.34,4.53,0.0,27.5
16,1,0,30.92,25.94,23.66,34.78,326.39,30.79,4.04,0.0,23.18
16,1,0,27.5,30.92,25.94,23.66,219.65,25.69,5.45,0.0,24.84
17,1,0,23.18,27.5,30.92,25.94,299.85,37.61,4.37,0.0,29.94
17,1,0,24.84,23.18,27.5,30.92,338.9,42.0,6.55,0.0,27.04
17,1,0,29.94,24.84,23.18,27.5,382.53,55.19,5.2,0.0,28.48
17,1,0,27.04,29.94,24.84,23.18,283.83,24.75,4.41,0.0,28.02
18,1,0,28.48,27.04,29.94,24.84,383.88,40.43,4.67,0.0,40.1
18,1,0,28.02,28.48,27.04,29.94,257.43,38.35,6.29,0.0,26.24
18,1,0,40.1,28.02,28.48,27.04,268.82,25.55,12.65,0.0,25.76
18,1,0,26.24,40.1,28.02,28.48,302.14,43.24,5.33,0.0,25.38
19,1,0,25.76,26.24,40.1,28.02,243.63,42.05,6.31,1.0,25.6
19,1,0,25.38,25.76,26.24,40.1,128.23,51.85,4.22,1.0,23.54
19,1,0,25.6,25.38,25.76,26.24,225.4,18.58,9.08,1.0,45.62
19,1,0,23.54,25.6,25.38,25.76,337.24,55.16,4.63,1.0,27.46
20,1,0,45.62,23.54,25.6,25.38,304.68,44.59,7.59,0.0,29.6
20,1,0,27.46,45.62,23.54,25.6,254.31,27.12,6.69,0.0,25.18
20,1,0,29.6,27.46,45.62,23.54,114.19,33.13,4.8,0.0,25.66
20,1,0,25.18,29.6,27.46,45.62,346.92,34.95,3.02,0.0,24.4
21,1,0,25.66,25.18,29.6,27.46,80.42,36.88,3.1,0.0,25.68
21,1,0,24.4,25.66,25.18,29.6,324.54,51.08,2.47,0.0,24.3
21,1,0,25.68,24.4,25.66,25.18,158.63,34.38,7.33,0.0,25.14
21,1,0,24.3,25.68,24.4,25.66,263.87,35.09,4.57,0.0,25.48
22,1,0,25.14,24.3,25.68,24.4,249.99,23.39,6.22,2.0,24.58
22,1,0,25.48,25.14,24.3,25.68,305.67,29.81,3.96,2.0,27.44
22,1,0,24.58,25.48,25.14,24.3,148.63,40.0,4.63,2.0,25.38
22,1,0,27.44,24.58,25.48,25.14,66.16,24.84,7.98,2.0,31.62
23,1,0,25.38,27.44,24.58,25.48,144.77,32.8,4.02,3.0,26.48
23,1,0,31.62,25.38,27.44,24.58,146.8,43.19,4.41,3.0,28.54
23,1,0,26.48,31.62,25.38,27.44,325.13,33.83,5.41,3.0,23.32
23,1,0,28.54,26.48,31.62,25.38,283.47,50.44,5.2,3.0,23.04
0,2,0,23.32,28.54,26.48,31.62,115.79,34.58,2.59,3.0,50.32
0,2,0,23.04,23.32,28.54,26.48,243.76,20.75,2.73,3.0,23.92
0,2,0,50.32,23.04,23.32,28.54,87.76,25.47,7.18,3.0,26.82
0,2,0,23.92,50.32,23.04,23.32,166.32,42.65,3.61,3.0,25.7
1,2,0,26.82,23.92,50.32,23.04,326.37,42.94,6.63,3.0,25.42
1,2,0,25.7,26.82,23.92,50.32,370.05,26.57,6.59,3.0,26.98
1,2,0,25.42,25.7,26.82,23.92,172.63,47.68,3.43,3.0,21.0
1,2,0,26.98,25.42,25.7,26.82,189.69,40.27,5.88,3.0,39.78
2,2,0,21.0,26.98,25.42,25.7,83.96,45.91,2.51,1.0,71.7
2,2,0,39.78,21.0,26.98,25.42,312.38,26.14,7.84,3.0,28.6
2,2,0,71.7,39.78,21.0,26.98,164.93,22.07,7.29,3.0,25.66
2,2,0,28.6,71.7,39.78,21.0,216.53,31.96,7.45,3.0,22.86
3,2,0,25.66,28.6,71.7,39.78,167.35,28.74,3.39,0.0,23.74
3,2,0,22.86,25.66,28.6,71.7,320.3,36.83,5.2,0.0,28.96
3,2,0,23.74,22.86,25.66,28.6,385.98,36.63,6.08,0.0,70.36
3,2,0,28.96,23.74,22.86,25.66,355.03,52.38,6.71,0.0,23.14
4,2,0,70.36,28.96,23.74,22.86,179.26,21.18,17.86,0.0,29.8
4,2,0,23.14,70.36,28.96,23.74,285.59,33.95,2.55,0.0,28.3
4,2,0,29.8,23.14,70.36,28.96,127.31,23.65,7.51,0.0,27.3
4,2,0,28.3,29.8,23.14,70.36,324.78,48.97,5.08,0.0,33.52
5,2,0,27.3,28.3,29.8,23.14,284.91,4.82,4.57,0.0,26.22
5,2,0,33.52,27.3,28.3,29.8,385.3,37.36,13.41,0.0,29.6
5,2,0,26.22,33.52,27.3,28.3,305.58,26.04,4.82,0.0,26.66
5,2,0,29.6,26.22,33.52,27.3,195.15,18.83,5.96,0.0,45.84
6,2,0,26.66,29.6,26.22,33.52,375.28,43.83,6.14,1.0,24.86
6,2,0,45.84,26.66,29.6,26.22,295.02,33.62,10.84,1.0,25.24
6,2,0,24.86,45.84,26.66,29.6,321.41,36.98,5.73,1.0,28.42
6,2,0,25.24,24.86,45.84,26.66,299.53,11.35,4.16,1.0,31.86
7,2,0,28.42,25.24,24.86,45.84,257.77,46.91,6.9,1.0,24.48
7,2,0,31.86,28.42,25.24,24.86,296.5,52.76,6.44,1.0,23.92
7,2,0,24.48,31.86,28.42,25.24,165.43,29.64,4.02,1.0,27.9
7,2,0,23.92,24.48,31.86,28.42,374.1,45.96,3.39,1.0,29.0
8,2,0,27.9,23.92,24.48,31.86,357.92,32.49,6.31,1.0,25.42
8,2,0,29.0,27.9,23.92,24.48,271.74,27.3,4.57,1.0,29.94
8,2,0,25.42,29.0,27.9,23.92,296.98,37.23,3.61,1.0,24.36
8,2,0,29.94,25.42,29.0,27.9,342.53,23.37,6.92,1.0,30.28
9,2,0,24.36,29.94,25.42,29.0,307.97,22.46,2.92,1.0,28.18
9,2,0,30.28,24.36,29.94,25.42,337.51,25.31,5.88,1.0,28.82
9,2,0,28.18,30.28,24.36,29.94,222.59,28.14,5.59,1.0,28.26
9,2,0,28.82,28.18,30.28,24.36,158.36,29.61,5.43,1.0,24.06
10,2,0,28.26,28.82,28.18,30.28,310.2,54.74,7.82,1.0,35.48
10,2,0,24.06,28.26,28.82,28.18,145.34,50.07,4.49,1.0,24.16
10,2,0,35.48,24.06,28.26,28.82,356.99,20.54,4.92,1.0,27.1
10,2,0,24.16,35.48,24.06,28.26,146.16,42.66,4.2,1.0,25.7
11,2,0,27.1,24.16,35.48,24.06,189.4,57.27,5.55,1.0,26.66
11,2,0,25.7,27.1,24.16,35.48,140.46,34.13,5.84,1.0,26.0
11,2,0,26.66,25.7,27.1,24.16,328.56,30.9,4.96,1.0,29.26
11,2,0,26.0,26.66,25.7,27.1,295.04,27.23,4.82,1.0,26.78
12,2,0,29.26,26.0,26.66,25.7,113.5,37.57,10.84,1.0,27.1
12,2,0,26.78,29.26,26.0,26.66,373.97,55.79,4.69,1.0,26.31
12,2,0,27.1,26.78,29.26,26.0,362.44,34.56,5.65,1.0,26.62
12,2,0,26.31,27.1,26.78,29.26,291.47,30.7,4.77,1.0,24.64
13,2,0,26.62,26.31,27.1,26.78,323.63,38.3,7.67,0.0,23.52
13,2,0,24.64,26.62,26.31,27.1,140.24,7.83,4.27,0.0,24.82
13,2,0,23.52,24.64,26.62,26.31,312.72,39.6,3.04,0.0,25.52
13,2,0,24.82,23.52,24.64,26.62,336.23,38.88,5.76,0.0,23.66
14,2,0,25.52,24.82,23.52,24.64,140.26,10.03,4.2,0.0,28.66
14,2,0,23.66,25.52,24.82,23.52,149.88,44.46,4.14,0.0,25.62
14,2,0,28.66,23.66,25.52,24.82,268.66,32.32,8.2,0.0,23.94
14,2,0,25.62,28.66,23.66,25.52,268.7,50.52,4.45,0.0,26.06
15,2,0,23.94,25.62,28.66,23.66,143.92,26.91,2.45,0.0,24.86
15,2,0,26.06,23.94,25.62,28.66,246.99,38.97,7.61,3.0,22.72
15,2,0,24.86,26.06,23.94,25.62,191.65,44.69,5.53,3.0,39.65
15,2,0,22.72,24.86,26.06,23.94,317.73,33.23,3.69,3.0,24.44
16,2,0,39.65,22.72,24.86,26.06,100.2,24.28,8.62,2.0,23.46
16,2,0,24.44,39.65,22.72,24.86,323.18,31.87,2.8,2.0,24.3
16,2,0,23.46,24.44,39.65,22.72,131.85,35.96,3.2,2.0,21.12
16,2,0,24.3,23.46,24.44,39.65,137.36,51.27,2.9,2.0,25.84
17,2,0,21.12,24.3,23.46,24.44,321.62,24.74,3.04,2.0,25.78
17,2,0,25.84,21.12,24.3,23.46,290.36,8.55,3.88,2.0,22.61
17,2,0,25.78,25.84,21.12,24.3,207.53,23.76,6.06,2.0,24.8
17,2,0,22.61,25.78,25.84,21.12,284.91,32.1,3.35,2.0,26.94
18,2,0,24.8,22.61,25.78,25.84,146.17,19.02,3.29,1.0,23.16
18,2,0,26.94,24.8,22.61,25.78,217.21,26.77,5.49,1.0,30.32
18,2,0,23.16,26.94,24.8,22.61,253.1,27.38,5.18,1.0,22.14
18,2,0,30.32,23.16,26.94,24.8,139.41,42.0,4.84,1.0,24.34
19,2,0,22.14,30.32,23.16,26.94,295.18,25.47,3.51,1.0,23.14
19,2,0,24.34,22.14,30.32,23.16,326.62,45.45,3.08,1.0,24.54
19,2,0,23.14,24.34,22.14,30.32,163.32,39.09,4.61,1.0,24.58
19,2,0,24.54,23.14,24.34,22.14,138.19,40.79,2.82,1.0,33.9
20,2,0,24.58,24.54,23.14,24.34,129.26,45.51,4.18,1.0,23.12
20,2,0,33.9,24.58,24.54,23.14,217.58,54.73,5.73,1.0,25.1
20,2,0,23.12,33.9,24.58,24.54,155.51,36.73,2.84,1.0,23.9
20,2,0,25.1,23.12,33.9,24.58,371.11,21.88,2.98,1.0,23.48
21,2,0,23.9,25.1,23.12,33.9,265.3,43.26,5.33,1.0,24.44
21,2,0,23.48,23.9,25.1,23.12,288.54,60.16,4.2,1.0,23.64
21,2,0,24.44,23.48,23.9,25.1,254.83,37.65,3.53,1.0,25.62
21,2,0,23.64,24.44,23.48,23.9,308.75,56.0,3.24,1.0,27.28
22,2,0,25.62,23.64,24.44,23.48,269.66,32.19,5.82,1.0,24.72
22,2,0,27.28,25.62,23.64,24.44,283.4,27.02,5.08,1.0,24.12
22,2,0,24.72,27.28,25.62,23.64,325.89,38.57,4.67,1.0,24.5
22,2,0,24.12,24.72,27.28,25.62,133.88,53.19,3.69,1.0,25.56
23,2,0,24.5,24.12,24.72,27.28,274.79,29.68,2.51,1.0,24.22
23,2,0,25.56,24.5,24.12,24.72,312.59,40.4,3.76,1.0,26.82
23,2,0,24.22,25.56,24.5,24.12,335.89,39.8,2.98,1.0,59.44
23,2,0,26.82,24.22,25.56,24.5,304.8,46.16,5.86,1.0,39.1
0,3,0,59.44,26.82,24.22,25.56,229.04,54.29,6.37,0.0,20.46
0,3,0,39.1,59.44,26.82,24.22,305.77,33.21,10.92,0.0,26.06
0,3,0,20.46,39.1,59.44,26.82,115.76,27.79,2.57,0.0,22.36
1,3,0,26.06,20.46,39.1,59.44,164.06,32.77,5.08,1.0,25.76
1,3,0,22.36,26.06,20.46,39.1,313.13,29.9,4.82,1.0,45.26
1,3,0,25.76,22.36,26.06,20.46,292.02,37.36,3.69,1.0,25.06
1,3,0,45.26,25.76,22.36,26.06,259.01,53.33,5.55,1.0,56.94
2,3,0,25.06,45.26,25.76,22.36,94.2,25.72,3.51,0.0,24.8
2,3,0,56.94,25.06,45.26,25.76,368.02,8.79,6.18,1.0,23.84
2,3,0,24.8,56.94,25.06,45.26,236.2,51.29,4.94,1.0,26.32
2,3,0,23.84,24.8,56.94,25.06,322.98,41.36,3.53,1.0,23.4
3,3,0,26.32,23.84,24.8,56.94,62.39,7.02,4.96,0.0,26.64
3,3,0,23.4,26.32,23.84,24.8,308.56,53.76,2.57,0.0,24.4
3,3,0,26.64,23.4,26.32,23.84,311.7,42.63,4.33,0.0,28.28
3,3,0,24.4,26.64,23.4,26.32,321.44,42.39,3.1,0.0,28.6
4,3,0,28.28,24.4,26.64,23.4,322.57,42.43,7.78,0.0,24.86
4,3,0,28.6,28.28,24.4,26.64,289.47,5.32,7.61,0.0,28.14
4,3,0,24.86,28.6,28.28,24.4,100.44,30.08,2.78,0.0,27.5
4,3,0,28.14,24.86,28.6,28.28,349.36,33.87,6.57,0.0,23.92
5,3,0,27.5,28.14,24.86,28.6,284.99,40.52,7.29,0.0,23.8
5,3,0,23.92,27.5,28.14,24.86,149.82,26.96,2.73,0.0,23.5
5,3,0,23.8,23.92,27.5,28.14,247.33,31.58,4.84,0.0,24.8
5,3,0,23.5,23.8,23.92,27.5,154.54,19.36,3.43,0.0,30.22
6,3,0,24.8,23.5,23.8,23.92,112.78,31.52,3.82,0.0,25.34
6,3,0,30.22,24.8,23.5,23.8,133.1,3.79,8.6,0.0,25.1
6,3,0,25.34,30.22,24.8,23.5,79.81,10.72,4.43,0.0,26.16
6,3,0,25.1,25.34,30.22,24.8,296.4,6.06,5.35,0.0,21.36
7,3,0,26.16,25.1,25.34,30.22,146.85,9.93,3.94,0.0,24.44
7,3,0,21.36,26.16,25.1,25.34,245.72,37.31,4.33,0.0,31.2
7,3,0,24.44,21.36,26.16,25.1,253.36,42.44,4.02,0.0,59.16
7,3,0,31.2,24.44,21.36,26.16,133.82,23.11,7.19,0.0,27.92
8,3,0,59.16,31.2,24.44,21.36,44.9,6.13,34.69,0.0,26.14
8,3,0,27.92,59.16,31.2,24.44,293.46,38.37,4.43,0.0,41.8
8,3,0,26.14,27.92,59.16,31.2,121.95,37.79,4.8,0.0,39.98
8,3,0,41.8,26.14,27.92,59.16,128.32,44.4,10.69,0.0,25.96
9,3,0,39.98,41.8,26.14,27.92,144.73,38.93,6.04,0.0,25.48
9,3,0,25.96,39.98,41.8,26.14,306.37,34.46,4.61,0.0,27.48
9,3,0,25.48,25.96,39.98,41.8,100.01,20.02,2.65,0.0,23.16
9,3,0,27.48,25.48,25.96,39.98,111.17,22.39,3.67,0.0,32.42
10,3,0,23.16,27.48,25.48,25.96,230.95,38.46,3.12,0.0,28.86
10,3,0,32.42,23.16,27.48,25.48,315.08,30.66,8.96,0.0,24.56
10,3,0,28.86,32.42,23.16,27.48,220.09,27.31,9.78,0.0,24.22
10,3,0,24.56,28.86,32.42,23.16,336.54,18.95,4.08,0.0,27.18
11,3,0,24.22,24.56,28.86,32.42,283.11,31.18,3.27,0.0,33.26
11,3,0,27.18,24.22,24.56,28.86,354.7,40.4,5.77,0.0,25.92
11,3,0,33.26,27.18,24.22,24.56,113.14,19.44,6.78,0.0,37.54
11,3,0,25.92,33.26,27.18,24.22,113.12,41.88,7.2,0.0,27.78
12,3,0,37.54,25.92,33.26,27.18,130.18,36.35,7.41,0.0,30.14
12,3,0,27.78,37.54,25.92,33.26,379.46,41.49,5.14,0.0,28.04
12,3,0,30.14,27.78,37.54,25.92,343.06,15.58,7.08,0.0,24.68
12,3,0,28.04,30.14,27.78,37.54,335.07,35.35,4.86,0.0,24.84
13,3,0,24.68,28.04,30.14,27.78,137.17,40.37,4.29,0.0,25.22
13,3,0,24.84,24.68,28.04,30.14,326.87,20.01,3.59,0.0,25.6
13,3,0,25.22,24.84,24.68,28.04,172.68,29.32,3.24,0.0,21.38
13,3,0,25.6,25.22,24.84,24.68,147.58,26.67,4.9,0.0,23.44
14,3,0,21.38,25.6,25.22,24.84,315.7,50.2,2.33,0.0,27.14
14,3,0,23.44,21.38,25.6,25.22,115.97,39.83,3.02,0.0,27.3
14,3,0,27.14,23.44,21.38,25.6,338.19,46.15,4.55,3.0,22.58
14,3,0,27.3,27.14,23.44,21.38,267.74,16.67,5.41,3.0,21.9
15,3,0,22.58,27.3,27.14,23.44,160.73,37.93,3.57,3.0,38.56
15,3,0,21.9,22.58,27.3,27.14,256.22,41.2,4.86,3.0,37.24
15,3,0,38.56,21.9,22.58,27.3,246.46,21.1,5.61,3.0,63.82
15,3,0,37.24,38.56,21.9,22.58,197.66,28.86,5.69,3.0,23.2
16,3,0,63.82,37.24,38.56,21.9,155.34,51.42,7.92,2.0,23.16
16,3,0,23.2,63.82,37.24,38.56,128.69,41.03,3.47,2.0,31.54
16,3,0,23.16,23.2,63.82,37.24,290.85,37.28,3.1,2.0,25.22
16,3,0,31.54,23.16,23.2,63.82,197.36,37.54,6.06,2.0,37.04
17,3,0,25.22,31.54,23.16,23.2,166.46,52.35,3.61,2.0,24.18
17,3,0,37.04,25.22,31.54,23.16,158.27,53.04,10.08,2.0,26.7
17,3,0,24.18,37.04,25.22,31.54,326.95,28.93,3.04,2.0,24.18
17,3,0,26.7,24.18,37.04,25.22,175.84,27.3,3.76,2.0,22.48
18,3,0,24.18,26.7,24.18,37.04,45.13,6.41,3.92,1.0,26.22
18,3,0,22.48,24.18,26.7,24.18,57.52,7.32,3.04,1.0,27.98
18,3,0,26.22,22.48,24.18,26.7,391.45,32.06,5.65,1.0,25.8
18,3,0,27.98,26.22,22.48,24.18,301.9,48.73,4.8,1.0,26.48
19,3,0,25.8,27.98,26.22,22.48,165.67,10.82,6.86,0.0,27.68
19,3,0,26.48,25.8,27.98,26.22,119.18,46.99,4.78,0.0,29.32
19,3,0,27.68,26.48,25.8,27.98,207.24,13.32,3.69,0.0,25.4
20,3,0,29.32,27.68,26.48,25.8,323.18,30.46,6.63,1.0,26.12
20,3,0,25.4,29.32,27.68,26.48,140.4,31.94,4.12,1.0,44.98
20,3,0,26.12,25.4,29.32,27.68,345.89,38.76,4.33,1.0,24.18
20,3,0,44.98,26.12,25.4,29.32,128.4,22.14,8.92,1.0,25.4
21,3,0,24.18,44.98,26.12,25.4,156.23,54.73,3.49,1.0,23.66
21,3,0,25.4,24.18,44.98,26.12,171.89,29.28,4.49,1.0,24.08
21,3,0,23.66,25.4,24.18,44.98,300.75,48.43,5.33,1.0,35.02
21,3,0,24.08,23.66,25.4,24.18,317.22,42.11,3.27,1.0,21.54
22,3,0,35.02,24.08,23.66,25.4,70.76,35.21,6.08,0.0,28.82
22,3,0,21.54,35.02,24.08,23.66,322.8,41.33,2.16,0.0,22.34
22,3,0,28.82,21.54,35.02,24.08,198.51,18.13,4.94,0.0,23.84
22,3,0,22.34,28.82,21.54,35.02,320.9,38.11,2.35,0.0,22.56
23,3,0,23.84,22.34,28.82,21.54,96.99,42.95,3.59,1.0,26.74
23,3,0,22.56,23.84,22.34,28.82,293.34,33.25,2.78,1.0,24.84
23,3,0,26.74,22.56,23.84,22.34,164.88,44.19,3.94,1.0,25.26
23,3,0,24.84,26.74,22.56,23.84,355.26,45.58,3.76,1.0,21.92
0,4,0,25.26,24.84,26.74,22.56,250.71,34.8,3.63,1.0,24.5
0,4,0,21.92,25.26,24.84,26.74,305.78,50.9,3.18,1.0,30.06
0,4,0,24.5,21.92,25.26,24.84,310.53,36.78,3.1,1.0,23.32
0,4,0,30.06,24.5,21.92,25.26,329.86,51.7,2.49,1.0,37.98
1,4,0,23.32,30.06,24.5,21.92,166.87,22.19,3.12,0.0,31.7
1,4,0,37.98,23.32,30.06,24.5,187.16,21.05,6.86,0.0,24.7
1,4,0,31.7,37.98,23.32,30.06,165.48,31.04,8.33,0.0,25.26
1,4,0,24.7,31.7,37.98,23.32,314.19,24.56,4.37,0.0,35.84
2,4,0,25.26,24.7,31.7,37.98,395.55,52.56,3.12,0.0,25.2
2,4,0,35.84,25.26,24.7,31.7,326.61,34.57,6.45,0.0,25.08
2,4,0,25.2,35.84,25.26,24.7,333.93,50.05,6.24,0.0,23.84
2,4,0,25.08,25.2,35.84,25.26,298.03,21.36,3.65,0.0,23.78
3,4,0,23.84,25.08,25.2,35.84,337.23,39.41,4.69,0.0,29.24
3,4,0,23.78,23.84,25.08,25.2,140.28,36.42,3.45,0.0,26.12
3,4,0,29.24,23.78,23.84,25.08,282.69,34.74,6.51,0.0,43.84
3,4,0,26.12,29.24,23.78,23.84,327.99,28.61,3.86,0.0,32.52
4,4,0,43.84,26.12,29.24,23.78,326.19,35.58,9.37,0.0,26.84
4,4,0,32.52,43.84,26.12,29.24,286.71,28.55,4.98,0.0,28.64
4,4,0,26.84,32.52,43.84,26.12,223.79,8.59,8.16,0.0,46.04
4,4,0,28.64,26.84,32.52,43.84,172.42,18.0,8.31,0.0,43.12
5,4,0,46.04,28.64,26.84,32.52,90.63,34.36,17.12,0.0,23.12
5,4,0,43.12,46.04,28.64,26.84,235.84,11.83,7.08,0.0,26.06
5,4,0,23.12,43.12,46.04,28.64,153.97,29.9,2.57,0.0,22.74
6,4,0,26.06,23.12,43.12,46.04,263.7,34.97,3.76,0.0,24.8
6,4,0,22.74,26.06,23.12,43.12,343.34,32.85,3.86,0.0,23.96
6,4,0,24.8,22.74,26.06,23.12,193.34,42.53,4.06,0.0,25.14
6,4,0,23.96,24.8,22.74,26.06,270.81,39.17,3.8,0.0,28.06
7,4,0,25.14,23.96,24.8,22.74,351.73,59.21,3.59,0.0,28.2
7,4,0,28.06,25.14,23.96,24.8,170.82,34.71,5.33,0.0,37.55
7,4,0,28.2,28.06,25.14,23.96,123.94,32.7,5.69,0.0,27.02
7,4,0,37.55,28.2,28.06,25.14,357.0,45.68,12.77,0.0,24.46
8,4,0,27.02,37.55,28.2,28.06,278.09,17.04,6.27,0.0,25.24
8,4,0,24.46,27.02,37.55,28.2,398.98,24.61,5.31,0.0,26.68
8,4,0,25.24,24.46,27.02,37.55,306.01,20.09,3.76,0.0,26.42
8,4,0,26.68,25.24,24.46,27.02,276.43,37.54,5.76,0.0,30.86
9,4,0,26.42,26.68,25.24,24.46,277.08,48.9,4.49,0.0,22.26
9,4,0,30.86,26.42,26.68,25.24,93.92,51.17,5.16,0.0,22.88
9,4,0,22.26,30.86,26.42,26.68,143.64,49.08,3.73,0.0,27.98
9,4,0,22.88,22.26,30.86,26.42,298.76,31.54,4.8,0.0,23.32
10,4,0,27.98,22.88,22.26,30.86,247.52,20.95,5.78,0.0,26.74
10,4,0,23.32,27.98,22.88,22.26,287.04,30.61,2.92,0.0,35.68
10,4,0,26.74,23.32,27.98,22.88,317.27,27.33,5.1,0.0,25.44
10,4,0,35.68,26.74,23.32,27.98,165.05,43.71,5.37,0.0,23.78
11,4,0,25.44,35.68,26.74,23.32,328.08,40.45,6.98,0.0,35.58
11,4,0,23.78,25.44,35.68,26.74,171.35,10.97,2.55,0.0,31.66
11,4,0,35.58,23.78,25.44,35.68,280.28,18.35,5.31,0.0,25.7
11,4,0,31.66,35.58,23.78,25.44,218.97,24.29,8.8,0.0,26.38
12,4,0,25.7,31.66,35.58,23.78,366.12,15.93,4.51,0.0,25.94
12,4,0,26.38,25.7,31.66,35.58,213.22,40.48,5.12,0.0,28.42
12,4,0,25.94,26.38,25.7,31.66,362.76,31.39,3.84,0.0,23.78
12,4,0,28.42,25.94,26.38,25.7,139.76,31.23,4.78,0.0,26.32
13,4,0,23.78,28.42,25.94,26.38,129.77,40.86,3.27,0.0,29.1
13,4,0,26.32,23.78,28.42,25.94,322.0,18.17,3.8,0.0,24.88
13,4,0,29.1,26.32,23.78,28.42,118.73,7.44,7.76,0.0,24.42
13,4,0,24.88,29.1,26.32,23.78,40.43,6.3,4.12,0.0,25.8
14,4,0,24.42,24.88,29.1,26.32,84.09,15.67,3.18,0.0,25.16
14,4,0,25.8,24.42,24.88,29.1,296.36,40.61,4.06,0.0,24.78
14,4,0,25.16,25.8,24.42,24.88,261.33,39.05,3.94,0.0,25.78
14,4,0,24.78,25.16,25.8,24.42,341.0,42.37,3.71,0.0,32.08
15,4,0,25.78,24.78,25.16,25.8,287.11,28.77,3.49,0.0,25.82
15,4,0,32.08,25.78,24.78,25.16,242.84,45.42,5.78,0.0,30.26
15,4,0,25.82,32.08,25.78,24.78,270.75,30.0,4.73,0.0,23.18
15,4,0,30.26,25.82,32.08,25.78,277.42,40.82,6.33,0.0,25.26
16,4,0,23.18,30.26,25.82,32.08,344.26,39.9,4.06,0.0,23.38
16,4,0,25.26,23.18,30.26,25.82,124.5,44.94,3.55,0.0,23.38
16,4,0,23.38,25.26,23.18,30.26,159.91,46.45,1.59,0.0,22.52
16,4,0,23.38,23.38,25.26,23.18,364.43,50.61,3.53,0.0,27.26
17,4,0,22.52,23.38,23.38,25.26,207.75,61.57,4.49,0.0,30.58
17,4,0,27.26,22.52,23.38,23.38,183.28,31.56,4.12,0.0,23.94
17,4,0,30.58,27.26,22.52,23.38,320.09,28.68,7.06,0.0,25.5
17,4,0,23.94,30.58,27.26,22.52,231.59,30.47,3.55,0.0,25.32
18,4,0,25.5,23.94,30.58,27.26,291.59,30.84,3.04,0.0,24.9
18,4,0,25.32,25.5,23.94,30.58,149.12,39.81,3.69,0.0,25.48
18,4,0,24.9,25.32,25.5,23.94,302.81,30.12,3.45,0.0,25.34
18,4,0,25.48,24.9,25.32,25.5,165.55,14.58,3.49,0.0,22.86
19,4,0,25.34,25.48,24.9,25.32,137.81,28.88,4.55,0.0,25.3
19,4,0,22.86,25.34,25.48,24.9,132.73,39.14,2.2,0.0,29.02
19,4,0,25.3,22.86,25.34,25.48,249.47,39.04,3.86,0.0,22.82
19,4,0,29.02,25.3,22.86,25.34,260.15,36.21,5.61,0.0,23.64
20,4,0,22.82,29.02,25.3,22.86,292.21,34.55,3.92,0.0,27.44
20,4,0,23.64,22.82,29.02,25.3,155.56,35.94,3.16,0.0,24.32
20,4,0,27.44,23.64,22.82,29.02,114.07,26.53,5.86,0.0,29.6
20,4,0,24.32,27.44,23.64,22.82,144.75,40.6,3.37,0.0,22.08
21,4,0,29.6,24.32,27.44,23.64,307.67,44.68,4.16,0.0,25.4
21,4,0,22.08,29.6,24.32,27.44,310.65,39.67,1.8,0.0,24.52
21,4,0,25.4,22.08,29.6,24.32,246.53,30.35,6.12,0.0,24.02
21,4,0,24.52,25.4,22.08,29.6,288.56,49.8,2.9,0.0,27.26
22,4,0,24.02,24.52,25.4,22.08,241.68,33.68,4.55,0.0,31.88
22,4,0,27.26,24.02,24.52,25.4,158.56,23.0,4.29,0.0,25.46
22,4,0,31.88,27.26,24.02,24.52,318.36,37.98,4.49,0.0,27.96
22,4,0,25.46,31.88,27.26,24.02,117.04,36.72,4.08,0.0,25.86
23,4,0,27.96,25.46,31.88,27.26,300.83,39.47,7.9,0.0,26.74
23,4,0,25.86,27.96,25.46,31.88,136.5,44.25,4.06,0.0,24.76
23,4,0,26.74,25.86,27.96,25.46,146.68,30.21,5.92,0.0,23.26
23,4,0,24.76,26.74,25.86,27.96,266.91,15.95,4.57,1.0,21.68
0,5,1,23.26,24.76,26.74,25.86,352.96,32.74,3.35,1.0,21.38
0,5,1,21.68,23.26,24.76,26.74,134.33,42.14,3.49,1.0,25.66
0,5,1,21.38,21.68,23.26,24.76,219.32,26.91,3.27,2.0,29.82
0,5,1,25.66,21.38,21.68,23.26,300.59,43.91,4.51,2.0,25.7
1,5,1,29.82,25.66,21.38,21.68,284.55,28.7,5.55,3.0,25.12
1,5,1,25.7,29.82,25.66,21.38,214.02,25.09,3.16,3.0,24.28
1,5,1,25.12,25.7,29.82,25.66,286.0,39.36,3.24,3.0,24.42
1,5,1,24.28,25.12,25.7,29.82,198.49,40.85,2.45,3.0,22.5
2,5,1,24.42,24.28,25.12,25.7,286.42,49.61,2.57,3.0,31.98
2,5,1,22.5,24.42,24.28,25.12,358.3,29.71,2.49,3.0,25.86
2,5,1,31.98,22.5,24.42,24.28,198.31,12.41,4.14,3.0,23.7
2,5,1,25.86,31.98,22.5,24.42,276.81,39.91,4.0,3.0,25.48
3,5,1,23.7,25.86,31.98,22.5,139.68,56.57,3.2,3.0,51.64
3,5,1,25.48,23.7,25.86,31.98,101.3,52.34,4.04,3.0,35.0
3,5,1,51.64,25.48,23.7,25.86,349.48,18.99,8.67,3.0,32.26
3,5,1,35.0,51.64,25.48,23.7,145.14,25.94,8.51,3.0,34.0
4,5,1,32.26,35.0,51.64,25.48,224.23,6.22,11.16,1.0,32.08
4,5,1,34.0,32.26,35.0,51.64,257.25,23.4,7.29,1.0,28.24
4,5,1,32.08,34.0,32.26,35.0,246.78,30.36,11.2,2.0,24.16
5,5,1,28.24,32.08,34.0,32.26,245.61,38.66,7.82,3.0,25.7
5,5,1,24.16,28.24,32.08,34.0,208.35,43.83,4.59,3.0,27.62
5,5,1,25.7,24.16,28.24,32.08,187.32,23.53,5.14,3.0,22.22
6,5,1,27.62,25.7,24.16,28.24,99.3,30.14,3.67,2.0,21.28
6,5,1,22.22,27.62,25.7,24.16,195.41,46.86,3.31,2.0,26.66
6,5,1,21.28,22.22,27.62,25.7,281.62,38.48,3.43,2.0,27.22
6,5,1,26.66,21.28,22.22,27.62,249.8,35.83,5.86,2.0,31.56
7,5,1,27.22,26.66,21.28,22.22,259.92,20.14,4.53,2.0,24.24
7,5,1,31.56,27.22,26.66,21.28,321.31,33.34,6.2,1.0,30.6
7,5,1,24.24,31.56,27.22,26.66,318.34,36.83,5.27,1.0,25.42
7,5,1,30.6,24.24,31.56,27.22,290.23,41.21,15.22,0.0,23.16
8,5,1,25.42,30.6,24.24,31.56,339.43,44.86,3.82,0.0,41.1
8,5,1,23.16,25.42,30.6,24.24,315.94,8.19,4.49,0.0,27.02
8,5,1,41.1,23.16,25.42,30.6,271.86,39.03,9.02,0.0,35.08
8,5,1,27.02,41.1,23.16,25.42,233.19,16.66,5.1,0.0,53.78
9,5,1,35.08,27.02,41.1,23.16,349.36,28.36,4.57,0.0,28.6
9,5,1,53.78,35.08,27.02,41.1,283.76,26.26,8.06,0.0,25.3
9,5,1,28.6,53.78,35.08,27.02,295.53,52.65,4.2,0.0,31.86
9,5,1,25.3,28.6,53.78,35.08,336.14,54.73,2.55,0.0,24.84
10,5,1,31.86,25.3,28.6,53.78,358.92,34.26,6.16,0.0,29.2
10,5,1,24.84,31.86,25.3,28.6,318.62,21.96,3.78,0.0,36.34
10,5,1,29.2,24.84,31.86,25.3,275.13,21.55,5.37,0.0,25.74
10,5,1,36.34,29.2,24.84,31.86,338.56,40.13,6.59,0.0,28.38
11,5,1,25.74,36.34,29.2,24.84,290.41,28.58,3.37,0.0,47.92
11,5,1,28.38,25.74,36.34,29.2,331.85,57.28,4.41,0.0,26.18
11,5,1,47.92,28.38,25.74,36.34,331.65,26.57,8.55,0.0,23.36
11,5,1,26.18,47.92,28.38,25.74,278.37,49.33,5.24,0.0,27.36
12,5,1,23.36,26.18,47.92,28.38,223.19,40.58,4.16,1.0,22.22
12,5,1,27.36,23.36,26.18,47.92,116.28,34.1,7.08,1.0,22.6
12,5,1,22.22,27.36,23.36,26.18,397.85,41.84,3.59,2.0,23.0
12,5,1,22.6,22.22,27.36,23.36,233.38,30.54,3.14,2.0,19.82
13,5,1,23.0,22.6,22.22,27.36,129.18,36.24,3.33,3.0,20.78
13,5,1,19.82,23.0,22.6,22.22,326.17,47.24,3.47,3.0,23.48
13,5,1,20.78,19.82,23.0,22.6,154.33,34.7,2.67,3.0,27.9
13,5,1,23.48,20.78,19.82,23.0,277.97,28.83,4.65,3.0,22.58
14,5,1,27.9,23.48,20.78,19.82,94.0,37.21,4.71,3.0,25.56
14,5,1,22.58,27.9,23.48,20.78,116.43,31.15,5.41,2.0,25.14
14,5,1,25.56,22.58,27.9,23.48,286.81,38.21,3.86,2.0,45.26
14,5,1,25.14,25.56,22.58,27.9,317.62,39.16,3.55,1.0,19.46
15,5,1,45.26,25.14,25.56,22.58,193.88,25.82,5.55,0.0,22.4
15,5,1,19.46,45.26,25.14,25.56,207.17,43.04,2.08,0.0,23.84
15,5,1,22.4,19.46,45.26,25.14,140.81,38.68,4.96,0.0,22.52
15,5,1,23.84,22.4,19.46,45.26,333.71,30.0,4.04,0.0,22.82
16,5,1,22.52,23.84,22.4,19.46,165.21,36.06,4.96,0.0,31.02
16,5,1,22.82,22.52,23.84,22.4,153.7,46.13,4.18,0.0,26.44
16,5,1,31.02,22.82,22.52,23.84,290.97,36.66,5.47,0.0,63.18
16,5,1,26.44,31.02,22.82,22.52,300.55,33.54,5.96,0.0,21.1
17,5,1,63.18,26.44,31.02,22.82,192.77,24.22,18.84,0.0,20.14
17,5,1,21.1,63.18,26.44,31.02,149.75,18.82,3.08,0.0,21.58
17,5,1,20.14,21.1,63.18,26.44,240.83,39.2,2.1,0.0,21.76
17,5,1,21.58,20.14,21.1,63.18,316.42,31.59,2.73,0.0,25.06
18,5,1,21.76,21.58,20.14,21.1,171.08,36.75,2.67,0.0,23.62
18,5,1,25.06,21.76,21.58,20.14,115.22,26.65,5.47,0.0,24.04
18,5,1,23.62,25.06,21.76,21.58,365.08,50.01,4.14,0.0,22.8
18,5,1,24.04,23.62,25.06,21.76,136.17,39.75,4.69,0.0,59.84
19,5,1,22.8,24.04,23.62,25.06,136.59,37.98,3.47,0.0,26.1
19,5,1,59.84,22.8,24.04,23.62,286.52,32.88,10.55,0.0,28.0
19,5,1,26.1,59.84,22.8,24.04,185.39,30.15,4.51,0.0,24.1
19,5,1,28.0,26.1,59.84,22.8,279.04,35.31,9.82,0.0,21.12
20,5,1,24.1,28.0,26.1,59.84,215.72,50.96,2.94,0.0,26.88
20,5,1,21.12,24.1,28.0,26.1,258.21,42.46,3.12,0.0,22.98
20,5,1,26.88,21.12,24.1,28.0,114.02,29.5,3.63,0.0,24.74
20,5,1,22.98,26.88,21.12,24.1,331.33,53.14,3.57,0.0,27.54
21,5,1,24.74,22.98,26.88,21.12,153.09,42.16,4.9,0.0,24.34
21,5,1,27.54,24.74,22.98,26.88,278.49,20.85,6.29,0.0,23.28
21,5,1,24.34,27.54,24.74,22.98,341.27,43.42,3.06,0.0,22.4
21,5,1,23.28,24.34,27.54,24.74,193.03,62.36,3.8,0.0,21.1
22,5,1,22.4,23.28,24.34,27.54,332.01,27.41,3.1,1.0,21.74
22,5,1,21.1,22.4,23.28,24.34,165.57,44.0,3.29,1.0,25.66
22,5,1,21.74,21.1,22.4,23.28,241.63,39.93,3.61,0.0,21.92
22,5,1,25.66,21.74,21.1,22.4,228.93,37.6,6.57,0.0,22.86
23,5,1,21.92,25.66,21.74,21.1,287.42,36.32,3.29,0.0,22.84
23,5,1,22.86,21.92,25.66,21.74,322.69,38.75,4.84,0.0,24.94
23,5,1,22.84,22.86,21.92,25.66,287.22,37.14,4.41,0.0,23.0
23,5,1,24.94,22.84,22.86,21.92,362.86,28.84,3.41,0.0,22.0
0,6,1,23.0,24.94,22.84,22.86,172.19,47.35,4.41,0.0,22.86
0,6,1,22.0,23.0,24.94,22.84,306.42,41.49,6.41,1.0,36.32
0,6,1,22.86,22.0,23.0,24.94,291.78,33.63,3.29,2.0,22.14
0,6,1,36.32,22.86,22.0,23.0,122.9,29.81,7.8,3.0,22.84
1,6,1,22.14,36.32,22.86,22.0,177.07,37.92,5.04,3.0,24.68
1,6,1,22.84,22.14,36.32,22.86,265.48,20.93,3.84,3.0,22.16
1,6,1,24.68,22.84,22.14,36.32,301.72,8.34,4.53,3.0,23.46
1,6,1,22.16,24.68,22.84,22.14,312.55,36.11,5.2,3.0,56.58
2,6,1,23.46,22.16,24.68,22.84,117.9,45.21,4.27,3.0,24.6
2,6,1,56.58,23.46,22.16,24.68,193.29,6.22,7.65,3.0,21.2
2,6,1,24.6,56.58,23.46,22.16,318.65,30.85,5.84,3.0,24.7
2,6,1,21.2,24.6,56.58,23.46,304.73,35.29,4.1,3.0,24.78
3,6,1,24.7,21.2,24.6,56.58,166.25,25.42,5.78,3.0,24.66
3,6,1,24.78,24.7,21.2,24.6,205.03,45.34,3.67,3.0,24.72
3,6,1,24.66,24.78,24.7,21.2,227.11,32.64,6.67,3.0,25.04
3,6,1,24.72,24.66,24.78,24.7,220.7,38.39,3.2,3.0,25.3
4,6,1,25.04,24.72,24.66,24.78,330.08,54.83,3.92,1.0,31.14
4,6,1,25.3,25.04,24.72,24.66,166.34,30.45,7.22,1.0,23.02
4,6,1,31.14,25.3,25.04,24.72,309.17,19.35,6.59,1.0,30.74
5,6,1,23.02,31.14,25.3,25.04,337.22,44.99,5.9,1.0,24.46
5,6,1,30.74,23.02,31.14,25.3,313.21,50.73,8.35,1.0,25.76
5,6,1,24.46,30.74,23.02,31.14,135.6,30.35,5.67,0.0,29.41
5,6,1,25.76,24.46,30.74,23.02,351.12,41.58,5.08,0.0,23.68
6,6,1,29.41,25.76,24.46,30.74,172.17,32.62,7.21,0.0,26.0
6,6,1,23.68,29.41,25.76,24.46,399.2,22.48,3.76,0.0,25.14
6,6,1,26.0,23.68,29.41,25.76,152.44,22.59,5.9,1.0,31.9
6,6,1,25.14,26.0,23.68,29.41,294.83,33.91,4.8,2.0,24.9
7,6,1,31.9,25.14,26.0,23.68,292.51,21.98,7.59,2.0,21.58
7,6,1,24.9,31.9,25.14,26.0,309.36,41.76,4.41,2.0,24.0
7,6,1,21.58,24.9,31.9,25.14,185.11,40.21,3.08,2.0,27.98
7,6,1,24.0,21.58,24.9,31.9,274.11,35.94,4.24,2.0,32.72
8,6,1,27.98,24.0,21.58,24.9,320.86,18.63,7.51,2.0,37.56
8,6,1,32.72,27.98,24.0,21.58,338.66,27.96,8.02,2.0,30.72
8,6,1,37.56,32.72,27.98,24.0,180.34,16.57,7.78,1.0,25.14
8,6,1,30.72,37.56,32.72,27.98,331.12,47.51,5.59,0.0,21.46
9,6,1,25.14,30.72,37.56,32.72,176.88,41.69,4.08,0.0,25.2
9,6,1,21.46,25.14,30.72,37.56,303.26,35.78,2.49,0.0,37.14
9,6,1,25.2,21.46,25.14,30.72,313.16,31.96,4.41,0.0,31.86
9,6,1,37.14,25.2,21.46,25.14,80.72,21.96,8.92,0.0,24.96
10,6,1,31.86,37.14,25.2,21.46,68.72,32.7,7.61,0.0,22.12
10,6,1,24.96,31.86,37.14,25.2,138.36,16.98,6.63,0.0,23.82
10,6,1,22.12,24.96,31.86,37.14,348.7,35.3,4.16,0.0,20.86
10,6,1,23.82,22.12,24.96,31.86,336.12,17.61,3.51,0.0,23.24
11,6,1,20.86,23.82,22.12,24.96,189.62,35.06,3.2,0.0,32.44
11,6,1,23.24,20.86,23.82,22.12,197.16,30.03,5.61,0.0,24.32
11,6,1,32.44,23.24,20.86,23.82,297.31,31.31,12.55,0.0,25.56
11,6,1,24.32,32.44,23.24,20.86,124.56,40.29,4.45,0.0,25.0
12,6,1,25.56,24.32,32.44,23.24,299.74,46.21,6.84,0.0,32.4
12,6,1,25.0,25.56,24.32,32.44,368.84,43.69,7.39,0.0,23.58
12,6,1,32.4,25.0,25.56,24.32,182.44,26.76,9.0,0.0,23.58
12,6,1,23.58,32.4,25.0,25.56,312.79,48.42,4.59,0.0,25.0
13,6,1,23.58,23.58,32.4,25.0,282.75,39.91,6.86,0.0,25.92
13,6,1,25.0,23.58,23.58,32.4,158.92,36.07,4.67,0.0,21.32
13,6,1,25.92,25.0,23.58,23.58,164.13,47.03,8.33,1.0,21.82
13,6,1,21.32,25.92,25.0,23.58,325.28,41.54,4.45,2.0,54.2
14,6,1,21.82,21.32,25.92,25.0,278.54,40.66,3.0,3.0,27.52
14,6,1,54.2,21.82,21.32,25.92,109.1,33.27,4.71,3.0,34.74
14,6,1,27.52,54.2,21.82,21.32,354.3,43.99,4.31,3.0,21.74
14,6,1,34.74,27.52,54.2,21.82,199.4,37.01,8.86,3.0,21.36
15,6,1,21.74,34.74,27.52,54.2,274.6,49.73,2.76,3.0,22.58
15,6,1,21.36,21.74,34.74,27.52,230.32,39.49,4.0,3.0,21.8
15,6,1,22.58,21.36,21.74,34.74,166.05,41.36,3.57,3.0,24.14
15,6,1,21.8,22.58,21.36,21.74,178.45,15.61,4.49,3.0,25.4
16,6,1,24.14,21.8,22.58,21.36,125.29,50.77,5.82,3.0,40.94
16,6,1,25.4,24.14,21.8,22.58,282.67,30.03,5.57,0.0,22.78
16,6,1,40.94,25.4,24.14,21.8,129.81,8.12,7.04,0.0,26.78
16,6,1,22.78,40.94,25.4,24.14,321.15,45.32,3.24,0.0,21.54
17,6,1,26.78,22.78,40.94,25.4,333.79,50.07,8.71,0.0,27.0
17,6,1,21.54,26.78,22.78,40.94,270.57,37.79,3.63,0.0,24.62
17,6,1,27.0,21.54,26.78,22.78,236.4,34.84,6.92,0.0,26.24
17,6,1,24.62,27.0,21.54,26.78,212.42,37.29,4.02,0.0,27.98
18,6,1,26.24,24.62,27.0,21.54,292.37,26.23,4.47,0.0,24.58
18,6,1,27.98,26.24,24.62,27.0,279.93,38.08,3.92,0.0,30.28
18,6,1,24.58,27.98,26.24,24.62,206.69,58.35,4.24,0.0,23.34
18,6,1,30.28,24.58,27.98,26.24,135.61,23.88,4.3,0.0,27.4
19,6,1,23.34,30.28,24.58,27.98,340.01,36.56,5.78,0.0,25.96
19,6,1,27.4,23.34,30.28,24.58,230.2,35.08,4.67,0.0,21.56
19,6,1,25.96,27.4,23.34,30.28,231.46,40.19,7.24,0.0,25.78
19,6,1,21.56,25.96,27.4,23.34,336.26,47.58,4.22,0.0,28.66
20,6,1,25.78,21.56,25.96,27.4,213.05,47.4,3.65,0.0,21.16
20,6,1,28.66,25.78,21.56,25.96,242.64,21.54,5.92,0.0,24.98
20,6,1,21.16,28.66,25.78,21.56,330.46,22.26,4.1,0.0,23.22
20,6,1,24.98,21.16,28.66,25.78,316.86,40.0,4.39,0.0,23.78
21,6,1,23.22,24.98,21.16,28.66,268.64,40.82,5.59,0.0,23.34
21,6,1,23.78,23.22,24.98,21.16,165.26,25.43,6.18,0.0,22.66
21,6,1,23.34,23.78,23.22,24.98,169.04,45.97,3.73,0.0,24.6
21,6,1,22.66,23.34,23.78,23.22,182.46,30.66,4.86,0.0,67.88
22,6,1,24.6,22.66,23.34,23.78,305.56,39.08,5.65,0.0,24.66
22,6,1,67.88,24.6,22.66,23.34,153.57,33.98,11.96,0.0,22.16
22,6,1,24.66,67.88,24.6,22.66,301.06,40.0,5.27,0.0,25.16
22,6,1,22.16,24.66,67.88,24.6,234.08,30.38,5.61,0.0,27.34
23,6,1,25.16,22.16,24.66,67.88,255.16,36.41,6.16,0.0,23.2
23,6,1,27.34,25.16,22.16,24.66,340.07,46.65,9.02,0.0,26.28
23,6,1,23.2,27.34,25.16,22.16,304.13,29.88,4.27,0.0,22.86
23,6,1,26.28,23.2,27.34,25.16,351.91,30.27,5.43,0.0,28.34
0,0,0,22.86,26.28,23.2,27.34,185.42,42.1,4.24,0.0,25.06
0,0,0,28.34,22.86,26.28,23.2,116.87,31.04,6.06,0.0,21.88
0,0,0,25.06,28.34,22.86,26.28,286.65,20.97,3.76,0.0,26.58
0,0,0,21.88,25.06,28.34,22.86,280.63,28.6,4.41,0.0,23.36
1,0,0,26.58,21.88,25.06,28.34,164.71,17.84,6.35,0.0,20.46
1,0,0,23.36,26.58,21.88,25.06,248.48,31.86,3.65,0.0,27.22
1,0,0,20.46,23.36,26.58,21.88,323.91,43.22,2.39,0.0,20.76
1,0,0,27.22,20.46,23.36,26.58,252.37,18.27,6.37,0.0,22.12
2,0,0,20.76,27.22,20.46,23.36,124.37,31.6,2.78,0.0,27.69
2,0,0,22.12,20.76,27.22,20.46,203.28,26.48,4.41,0.0,30.45
2,0,0,27.69,22.12,20.76,27.22,249.17,41.92,6.67,0.0,27.16
2,0,0,30.45,27.69,22.12,20.76,317.5,37.24,6.1,0.0,22.98
3,0,0,27.16,30.45,27.69,22.12,210.9,25.96,5.9,0.0,26.46
3,0,0,22.98,27.16,30.45,27.69,156.44,12.48,5.87,1.0,22.24
3,0,0,26.46,22.98,27.16,30.45,381.25,40.33,5.76,1.0,21.66
3,0,0,22.24,26.46,22.98,27.16,228.56,25.53,5.1,1.0,22.46
4,0,0,21.66,22.24,26.46,22.98,280.39,34.23,4.59,1.0,35.62
4,0,0,22.46,21.66,22.24,26.46,176.81,39.79,5.06,0.0,22.02
4,0,0,35.62,22.46,21.66,22.24,201.78,9.88,7.43,0.0,20.8
4,0,0,22.02,35.62,22.46,21.66,350.94,39.85,4.8,0.0,26.18
5,0,0,20.8,22.02,35.62,22.46,108.33,39.68,4.94,0.0,23.4
5,0,0,26.18,20.8,22.02,35.62,173.64,26.93,5.76,0.0,24.96
5,0,0,23.4,26.18,20.8,22.02,297.56,28.36,6.35,0.0,33.3
5,0,0,24.96,23.4,26.18,20.8,327.87,26.81,4.02,0.0,25.8
6,0,0,33.3,24.96,23.4,26.18,355.27,28.52,9.82,0.0,25.54
6,0,0,25.8,33.3,24.96,23.4,348.49,24.25,6.22,0.0,21.8
6,0,0,25.54,25.8,33.3,24.96,218.17,16.06,10.39,0.0,23.04
6,0,0,21.8,25.54,25.8,33.3,202.32,46.58,3.55,0.0,20.64
7,0,0,23.04,21.8,25.54,25.8,365.97,49.28,3.86,0.0,23.38
7,0,0,20.64,23.04,21.8,25.54,264.45,38.54,3.96,0.0,30.72
7,0,0,23.38,20.64,23.04,21.8,274.42,40.8,5.61,0.0,26.16
7,0,0,30.72,23.38,20.64,23.04,370.24,40.56,9.96,0.0,24.62
8,0,0,26.16,30.72,23.38,20.64,285.29,15.12,4.47,0.0,22.76
8,0,0,24.62,26.16,30.72,23.38,259.9,35.17,4.92,0.0,28.38
8,0,0,22.76,24.62,26.16,30.72,299.12,41.41,3.45,0.0,27.28
8,0,0,28.38,22.76,24.62,26.16,317.94,39.96,6.96,0.0,24.36
9,0,0,27.28,28.38,22.76,24.62,341.94,40.15,3.2,0.0,24.16
9,0,0,24.36,27.28,28.38,22.76,284.3,26.82,6.08,0.0,39.88
9,0,0,24.16,24.36,27.28,28.38,242.17,32.22,4.98,0.0,35.88
9,0,0,39.88,24.16,24.36,27.28,288.08,8.52,4.57,0.0,28.12
10,0,0,35.88,39.88,24.16,24.36,296.21,30.29,8.76,0.0,26.32
10,0,0,28.12,35.88,39.88,24.16,340.8,35.77,4.75,0.0,30.4
10,0,0,26.32,28.12,35.88,39.88,330.77,49.02,4.1,0.0,22.76
10,0,0,30.4,26.32,28.12,35.88,104.23,32.27,7.37,0.0,25.44
11,0,0,22.76,30.4,26.32,28.12,377.39,44.45,3.67,0.0,22.57
11,0,0,25.44,22.76,30.4,26.32,204.45,38.07,4.82,0.0,23.7
11,0,0,22.57,25.44,22.76,30.4,351.9,33.54,2.9,0.0,24.22
11,0,0,23.7,22.57,25.44,22.76,298.65,18.63,4.22,0.0,26.5
12,0,0,24.22,23.7,22.57,25.44,157.66,59.73,3.04,0.0,27.28
12,0,0,26.5,24.22,23.7,22.57,235.82,50.87,8.08,0.0,23.96
12,0,0,27.28,26.5,24.22,23.7,129.48,32.13,6.04,0.0,26.44
12,0,0,23.96,27.28,26.5,24.22,150.14,30.99,4.14,0.0,29.52
13,0,0,26.44,23.96,27.28,26.5,278.97,41.1,4.39,0.0,23.86
13,0,0,29.52,26.44,23.96,27.28,331.29,38.79,7.16,0.0,30.56
13,0,0,23.86,29.52,26.44,23.96,176.13,19.34,5.16,0.0,24.38
13,0,0,30.56,23.86,29.52,26.44,110.85,50.33,6.37,0.0,57.68
14,0,0,24.38,30.56,23.86,29.52,333.33,54.35,4.98,0.0,22.54
14,0,0,57.68,24.38,30.56,23.86,52.43,28.87,6.31,0.0,22.26
14,0,0,22.54,57.68,24.38,30.56,301.16,22.28,7.14,0.0,21.98
14,0,0,22.26,22.54,57.68,24.38,271.15,52.77,3.35,0.0,26.86
15,0,0,21.98,22.26,22.54,57.68,162.83,53.15,3.39,0.0,22.72
15,0,0,26.86,21.98,22.26,22.54,268.84,47.14,9.1,0.0,30.52
15,0,0,22.72,26.86,21.98,22.26,339.65,57.25,3.43,0.0,43.72
15,0,0,30.52,22.72,26.86,21.98,25.8,49.38,5.61,0.0,24.54
16,0,0,43.72,30.52,22.72,26.86,263.9,26.23,7.18,0.0,25.58
16,0,0,24.54,43.72,30.52,22.72,309.19,17.29,5.39,0.0,19.94
16,0,0,25.58,24.54,43.72,30.52,30.39,23.46,3.92,0.0,23.62
16,0,0,19.94,25.58,24.54,43.72,311.34,34.67,2.76,0.0,26.08
17,0,0,23.62,19.94,25.58,24.54,322.71,25.16,3.65,0.0,23.64
17,0,0,26.08,23.62,19.94,25.58,278.57,35.55,5.82,0.0,26.98
17,0,0,23.64,26.08,23.62,19.94,135.91,34.79,5.14,0.0,21.3
17,0,0,26.98,23.64,26.08,23.62,264.57,32.47,7.24,0.0,20.26
18,0,0,21.3,26.98,23.64,26.08,332.76,46.94,3.94,0.0,25.98
18,0,0,20.26,21.3,26.98,23.64,273.99,27.52,3.2,0.0,33.64
18,0,0,25.98,20.26,21.3,26.98,252.5,34.37,6.8,0.0,23.92
18,0,0,33.64,25.98,20.26,21.3,285.07,15.29,5.96,0.0,23.16
19,0,0,23.92,33.64,25.98,20.26,239.47,8.98,3.55,0.0,24.2
19,0,0,23.16,23.92,33.64,25.98,113.11,45.86,4.14,0.0,23.06
19,0,0,24.2,23.16,23.92,33.64,300.61,31.06,4.27,0.0,20.56
19,0,0,23.06,24.2,23.16,23.92,249.01,21.73,3.2,0.0,20.08
20,0,0,20.56,23.06,24.2,23.16,312.22,37.62,3.1,0.0,27.62
20,0,0,20.08,20.56,23.06,24.2,240.26,51.97,3.22,0.0,23.82
20,0,0,27.62,20.08,20.56,23.06,177.25,34.98,5.69,0.0,21.08
20,0,0,23.82,27.62,20.08,20.56,166.9,58.34,3.55,0.0,23.56
21,0,0,21.08,23.82,27.62,20.08,123.65,34.88,4.18,0.0,26.4
21,0,0,23.56,21.08,23.82,27.62,92.63,53.5,4.86,0.0,20.58
21,0,0,26.4,23.56,21.08,23.82,311.13,45.22,4.31,0.0,24.26
21,0,0,20.58,26.4,23.56,21.08,278.19,37.44,3.45,0.0,28.14
22,0,0,24.26,20.58,26.4,23.56,307.75,35.31,6.51,0.0,20.86
22,0,0,28.14,24.26,20.58,26.4,270.67,44.19,7.59,0.0,21.2
22,0,0,20.86,28.14,24.26,20.58,288.52,40.66,3.51,0.0,24.36
22,0,0,21.2,20.86,28.14,24.26,127.19,31.55,2.94,0.0,22.1
23,0,0,24.36,21.2,20.86,28.14,305.24,42.6,5.12,0.0,20.98
23,0,0,22.1,24.36,21.2,20.86,145.08,32.1,2.65,0.0,24.12
23,0,0,20.98,22.1,24.36,21.2,143.55,55.57,3.45,0.0,29.62
23,0,0,24.12,20.98,22.1,24.36,302.71,38.38,3.9,0.0,20.48
0,1,0,29.62,24.12,20.98,22.1,240.41,28.83,9.45,0.0,23.62
0,1,0,20.48,29.62,24.12,20.98,310.95,39.58,2.98,0.0,21.8
0,1,0,23.62,20.48,29.62,24.12,166.54,43.53,3.8,0.0,21.26
0,1,0,21.8,23.62,20.48,29.62,117.35,41.95,5.51,0.0,25.52
1,1,0,21.26,21.8,23.62,20.48,139.05,13.41,3.51,0.0,21.44
1,1,0,25.52,21.26,21.8,23.62,171.45,40.8,5.88,0.0,19.92
1,1,0,21.44,25.52,21.26,21.8,287.42,42.77,2.84,0.0,22.22
1,1,0,19.92,21.44,25.52,21.26,262.71,37.07,3.04,0.0,27.26
2,1,0,22.22,19.92,21.44,25.52,269.9,34.4,3.47,0.0,26.64
2,1,0,27.26,22.22,19.92,21.44,75.26,37.37,5.0,0.0,24.66
2,1,0,26.64,27.26,22.22,19.92,174.4,23.49,2.71,0.0,22.4
2,1,0,24.66,26.64,27.26,22.22,353.09,39.77,6.02,0.0,22.98
3,1,0,22.4,24.66,26.64,27.26,217.94,23.61,3.47,0.0,22.74
3,1,0,22.98,22.4,24.66,26.64,337.28,53.18,4.73,0.0,21.7
3,1,0,22.74,22.98,22.4,24.66,126.78,48.13,3.35,0.0,29.66
3,1,0,21.7,22.74,22.98,22.4,167.56,34.09,3.06,0.0,24.62
4,1,0,29.66,21.7,22.74,22.98,251.7,32.65,9.04,0.0,24.14
4,1,0,24.62,29.66,21.7,22.74,354.42,31.15,4.57,0.0,27.12
4,1,0,24.14,24.62,29.66,21.7,142.51,52.68,3.76,0.0,27.06
4,1,0,27.12,24.14,24.62,29.66,204.06,21.56,5.69,0.0,27.0
5,1,0,27.06,27.12,24.14,24.62,177.35,51.54,6.96,0.0,23.02
5,1,0,27.0,27.06,27.12,24.14,173.85,49.86,3.98,0.0,38.9
5,1,0,23.02,27.0,27.06,27.12,241.44,4.31,4.37,0.0,24.88
5,1,0,38.9,23.02,27.0,27.06,162.04,24.32,10.63,0.0,37.14
6,1,0,24.88,38.9,23.02,27.0,273.32,38.46,5.29,0.0,24.76
6,1,0,37.14,24.88,38.9,23.02,326.13,38.95,10.9,0.0,24.96
6,1,0,24.76,37.14,24.88,38.9,318.49,27.39,4.06,0.0,24.1
6,1,0,24.96,24.76,37.14,24.88,97.67,15.9,4.16,0.0,28.22
7,1,0,24.1,24.96,24.76,37.14,318.91,40.03,4.51,0.0,30.32
7,1,0,28.22,24.1,24.96,24.76,335.24,46.39,5.18,0.0,20.42
7,1,0,30.32,28.22,24.1,24.96,265.49,22.8,7.04,0.0,29.08
7,1,0,20.42,30.32,28.22,24.1,374.33,53.63,3.06,0.0,43.26
8,1,0,29.08,20.42,30.32,28.22,323.82,24.61,5.59,0.0,26.6
8,1,0,43.26,29.08,20.42,30.32,399.83,39.09,5.33,0.0,29.96
8,1,0,26.6,43.26,29.08,20.42,220.4,39.53,5.88,0.0,27.96
8,1,0,29.96,26.6,43.26,29.08,330.34,35.97,5.57,0.0,26.12
9,1,0,27.96,29.96,26.6,43.26,352.52,34.52,4.35,0.0,40.94
9,1,0,26.12,27.96,29.96,26.6,271.52,30.92,3.37,0.0,30.4
9,1,0,40.94,26.12,27.96,29.96,142.16,29.68,5.41,1.0,25.52
9,1,0,30.4,40.94,26.12,27.96,354.41,45.46,5.41,1.0,43.96
10,1,0,25.52,30.4,40.94,26.12,287.89,42.61,3.2,1.0,22.58
10,1,0,43.96,25.52,30.4,40.94,351.94,41.27,4.86,2.0,19.26
10,1,0,22.58,43.96,25.52,30.4,241.67,22.57,3.59,2.0,26.52
10,1,0,19.26,22.58,43.96,25.52,362.09,39.36,2.14,0.0,41.04
11,1,0,26.52,19.26,22.58,43.96,184.16,60.13,5.47,0.0,29.76
11,1,0,41.04,26.52,19.26,22.58,122.9,33.83,8.49,0.0,24.34
11,1,0,29.76,41.04,26.52,19.26,174.51,38.49,3.71,1.0,24.2
12,1,0,24.34,29.76,41.04,26.52,329.82,35.94,4.08,1.0,25.08
12,1,0,24.2,24.34,29.76,41.04,214.56,38.27,4.71,0.0,26.96
12,1,0,25.08,24.2,24.34,29.76,129.71,26.94,5.53,0.0,22.82
12,1,0,26.96,25.08,24.2,24.34,253.06,31.21,2.96,0.0,22.92
13,1,0,22.82,26.96,25.08,24.2,212.75,34.93,3.14,0.0,22.16
13,1,0,22.92,22.82,26.96,25.08,142.97,52.02,2.59,0.0,24.78
13,1,0,22.16,22.92,22.82,26.96,259.79,42.35,2.53,1.0,24.22
13,1,0,24.78,22.16,22.92,22.82,313.56,42.06,3.2,1.0,28.28
14,1,0,24.22,24.78,22.16,22.92,138.78,40.18,5.45,1.0,24.02
14,1,0,28.28,24.22,24.78,22.16,308.78,15.75,4.35,1.0,22.04
14,1,0,24.02,28.28,24.22,24.78,323.29,33.8,4.31,1.0,25.42
14,1,0,22.04,24.02,28.28,24.22,291.6,19.29,3.35,0.0,25.02
15,1,0,25.42,22.04,24.02,28.28,294.39,57.11,6.8,0.0,26.3
15,1,0,25.02,25.42,22.04,24.02,244.21,45.76,3.02,0.0,60.56
15,1,0,26.3,25.02,25.42,22.04,282.56,38.06,4.73,0.0,35.72
15,1,0,60.56,26.3,25.02,25.42,275.37,32.27,8.2,0.0,23.16
16,1,0,35.72,60.56,26.3,25.02,323.14,38.85,5.29,0.0,25.96
16,1,0,23.16,35.72,60.56,26.3,272.84,19.07,3.8,0.0,34.94
16,1,0,25.96,23.16,35.72,60.56,326.5,44.36,5.92,0.0,21.64
16,1,0,34.94,25.96,23.16,35.72,60.01,29.12,8.29,0.0,27.86
17,1,0,21.64,34.94,25.96,23.16,268.79,41.88,2.92,0.0,23.9
17,1,0,27.86,21.64,34.94,25.96,278.95,52.55,5.12,0.0,25.9
17,1,0,23.9,27.86,21.64,34.94,339.89,31.01,3.18,0.0,25.8
17,1,0,25.9,23.9,27.86,21.64,342.66,33.09,3.98,0.0,24.46
18,1,0,25.8,25.9,23.9,27.86,185.25,34.99,4.31,0.0,31.08
18,1,0,24.46,25.8,25.9,23.9,286.45,53.03,4.67,0.0,25.44
18,1,0,31.08,24.46,25.8,25.9,265.69,37.12,5.98,0.0,22.86
18,1,0,25.44,31.08,24.46,25.8,299.13,43.61,4.14,0.0,23.78
19,1,0,22.86,25.44,31.08,24.46,260.72,37.52,3.2,0.0,23.44
19,1,0,23.78,22.86,25.44,31.08,276.09,50.53,2.63,0.0,35.9
19,1,0,23.44,23.78,22.86,25.44,220.71,44.72,3.2,0.0,28.3
19,1,0,35.9,23.44,23.78,22.86,328.39,39.4,7.98,0.0,30.8
20,1,0,28.3,35.9,23.44,23.78,163.9,27.82,6.2,0.0,30.7
20,1,0,30.8,28.3,35.9,23.44,287.26,57.26,6.67,0.0,21.86
20,1,0,30.7,30.8,28.3,35.9,176.88,28.27,5.31,0.0,23.9
20,1,0,21.86,30.7,30.8,28.3,319.75,35.32,3.04,0.0,26.3
21,1,0,23.9,21.86,30.7,30.8,327.25,54.55,2.94,0.0,23.16
21,1,0,26.3,23.9,21.86,30.7,311.51,45.64,5.02,0.0,24.34
21,1,0,23.16,26.3,23.9,21.86,325.48,28.49,3.59,0.0,23.8
21,1,0,24.34,23.16,26.3,23.9,404.43,41.23,3.47,0.0,22.9
22,1,0,23.8,24.34,23.16,26.3,281.61,39.8,4.43,0.0,25.36
22,1,0,22.9,23.8,24.34,23.16,282.62,33.31,2.84,0.0,20.82
22,1,0,25.36,22.9,23.8,24.34,342.24,50.22,4.47,0.0,23.76
22,1,0,20.82,25.36,22.9,23.8,339.95,34.78,2.86,0.0,29.3
23,1,0,23.76,20.82,25.36,22.9,145.0,22.53,3.59,0.0,24.2
23,1,0,29.3,23.76,20.82,25.36,149.94,31.1,7.14,0.0,38.6
23,1,0,24.2,29.3,23.76,20.82,331.52,50.53,3.47,0.0,24.28
23,1,0,38.6,24.2,29.3,23.76,267.62,47.69,6.88,0.0,26.4
0,2,0,24.28,38.6,24.2,29.3,271.69,37.88,2.94,0.0,24.06
0,2,0,26.4,24.28,38.6,24.2,334.98,49.13,5.06,0.0,22.8
0,2,0,24.06,26.4,24.28,38.6,277.64,34.09,3.24,0.0,25.98
0,2,0,22.8,24.06,26.4,24.28,334.33,43.46,3.24,0.0,26.9
1,2,0,25.98,22.8,24.06,26.4,131.92,19.26,3.49,0.0,25.44
1,2,0,26.9,25.98,22.8,24.06,274.61,48.5,4.12,0.0,25.84
1,2,0,25.44,26.9,25.98,22.8,293.78,45.59,3.98,1.0,22.84
1,2,0,25.84,25.44,26.9,25.98,314.76,45.55,4.0,2.0,24.5
2,2,0,22.84,25.84,25.44,26.9,287.71,49.33,4.14,2.0,20.36
2,2,0,24.5,22.84,25.84,25.44,239.66,35.7,3.98,2.0,21.16
2,2,0,20.36,24.5,22.84,25.84,278.04,52.03,3.33,1.0,23.26
2,2,0,21.16,20.36,24.5,22.84,328.84,33.38,3.08,1.0,23.58
3,2,0,23.26,21.16,20.36,24.5,291.14,45.98,3.47,1.0,22.04
3,2,0,23.58,23.26,21.16,20.36,305.71,38.15,5.45,0.0,26.34
3,2,0,22.04,23.58,23.26,21.16,273.39,12.06,3.61,0.0,26.14
3,2,0,26.34,22.04,23.58,23.26,282.71,37.53,5.08,0.0,24.7
4,2,0,26.14,26.34,22.04,23.58,273.32,33.31,4.65,0.0,21.14
4,2,0,24.7,26.14,26.34,22.04,251.99,25.64,3.92,0.0,32.04
4,2,0,21.14,24.7,26.14,26.34,246.67,48.11,2.9,0.0,25.64
4,2,0,32.04,21.14,24.7,26.14,293.34,13.01,4.12,0.0,45.08
5,2,0,25.64,32.04,21.14,24.7,102.83,31.68,4.1,0.0,22.56
5,2,0,45.08,25.64,32.04,21.14,77.4,26.58,12.18,0.0,27.0
5,2,0,22.56,45.08,25.64,32.04,159.55,15.26,3.29,0.0,25.86
5,2,0,27.0,22.56,45.08,25.64,354.39,53.97,4.45,0.0,25.86
6,2,0,25.86,27.0,22.56,45.08,314.31,20.43,3.65,0.0,31.68
6,2,0,25.86,25.86,27.0,22.56,319.24,35.56,5.69,0.0,23.8
6,2,0,31.68,25.86,25.86,27.0,119.36,32.42,4.47,0.0,25.02
6,2,0,23.8,31.68,25.86,25.86,256.46,30.87,3.35,0.0,21.74
7,2,0,25.02,23.8,31.68,25.86,301.91,22.64,2.92,0.0,25.86
7,2,0,21.74,25.02,23.8,31.68,336.69,23.23,3.0,0.0,23.06
7,2,0,25.86,21.74,25.02,23.8,262.2,30.47,3.67,0.0,23.34
7,2,0,23.06,25.86,21.74,25.02,133.35,26.65,4.65,0.0,24.38
8,2,0,23.34,23.06,25.86,21.74,308.67,45.79,3.22,0.0,28.24
8,2,0,24.38,23.34,23.06,25.86,376.88,27.89,5.04,0.0,38.54
8,2,0,28.24,24.38,23.34,23.06,288.1,6.95,6.41,0.0,22.92
8,2,0,38.54,28.24,24.38,23.34,352.2,34.17,6.18,0.0,24.56
9,2,0,22.92,38.54,28.24,24.38,144.46,14.2,3.71,0.0,30.96
9,2,0,24.56,22.92,38.54,28.24,310.0,45.47,4.14,0.0,23.48
9,2,0,30.96,24.56,22.92,38.54,112.13,55.63,7.65,0.0,26.6
9,2,0,23.48,30.96,24.56,22.92,337.65,25.27,4.82,0.0,84.28
10,2,0,26.6,23.48,30.96,24.56,202.91,38.69,3.88,0.0,26.14
10,2,0,84.28,26.6,23.48,30.96,229.15,27.23,11.78,0.0,24.5
10,2,0,26.14,84.28,26.6,23.48,312.28,28.37,3.92,0.0,24.66
10,2,0,24.5,26.14,84.28,26.6,201.69,30.1,3.76,0.0,23.08
11,2,0,24.66,24.5,26.14,84.28,293.2,26.11,4.88,0.0,36.74
11,2,0,23.08,24.66,24.5,26.14,299.06,34.66,3.06,0.0,22.28
11,2,0,36.74,23.08,24.66,24.5,412.05,43.21,11.35,0.0,23.58
11,2,0,22.28,36.74,23.08,24.66,184.67,26.76,3.04,0.0,34.24
12,2,0,23.58,22.28,36.74,23.08,311.15,36.28,3.08,0.0,25.92
12,2,0,34.24,23.58,22.28,36.74,331.8,23.66,13.27,0.0,23.86
12,2,0,25.92,34.24,23.58,22.28,177.34,37.64,5.88,0.0,28.43
12,2,0,23.86,25.92,34.24,23.58,381.1,53.81,5.14,0.0,29.24
13,2,0,28.43,23.86,25.92,34.24,244.85,46.22,7.38,0.0,22.94
13,2,0,29.24,28.43,23.86,25.92,298.56,40.89,6.84,0.0,29.28
13,2,0,22.94,29.24,28.43,23.86,350.98,36.67,4.31,0.0,20.28
13,2,0,29.28,22.94,29.24,28.43,347.78,54.73,6.73,0.0,26.12
14,2,0,20.28,29.28,22.94,29.24,308.26,28.16,3.27,0.0,24.92
14,2,0,26.12,20.28,29.28,22.94,288.27,28.0,4.18,0.0,28.96
14,2,0,24.92,26.12,20.28,29.28,354.53,9.24,5.08,0.0,24.92
14,2,0,28.96,24.92,26.12,20.28,138.84,25.66,4.82,0.0,25.04
15,2,0,24.92,28.96,24.92,26.12,335.15,47.56,3.59,0.0,33.38
15,2,0,25.04,24.92,28.96,24.92,241.1,40.28,3.96,0.0,23.8
15,2,0,33.38,25.04,24.92,28.96,388.32,39.34,8.1,0.0,22.44
15,2,0,23.8,33.38,25.04,24.92,282.26,53.38,4.0,0.0,21.88
16,2,0,22.44,23.8,33.38,25.04,276.67,34.55,4.02,0.0,25.56
16,2,0,21.88,22.44,23.8,33.38,259.88,18.53,3.9,0.0,26.56
16,2,0,25.56,21.88,22.44,23.8,264.1,22.26,4.43,0.0,23.48
16,2,0,26.56,25.56,21.88,22.44,361.3,42.28,5.24,0.0,26.98
17,2,0,23.48,26.56,25.56,21.88,264.85,41.08,5.27,0.0,25.16
17,2,0,26.98,23.48,26.56,25.56,232.27,28.87,5.35,0.0,44.9
17,2,0,25.16,26.98,23.48,26.56,251.55,52.01,3.51,0.0,37.52
17,2,0,44.9,25.16,26.98,23.48,276.82,8.79,5.0,0.0,26.78
18,2,0,37.52,44.9,25.16,26.98,293.05,49.13,6.14,0.0,23.9
18,2,0,26.78,37.52,44.9,25.16,331.2,41.31,6.29,0.0,25.22
18,2,0,23.9,26.78,37.52,44.9,344.67,34.75,3.22,0.0,25.42
18,2,0,25.22,23.9,26.78,37.52,303.0,22.8,3.41,0.0,26.02
19,2,0,25.42,25.22,23.9,26.78,292.88,40.87,3.2,0.0,26.52
19,2,0,26.02,25.42,25.22,23.9,315.16,31.72,3.27,0.0,35.68
19,2,0,26.52,26.02,25.42,25.22,174.61,25.18,3.84,0.0,27.92
19,2,0,35.68,26.52,26.02,25.42,277.49,43.51,14.61,0.0,26.22
20,2,0,27.92,35.68,26.52,26.02,266.87,34.75,4.65,0.0,23.94
20,2,0,26.22,27.92,35.68,26.52,320.84,34.51,6.37,0.0,25.16
20,2,0,23.94,26.22,27.92,35.68,293.17,42.64,3.57,0.0,26.68
20,2,0,25.16,23.94,26.22,27.92,259.06,38.63,3.86,0.0,28.98
21,2,0,26.68,25.16,23.94,26.22,334.83,43.51,4.8,0.0,25.84
21,2,0,28.98,26.68,25.16,23.94,276.21,41.75,6.04,0.0,25.64
21,2,0,25.84,28.98,26.68,25.16,278.72,40.29,3.92,0.0,27.53
21,2,0,25.64,25.84,28.98,26.68,231.14,50.27,6.31,0.0,23.94
22,2,0,27.53,25.64,25.84,28.98,245.81,41.91,3.88,0.0,23.6
22,2,0,23.94,27.53,25.64,25.84,275.59,48.23,4.73,0.0,24.26
22,2,0,23.6,23.94,27.53,25.64,284.85,42.98,2.8,0.0,27.94
22,2,0,24.26,23.6,23.94,27.53,251.79,35.6,4.47,0.0,36.94
23,2,0,27.94,24.26,23.6,23.94,365.33,17.02,5.2,0.0,30.64
23,2,0,36.94,27.94,24.26,23.6,268.67,50.03,9.53,0.0,34.88
23,2,0,30.64,36.94,27.94,24.26,349.53,33.21,8.67,0.0,25.36
23,2,0,34.88,30.64,36.94,27.94,386.41,36.07,3.35,0.0,23.94
0,3,0,25.36,34.88,30.64,36.94,285.65,41.97,4.12,0.0,23.32
0,3,0,23.94,25.36,34.88,30.64,124.33,45.14,2.96,0.0,22.62
0,3,0,23.32,23.94,25.36,34.88,327.18,52.75,3.61,0.0,48.64
0,3,0,22.62,23.32,23.94,25.36,320.83,28.79,3.78,0.0,27.48
1,3,0,48.64,22.62,23.32,23.94,15.75,27.07,12.14,0.0,28.4
1,3,0,27.48,48.64,22.62,23.32,336.15,24.6,4.92,0.0,26.04
1,3,0,28.4,27.48,48.64,22.62,351.1,51.49,5.9,0.0,24.7
1,3,0,26.04,28.4,27.48,48.64,261.85,29.81,4.12,0.0,29.56
2,3,0,24.7,26.04,28.4,27.48,330.27,43.25,5.78,0.0,33.42
2,3,0,29.56,24.7,26.04,28.4,280.75,39.31,7.94,0.0,22.34
2,3,0,33.42,29.56,24.7,26.04,352.93,31.24,7.63,0.0,27.02
2,3,0,22.34,33.42,29.56,24.7,320.54,33.48,4.04,0.0,29.53
3,3,0,27.02,22.34,33.42,29.56,349.81,54.65,6.94,0.0,32.48
3,3,0,29.53,27.02,22.34,33.42,211.63,3.05,9.23,0.0,21.8
3,3,0,32.48,29.53,27.02,22.34,336.84,40.99,6.35,0.0,34.16
3,3,0,21.8,32.48,29.53,27.02,270.49,31.8,4.24,0.0,33.28
4,3,0,34.16,21.8,32.48,29.53,124.13,29.14,7.06,0.0,25.56
4,3,0,33.28,34.16,21.8,32.48,320.16,37.32,8.37,0.0,29.14
4,3,0,25.56,33.28,34.16,21.8,345.92,35.6,5.43,0.0,49.0
4,3,0,29.14,25.56,33.28,34.16,294.69,24.09,9.47,0.0,50.44
5,3,0,49.0,29.14,25.56,33.28,124.31,27.04,5.84,0.0,25.26
5,3,0,50.44,49.0,29.14,25.56,206.38,15.25,26.9,0.0,27.2
5,3,0,25.26,50.44,49.0,29.14,273.44,41.36,5.12,0.0,23.68
5,3,0,27.2,25.26,50.44,49.0,299.28,42.16,4.67,0.0,24.64
6,3,0,23.68,27.2,25.26,50.44,369.58,46.74,2.31,0.0,23.2
6,3,0,24.64,23.68,27.2,25.26,295.08,47.36,4.96,0.0,27.9
6,3,0,23.2,24.64,23.68,27.2,271.98,50.75,3.94,0.0,31.74
6,3,0,27.9,23.2,24.64,23.68,271.29,46.68,6.11,0.0,25.1
7,3,0,31.74,27.9,23.2,24.64,285.45,42.58,7.76,0.0,23.72
7,3,0,25.1,31.74,27.9,23.2,225.84,48.93,3.86,0.0,23.12
7,3,0,23.72,25.1,31.74,27.9,308.09,41.94,3.88,0.0,32.7
7,3,0,23.12,23.72,25.1,31.74,263.24,36.81,4.14,0.0,25.8
8,3,0,32.7,23.12,23.72,25.1,200.17,12.0,6.18,0.0,25.92
8,3,0,25.8,32.7,23.12,23.72,296.36,21.44,5.45,0.0,22.44
8,3,0,25.92,25.8,32.7,23.12,217.03,26.87,4.02,0.0,26.86
8,3,0,22.44,25.92,25.8,32.7,253.44,40.16,3.94,0.0,26.08
9,3,0,26.86,22.44,25.92,25.8,186.68,34.06,6.29,0.0,24.8
9,3,0,26.08,26.86,22.44,25.92,122.62,25.81,4.22,0.0,24.76
9,3,0,24.8,26.08,26.86,22.44,206.41,11.73,3.86,0.0,26.32
9,3,0,24.76,24.8,26.08,26.86,294.18,10.12,3.59,0.0,28.5
10,3,0,26.32,24.76,24.8,26.08,320.29,31.49,5.12,0.0,32.34
10,3,0,28.5,26.32,24.76,24.8,303.89,10.6,8.78,0.0,27.2
10,3,0,32.34,28.5,26.32,24.76,250.22,41.31,6.73,0.0,25.62
10,3,0,27.2,32.34,28.5,26.32,299.12,41.44,7.57,0.0,25.06
11,3,0,25.62,27.2,32.34,28.5,333.15,48.34,3.55,0.0,30.12
11,3,0,25.06,25.62,27.2,32.34,101.33,34.1,4.98,0.0,31.67
11,3,0,30.12,25.06,25.62,27.2,300.67,24.39,11.41,0.0,28.24
11,3,0,31.67,30.12,25.06,25.62,333.96,34.05,6.98,0.0,23.64
12,3,0,28.24,31.67,30.12,25.06,263.89,46.06,8.43,0.0,31.42
12,3,0,23.64,28.24,31.67,30.12,367.14,34.79,4.73,0.0,40.6
12,3,0,31.42,23.64,28.24,31.67,256.71,26.06,6.88,0.0,50.26
12,3,0,40.6,31.42,23.64,28.24,280.29,39.46,5.69,0.0,51.88
13,3,0,50.26,40.6,31.42,23.64,275.1,46.02,10.98,0.0,25.88
13,3,0,51.88,50.26,40.6,31.42,334.98,47.46,8.67,0.0,33.34
13,3,0,25.88,51.88,50.26,40.6,223.99,33.23,5.69,0.0,26.0
13,3,0,33.34,25.88,51.88,50.26,115.56,33.67,7.76,0.0,25.82
14,3,0,26.0,33.34,25.88,51.88,315.73,23.26,3.39,0.0,23.88
14,3,0,25.82,26.0,33.34,25.88,305.76,19.1,6.22,0.0,23.76
14,3,0,23.88,25.82,26.0,33.34,289.81,41.24,4.47,0.0,24.48
14,3,0,23.76,23.88,25.82,26.0,171.08,27.67,4.02,0.0,26.56
15,3,0,24.48,23.76,23.88,25.82,292.7,46.2,3.47,0.0,23.2
15,3,0,26.56,24.48,23.76,23.88,128.66,22.64,4.33,0.0,27.66
15,3,0,23.2,26.56,24.48,23.76,107.25,28.37,3.14,0.0,26.3
15,3,0,27.66,23.2,26.56,24.48,253.32,23.28,6.39,0.0,25.0
16,3,0,26.3,27.66,23.2,26.56,208.84,26.5,4.53,0.0,24.48
16,3,0,25.0,26.3,27.66,23.2,318.9,49.79,6.57,0.0,30.6
16,3,0,24.48,25.0,26.3,27.66,315.61,33.9,3.2,0.0,26.0
16,3,0,30.6,24.48,25.0,26.3,323.24,51.72,5.63,0.0,60.66
17,3,0,26.0,30.6,24.48,25.0,344.83,35.58,4.94,0.0,25.2
17,3,0,60.66,26.0,30.6,24.48,279.16,47.71,7.04,0.0,25.28
17,3,0,25.2,60.66,26.0,30.6,90.65,21.17,3.14,0.0,28.68
17,3,0,25.28,25.2,60.66,26.0,165.9,38.97,3.71,0.0,25.06
18,3,0,28.68,25.28,25.2,60.66,226.96,49.06,6.33,0.0,26.4
18,3,0,25.06,28.68,25.28,25.2,159.61,51.51,4.47,0.0,23.62
18,3,0,26.4,25.06,28.68,25.28,179.16,42.25,3.8,0.0,26.3
18,3,0,23.62,26.4,25.06,28.68,232.8,23.44,4.24,0.0,24.32
19,3,0,26.3,23.62,26.4,25.06,334.39,29.65,5.92,0.0,26.36
19,3,0,24.32,26.3,23.62,26.4,255.03,37.04,5.27,0.0,22.66
19,3,0,26.36,24.32,26.3,23.62,251.34,38.86,5.47,0.0,24.46
19,3,0,22.66,26.36,24.32,26.3,196.86,48.69,4.51,0.0,25.44
20,3,0,24.46,22.66,26.36,24.32,307.75,54.17,2.84,0.0,40.98
20,3,0,25.44,24.46,22.66,26.36,312.76,34.63,3.31,0.0,26.02
20,3,0,40.98,25.44,24.46,22.66,309.58,26.84,7.08,0.0,24.74
20,3,0,26.02,40.98,25.44,24.46,189.27,52.56,5.29,0.0,25.24
21,3,0,24.74,26.02,40.98,25.44,295.57,24.77,3.69,0.0,25.12
21,3,0,25.24,24.74,26.02,40.98,168.7,26.32,4.9,0.0,24.1
21,3,0,25.12,25.24,24.74,26.02,306.79,54.29,7.14,0.0,52.08
21,3,0,24.1,25.12,25.24,24.74,271.69,42.4,4.37,0.0,25.16
22,3,0,52.08,24.1,25.12,25.24,83.36,19.64,9.24,0.0,24.48
22,3,0,25.16,52.08,24.1,25.12,322.64,51.37,5.31,0.0,26.34
22,3,0,24.48,25.16,52.08,24.1,157.22,44.91,3.65,0.0,23.8
22,3,0,26.34,24.48,25.16,52.08,333.4,46.74,3.67,0.0,19.44
23,3,0,23.8,26.34,24.48,25.16,74.43,37.7,2.76,0.0,24.94
23,3,0,19.44,23.8,26.34,24.48,286.3,39.74,2.04,0.0,24.92
23,3,0,24.94,19.44,23.8,26.34,150.74,26.25,4.39,0.0,26.26
23,3,0,24.92,24.94,19.44,23.8,338.58,52.69,3.35,0.0,22.06
0,4,0,26.26,24.92,24.94,19.44,324.01,37.11,3.39,0.0,24.54
0,4,0,22.06,26.26,24.92,24.94,312.17,33.28,2.82,0.0,23.44
0,4,0,24.54,22.06,26.26,24.92,317.67,42.36,2.92,0.0,21.52
0,4,0,23.44,24.54,22.06,26.26,267.59,32.43,3.2,0.0,31.52
1,4,0,21.52,23.44,24.54,22.06,337.13,44.92,3.2,0.0,32.46
1,4,0,31.52,21.52,23.44,24.54,281.68,31.56,4.35,0.0,22.22
1,4,0,32.46,31.52,21.52,23.44,289.37,39.98,13.63,0.0,28.7
1,4,0,22.22,32.46,31.52,21.52,255.18,26.84,3.67,0.0,23.4
2,4,0,28.7,22.22,32.46,31.52,324.43,44.84,3.9,0.0,33.64
2,4,0,23.4,28.7,22.22,32.46,330.56,47.41,2.8,0.0,20.1
2,4,0,33.64,23.4,28.7,22.22,294.14,47.26,10.84,0.0,26.9
2,4,0,20.1,33.64,23.4,28.7,341.24,52.07,2.84,0.0,21.96
3,4,0,26.9,20.1,33.64,23.4,307.47,43.64,5.29,0.0,22.52
3,4,0,21.96,26.9,20.1,33.64,316.47,39.95,3.94,0.0,21.2
3,4,0,22.52,21.96,26.9,20.1,319.0,34.72,4.37,0.0,23.06
3,4,0,21.2,22.52,21.96,26.9,327.51,56.23,4.59,0.0,25.0
4,4,0,23.06,21.2,22.52,21.96,340.9,7.34,3.12,0.0,27.14
4,4,0,25.0,23.06,21.2,22.52,192.76,30.8,5.22,0.0,20.52
4,4,0,27.14,25.0,23.06,21.2,318.72,11.79,5.86,0.0,34.52
4,4,0,20.52,27.14,25.0,23.06,282.58,29.62,3.47,0.0,25.96
5,4,0,34.52,20.52,27.14,25.0,270.31,26.29,5.73,0.0,28.38
5,4,0,25.96,34.52,20.52,27.14,192.56,35.13,5.96,0.0,22.34
5,4,0,28.38,25.96,34.52,20.52,279.47,26.04,6.14,0.0,25.72
5,4,0,22.34,28.38,25.96,34.52,313.32,34.19,3.8,0.0,21.64
6,4,0,25.72,22.34,28.38,25.96,247.8,18.31,7.0,0.0,24.18
6,4,0,21.64,25.72,22.34,28.38,320.61,38.59,3.84,0.0,21.36
6,4,0,24.18,21.64,25.72,22.34,302.46,53.54,4.55,0.0,24.9
6,4,0,21.36,24.18,21.64,25.72,279.17,34.77,4.04,0.0,19.26
7,4,0,24.9,21.36,24.18,21.64,286.59,32.69,6.39,0.0,22.64
7,4,0,19.26,24.9,21.36,24.18,272.4,53.01,2.35,0.0,23.3
7,4,0,22.64,19.26,24.9,21.36,313.48,49.72,4.29,0.0,22.84
7,4,0,23.3,22.64,19.26,24.9,304.01,48.0,5.27,0.0,30.86
8,4,0,22.84,23.3,22.64,19.26,341.5,54.98,3.1,0.0,21.26
8,4,0,30.86,22.84,23.3,22.64,348.22,34.05,4.55,0.0,27.48
8,4,0,21.26,30.86,22.84,23.3,220.04,23.81,3.82,0.0,30.86
8,4,0,27.48,21.26,30.86,22.84,308.72,39.47,6.0,0.0,22.08
9,4,0,30.86,27.48,21.26,30.86,324.56,44.96,3.96,0.0,24.58
9,4,0,22.08,30.86,27.48,21.26,356.92,52.66,2.43,0.0,23.38
9,4,0,24.58,22.08,30.86,27.48,284.72,34.83,4.86,0.0,50.88
9,4,0,23.38,24.58,22.08,30.86,278.61,46.36,4.04,0.0,20.66
10,4,0,50.88,23.38,24.58,22.08,67.21,36.84,9.47,0.0,23.26
10,4,0,20.66,50.88,23.38,24.58,91.56,47.35,4.69,0.0,19.6
10,4,0,23.26,20.66,50.88,23.38,327.21,11.53,5.0,0.0,32.68
10,4,0,19.6,23.26,20.66,50.88,185.04,40.19,2.0,0.0,37.66
11,4,0,32.68,19.6,23.26,20.66,320.66,29.52,3.84,0.0,24.06
11,4,0,37.66,32.68,19.6,23.26,304.03,29.39,8.1,0.0,22.8
11,4,0,24.06,37.66,32.68,19.6,360.7,16.55,3.71,0.0,23.42
11,4,0,22.8,24.06,37.66,32.68,217.58,34.79,3.08,0.0,25.14
12,4,0,23.42,22.8,24.06,37.66,219.59,30.27,3.27,0.0,26.4
12,4,0,25.14,23.42,22.8,24.06,168.16,25.18,3.61,0.0,25.04
12,4,0,26.4,25.14,23.42,22.8,280.46,35.42,4.86,0.0,23.24
12,4,0,25.04,26.4,25.14,23.42,125.32,37.73,3.8,0.0,22.04
13,4,0,23.24,25.04,26.4,25.14,334.85,35.74,4.71,0.0,21.66
13,4,0,22.04,23.24,25.04,26.4,184.08,47.89,4.0,0.0,24.42
13,4,0,21.66,22.04,23.24,25.04,206.07,52.47,4.73,0.0,29.3
13,4,0,24.42,21.66,22.04,23.24,303.55,52.71,4.88,0.0,28.86
14,4,0,29.3,24.42,21.66,22.04,117.9,33.26,6.02,0.0,23.94
14,4,0,28.86,29.3,24.42,21.66,239.11,25.77,5.53,0.0,24.74
14,4,0,23.94,28.86,29.3,24.42,335.97,45.75,4.84,0.0,26.88
14,4,0,24.74,23.94,28.86,29.3,348.56,39.98,2.84,0.0,39.34
15,4,0,26.88,24.74,23.94,28.86,189.76,43.53,9.45,0.0,25.04
15,4,0,39.34,26.88,24.74,23.94,289.43,47.85,4.82,0.0,24.96
15,4,0,25.04,39.34,26.88,24.74,280.03,24.35,3.45,0.0,21.16
15,4,0,24.96,25.04,39.34,26.88,188.51,31.59,2.76,0.0,22.12
16,4,0,21.16,24.96,25.04,39.34,130.27,37.59,3.85,0.0,42.12
16,4,0,22.12,21.16,24.96,25.04,311.8,36.12,3.31,0.0,19.76
16,4,0,42.12,22.12,21.16,24.96,201.17,27.51,9.51,0.0,32.66
16,4,0,19.76,42.12,22.12,21.16,312.99,33.88,3.31,0.0,24.12
17,4,0,32.66,19.76,42.12,22.12,185.76,54.48,5.55,0.0,24.06
17,4,0,24.12,32.66,19.76,42.12,133.06,53.76,4.8,0.0,23.42
17,4,0,24.06,24.12,32.66,19.76,296.2,51.49,6.1,0.0,22.22
17,4,0,23.42,24.06,24.12,32.66,361.88,58.06,3.22,0.0,21.88
18,4,0,22.22,23.42,24.06,24.12,313.23,49.31,2.61,0.0,20.8
18,4,0,21.88,22.22,23.42,24.06,281.03,44.64,4.43,0.0,21.18
18,4,0,20.8,21.88,22.22,23.42,153.89,44.78,4.2,0.0,22.98
19,4,0,21.18,20.8,21.88,22.22,352.76,46.21,3.71,0.0,23.44
19,4,0,22.98,21.18,20.8,21.88,316.79,48.77,4.84,0.0,20.1
19,4,0,23.44,22.98,21.18,20.8,317.79,42.12,6.8,0.0,24.74
19,4,0,20.1,23.44,22.98,21.18,158.29,41.07,2.84,0.0,22.36
20,4,0,24.74,20.1,23.44,22.98,304.53,35.07,3.65,0.0,21.1
20,4,0,22.36,24.74,20.1,23.44,276.08,41.65,4.12,0.0,28.66
20,4,0,21.1,22.36,24.74,20.1,368.78,52.91,2.65,0.0,24.76
20,4,0,28.66,21.1,22.36,24.74,203.27,37.87,5.06,0.0,20.18
21,4,0,24.76,28.66,21.1,22.36,167.91,27.69,3.69,0.0,19.56
21,4,0,20.18,24.76,28.66,21.1,270.1,43.47,2.61,0.0,26.68
21,4,0,19.56,20.18,24.76,28.66,123.15,39.25,2.41,0.0,19.8
21,4,0,26.68,19.56,20.18,24.76,310.21,37.35,4.0,0.0,28.96
22,4,0,19.8,26.68,19.56,20.18,359.75,32.36,2.24,0.0,20.36
22,4,0,28.96,19.8,26.68,19.56,285.05,46.7,8.37,0.0,47.88
22,4,0,20.36,28.96,19.8,26.68,280.82,46.78,3.02,0.0,24.08
22,4,0,47.88,20.36,28.96,19.8,296.96,44.04,7.67,0.0,23.28
23,4,0,24.08,47.88,20.36,28.96,371.74,45.79,5.96,0.0,21.78
23,4,0,23.28,24.08,47.88,20.36,326.85,46.43,3.47,0.0,27.32
23,4,0,21.78,23.28,24.08,47.88,352.07,28.56,3.88,0.0,23.24
23,4,0,27.32,21.78,23.28,24.08,266.12,19.47,2.82,0.0,25.88
0,5,1,23.24,27.32,21.78,23.28,300.39,51.02,2.37,0.0,20.36
0,5,1,25.88,23.24,27.32,21.78,323.78,39.31,5.29,0.0,75.36
0,5,1,20.36,25.88,23.24,27.32,289.96,35.41,2.86,0.0,29.0
0,5,1,75.36,20.36,25.88,23.24,316.73,39.1,5.0,0.0,20.5
1,5,1,29.0,75.36,20.36,25.88,342.03,45.77,4.29,0.0,23.18
1,5,1,20.5,29.0,75.36,20.36,265.15,38.1,2.51,0.0,22.96
1,5,1,23.18,20.5,29.0,75.36,360.15,48.38,3.73,0.0,26.56
1,5,1,22.96,23.18,20.5,29.0,391.38,22.82,3.92,0.0,24.28
2,5,1,26.56,22.96,23.18,20.5,315.93,36.96,3.73,0.0,23.52
2,5,1,24.28,26.56,22.96,23.18,291.68,30.28,6.06,0.0,20.96
2,5,1,23.52,24.28,26.56,22.96,235.1,23.01,3.71,0.0,23.42
2,5,1,20.96,23.52,24.28,26.56,337.94,30.57,3.57,0.0,21.46
3,5,1,23.42,20.96,23.52,24.28,313.16,50.56,3.41,0.0,25.1
3,5,1,21.46,23.42,20.96,23.52,320.65,41.29,3.02,0.0,21.56
3,5,1,25.1,21.46,23.42,20.96,287.35,29.37,6.06,0.0,22.3
3,5,1,21.56,25.1,21.46,23.42,390.09,53.85,3.92,0.0,27.18
4,5,1,22.3,21.56,25.1,21.46,342.27,44.46,4.8,0.0,25.72
4,5,1,27.18,22.3,21.56,25.1,230.95,12.86,5.82,0.0,24.72
4,5,1,25.72,27.18,22.3,21.56,209.7,26.01,4.69,0.0,26.02
4,5,1,24.72,25.72,27.18,22.3,327.21,29.13,4.06,0.0,30.56
5,5,1,26.02,24.72,25.72,27.18,270.59,34.57,6.86,0.0,22.34
5,5,1,30.56,26.02,24.72,25.72,222.79,30.49,6.08,0.0,29.04
5,5,1,22.34,30.56,26.02,24.72,257.25,15.42,4.98,0.0,31.72
5,5,1,29.04,22.34,30.56,26.02,274.64,56.89,9.18,0.0,21.14
6,5,1,31.72,29.04,22.34,30.56,258.27,26.41,8.65,0.0,24.04
6,5,1,21.14,31.72,29.04,22.34,305.45,39.59,3.63,0.0,24.4
6,5,1,24.04,21.14,31.72,29.04,310.12,33.77,4.73,0.0,32.18
6,5,1,24.4,24.04,21.14,31.72,265.89,36.86,4.0,0.0,26.76
7,5,1,32.18,24.4,24.04,21.14,237.92,31.98,5.31,0.0,24.12
7,5,1,26.76,32.18,24.4,24.04,335.76,33.07,5.47,0.0,23.88
7,5,1,24.12,26.76,32.18,24.4,324.7,29.78,3.92,0.0,25.94
7,5,1,23.88,24.12,26.76,32.18,239.61,35.65,4.37,0.0,30.74
8,5,1,25.94,23.88,24.12,26.76,229.17,39.09,6.43,0.0,26.04
8,5,1,30.74,25.94,23.88,24.12,290.25,16.56,4.53,0.0,25.98
8,5,1,26.04,30.74,25.94,23.88,251.09,6.5,3.2,0.0,25.48
9,5,1,25.98,26.04,30.74,25.94,293.49,38.12,4.41,0.0,33.74
9,5,1,25.48,25.98,26.04,30.74,239.91,33.53,3.02,0.0,25.38
9,5,1,33.74,25.48,25.98,26.04,249.39,50.02,5.29,0.0,21.94
9,5,1,25.38,33.74,25.48,25.98,372.68,38.72,3.65,0.0,21.66
10,5,1,21.94,25.38,33.74,25.48,279.0,47.78,3.41,0.0,24.88
10,5,1,21.66,21.94,25.38,33.74,334.83,30.67,3.27,0.0,22.1
10,5,1,24.88,21.66,21.94,25.38,321.12,47.18,4.04,0.0,36.56
10,5,1,22.1,24.88,21.66,21.94,291.71,31.59,4.2,0.0,39.06
11,5,1,36.56,22.1,24.88,21.66,264.34,15.32,7.57,0.0,24.84
11,5,1,39.06,36.56,22.1,24.88,297.99,44.01,6.39,0.0,23.88
11,5,1,24.84,39.06,36.56,22.1,313.57,50.73,4.14,0.0,23.58
11,5,1,23.88,24.84,39.06,36.56,146.43,48.63,4.51,0.0,24.84
12,5,1,23.58,23.88,24.84,39.06,329.51,37.03,4.51,0.0,25.0
12,5,1,24.84,23.58,23.88,24.84,314.54,36.17,5.53,0.0,26.08
12,5,1,25.0,24.84,23.58,23.88,312.16,33.73,3.08,0.0,21.52
12,5,1,26.08,25.0,24.84,23.58,338.58,23.01,3.86,0.0,22.76
13,5,1,21.52,26.08,25.0,24.84,232.5,39.6,5.63,0.0,22.74
13,5,1,22.76,21.52,26.08,25.0,293.99,30.08,4.71,0.0,28.22
13,5,1,22.74,22.76,21.52,26.08,167.77,53.05,6.29,0.0,65.16
13,5,1,28.22,22.74,22.76,21.52,340.64,31.3,5.96,0.0,25.02
14,5,1,65.16,28.22,22.74,22.76,282.3,27.68,7.98,0.0,23.56
14,5,1,25.02,65.16,28.22,22.74,283.81,16.56,6.35,0.0,21.34
14,5,1,23.56,25.02,65.16,28.22,243.53,29.38,4.22,0.0,26.44
14,5,1,21.34,23.56,25.02,65.16,331.84,58.66,3.02,0.0,25.6
15,5,1,26.44,21.34,23.56,25.02,293.98,34.21,6.33,0.0,65.5
15,5,1,25.6,26.44,21.34,23.56,328.91,31.22,4.1,0.0,22.5
15,5,1,65.5,25.6,26.44,21.34,277.19,25.56,13.33,0.0,21.4
15,5,1,22.5,65.5,25.6,26.44,363.32,44.12,2.37,0.0,28.64
16,5,1,21.4,22.5,65.5,25.6,303.96,23.03,2.59,0.0,20.94
16,5,1,28.64,21.4,22.5,65.5,220.96,42.34,7.65,0.0,25.96
16,5,1,20.94,28.64,21.4,22.5,242.22,27.11,3.51,0.0,23.64
16,5,1,25.96,20.94,28.64,21.4,293.2,40.03,5.69,0.0,23.54
17,5,1,23.64,25.96,20.94,28.64,257.58,7.37,4.92,0.0,41.04
17,5,1,23.54,23.64,25.96,20.94,255.25,29.78,4.41,0.0,25.62
17,5,1,41.04,23.54,23.64,25.96,239.76,19.05,11.0,0.0,29.44
17,5,1,25.62,41.04,23.54,23.64,165.94,26.31,4.84,0.0,24.28
18,5,1,29.44,25.62,41.04,23.54,255.05,37.04,4.84,0.0,30.6
18,5,1,24.28,29.44,25.62,41.04,320.98,39.67,5.59,0.0,78.12
18,5,1,30.6,24.28,29.44,25.62,324.78,53.5,8.8,0.0,23.96
18,5,1,78.12,30.6,24.28,29.44,190.57,28.11,8.29,0.0,21.24
19,5,1,23.96,78.12,30.6,24.28,337.67,42.77,4.18,0.0,34.06
19,5,1,21.24,23.96,78.12,30.6,200.51,55.05,4.96,0.0,24.56
19,5,1,34.06,21.24,23.96,78.12,289.79,22.65,13.22,0.0,23.06
19,5,1,24.56,34.06,21.24,23.96,185.05,47.89,2.47,0.0,21.14
20,5,1,23.06,24.56,34.06,21.24,264.26,39.31,3.98,0.0,25.56
20,5,1,21.14,23.06,24.56,34.06,259.61,52.4,3.31,0.0,26.94
20,5,1,25.56,21.14,23.06,24.56,267.05,23.69,6.1,0.0,20.74
20,5,1,26.94,25.56,21.14,23.06,281.39,38.07,5.63,0.0,28.06
21,5,1,20.74,26.94,25.56,21.14,335.12,41.94,2.88,0.0,22.8
21,5,1,28.06,20.74,26.94,25.56,299.26,54.15,5.0,0.0,25.44
21,5,1,22.8,28.06,20.74,26.94,202.23,45.94,2.78,0.0,29.32
21,5,1,25.44,22.8,28.06,20.74,271.69,43.39,6.76,0.0,21.52
22,5,1,29.32,25.44,22.8,28.06,315.89,42.9,8.31,0.0,23.78
22,5,1,21.52,29.32,25.44,22.8,287.2,41.94,1.78,0.0,23.06
22,5,1,23.78,21.52,29.32,25.44,168.44,47.32,5.2,0.0,22.42
22,5,1,23.06,23.78,21.52,29.32,334.07,38.02,4.0,0.0,24.5
23,5,1,22.42,23.06,23.78,21.52,235.86,33.35,3.04,0.0,24.82
23,5,1,24.5,22.42,23.06,23.78,207.28,23.26,7.53,0.0,24.6
23,5,1,24.82,24.5,22.42,23.06,292.36,30.26,3.08,0.0,23.98
23,5,1,24.6,24.82,24.5,22.42,271.24,26.02,5.16,0.0,23.82
0,6,1,23.98,24.6,24.82,24.5,311.08,46.53,4.98,0.0,25.56
0,6,1,23.82,23.98,24.6,24.82,297.34,34.17,4.82,0.0,21.54
0,6,1,25.56,23.82,23.98,24.6,262.87,22.28,5.65,0.0,23.34
0,6,1,21.54,25.56,23.82,23.98,160.06,54.49,3.84,0.0,26.02
1,6,1,23.34,21.54,25.56,23.82,274.1,41.5,3.73,0.0,24.1
1,6,1,26.02,23.34,21.54,25.56,216.64,42.1,5.39,0.0,22.06
1,6,1,24.1,26.02,23.34,21.54,182.28,24.3,2.35,0.0,21.18
1,6,1,22.06,24.1,26.02,23.34,239.59,26.08,2.82,0.0,26.54
2,6,1,21.18,22.06,24.1,26.02,341.64,41.22,3.31,0.0,19.9
2,6,1,26.54,21.18,22.06,24.1,291.26,32.46,5.53,0.0,23.48
2,6,1,19.9,26.54,21.18,22.06,154.46,41.75,3.61,0.0,20.12
2,6,1,23.48,19.9,26.54,21.18,180.43,37.18,4.18,0.0,24.92
3,6,1,20.12,23.48,19.9,26.54,293.46,36.9,2.86,0.0,29.04
3,6,1,24.92,20.12,23.48,19.9,321.86,40.09,5.53,0.0,25.88
3,6,1,29.04,24.92,20.12,23.48,233.29,29.6,10.08,0.0,26.32
3,6,1,25.88,29.04,24.92,20.12,347.52,28.38,3.94,0.0,20.12
4,6,1,26.32,25.88,29.04,24.92,328.16,28.59,5.06,0.0,23.5
4,6,1,20.12,26.32,25.88,29.04,225.66,48.62,2.98,0.0,25.28
4,6,1,23.5,20.12,26.32,25.88,133.57,31.71,3.96,0.0,24.44
4,6,1,25.28,23.5,20.12,26.32,163.68,27.76,6.18,0.0,20.54
5,6,1,24.44,25.28,23.5,20.12,177.31,37.81,5.45,0.0,26.52
5,6,1,20.54,24.44,25.28,23.5,317.94,16.07,2.94,0.0,34.24
5,6,1,26.52,20.54,24.44,25.28,122.67,34.1,7.51,0.0,20.42
5,6,1,34.24,26.52,20.54,24.44,258.61,28.81,8.39,0.0,25.3
6,6,1,20.42,34.24,26.52,20.54,281.7,23.8,3.86,0.0,25.4
6,6,1,25.3,20.42,34.24,26.52,324.27,10.56,3.35,0.0,21.02
6,6,1,25.4,25.3,20.42,34.24,353.1,39.0,5.31,0.0,22.32
6,6,1,21.02,25.4,25.3,20.42,186.28,36.7,4.04,0.0,26.18
7,6,1,22.32,21.02,25.4,25.3,205.23,31.81,3.76,0.0,37.26
7,6,1,26.18,22.32,21.02,25.4,174.17,28.55,5.82,0.0,23.6
7,6,1,37.26,26.18,22.32,21.02,282.75,39.13,6.43,0.0,20.82
7,6,1,23.6,37.26,26.18,22.32,193.88,17.63,5.55,0.0,25.04
8,6,1,20.82,23.6,37.26,26.18,171.85,32.79,3.12,0.0,27.1
8,6,1,25.04,20.82,23.6,37.26,54.18,8.14,5.1,0.0,29.22
8,6,1,27.1,25.04,20.82,23.6,211.21,32.01,5.16,0.0,24.6
8,6,1,29.22,27.1,25.04,20.82,134.23,44.86,7.33,0.0,24.66
9,6,1,24.6,29.22,27.1,25.04,153.66,34.7,5.31,0.0,21.16
9,6,1,24.66,24.6,29.22,27.1,340.53,33.79,2.94,0.0,24.92
9,6,1,21.16,24.66,24.6,29.22,241.11,30.78,3.96,0.0,27.74
9,6,1,24.92,21.16,24.66,24.6,242.19,51.54,6.71,0.0,30.28
10,6,1,27.74,24.92,21.16,24.66,278.53,57.04,5.41,0.0,23.98
10,6,1,30.28,27.74,24.92,21.16,158.35,41.68,4.86,0.0,23.9
10,6,1,23.98,30.28,27.74,24.92,132.3,28.05,6.67,0.0,22.7
10,6,1,23.9,23.98,30.28,27.74,176.69,49.07,4.02,0.0,22.36
11,6,1,22.7,23.9,23.98,30.28,356.52,42.63,4.88,0.0,25.68
11,6,1,22.36,22.7,23.9,23.98,301.57,35.3,4.43,0.0,25.48
11,6,1,25.68,22.36,22.7,23.9,131.67,21.85,5.63,0.0,22.92
11,6,1,25.48,25.68,22.36,22.7,359.67,27.68,4.71,0.0,27.02
12,6,1,22.92,25.48,25.68,22.36,385.66,35.57,5.18,0.0,23.88
12,6,1,27.02,22.92,25.48,25.68,378.77,46.96,3.06,0.0,26.16
12,6,1,23.88,27.02,22.92,25.48,394.1,32.55,5.71,0.0,24.44
12,6,1,26.16,23.88,27.02,22.92,160.21,36.42,4.71,0.0,24.34
13,6,1,24.44,26.16,23.88,27.02,306.73,40.79,2.31,0.0,27.16
13,6,1,24.34,24.44,26.16,23.88,260.37,41.65,3.63,0.0,22.38
13,6,1,27.16,24.34,24.44,26.16,241.04,56.57,6.24,0.0,22.6
13,6,1,22.38,27.16,24.34,24.44,291.99,39.62,4.55,0.0,22.18
14,6,1,22.6,22.38,27.16,24.34,303.48,53.68,3.35,0.0,24.06
14,6,1,22.18,22.6,22.38,27.16,244.47,26.24,4.67,0.0,25.94
14,6,1,24.06,22.18,22.6,22.38,274.75,39.55,6.57,0.0,27.14
14,6,1,25.94,24.06,22.18,22.6,302.07,25.38,4.35,0.0,27.36
15,6,1,27.14,25.94,24.06,22.18,322.64,32.0,4.92,0.0,22.66
15,6,1,27.36,27.14,25.94,24.06,186.82,50.04,7.39,0.0,28.04
15,6,1,22.66,27.36,27.14,25.94,292.65,17.42,3.98,0.0,36.48
15,6,1,28.04,22.66,27.36,27.14,187.95,31.16,6.51,0.0,43.32
16,6,1,36.48,28.04,22.66,27.36,259.71,27.11,10.65,0.0,24.56
16,6,1,43.32,36.48,28.04,22.66,277.02,31.9,5.71,0.0,23.12
16,6,1,24.56,43.32,36.48,28.04,320.55,17.55,4.33,0.0,23.28
16,6,1,23.12,24.56,43.32,36.48,354.52,43.82,4.04,0.0,24.58
17,6,1,23.28,23.12,24.56,43.32,177.75,31.93,5.73,0.0,28.68
17,6,1,24.58,23.28,23.12,24.56,254.3,32.12,5.08,0.0,22.18
17,6,1,28.68,24.58,23.28,23.12,252.05,39.68,6.92,0.0,27.36
17,6,1,22.18,28.68,24.58,23.28,319.93,19.03,4.39,0.0,41.16
18,6,1,27.36,22.18,28.68,24.58,229.82,12.14,5.31,0.0,36.94
18,6,1,41.16,27.36,22.18,28.68,370.95,41.12,6.33,0.0,21.5
18,6,1,36.94,41.16,27.36,22.18,218.71,12.27,9.39,0.0,24.08
18,6,1,21.5,36.94,41.16,27.36,326.81,38.57,2.88,0.0,27.26
19,6,1,24.08,21.5,36.94,41.16,95.48,25.9,4.86,0.0,19.28
19,6,1,27.26,24.08,21.5,36.94,250.97,47.61,6.18,0.0,23.88
19,6,1,19.28,27.26,24.08,21.5,134.67,36.99,2.84,0.0,25.28
19,6,1,23.88,19.28,27.26,24.08,312.54,39.79,3.29,0.0,23.84
20,6,1,25.28,23.88,19.28,27.26,265.25,35.45,3.88,0.0,23.62
20,6,1,23.84,25.28,23.88,19.28,284.33,48.51,3.06,0.0,22.98
20,6,1,23.62,23.84,25.28,23.88,260.49,41.06,6.33,0.0,19.72
20,6,1,22.98,23.62,23.84,25.28,339.59,48.01,2.61,0.0,22.7
21,6,1,19.72,22.98,23.62,23.84,251.24,32.63,2.29,0.0,24.16
21,6,1,22.7,19.72,22.98,23.62,227.32,39.5,4.65,0.0,25.4
21,6,1,24.16,22.7,19.72,22.98,215.17,42.21,2.92,0.0,20.06
21,6,1,25.4,24.16,22.7,19.72,130.88,32.27,4.86,0.0,23.22
22,6,1,20.06,25.4,24.16,22.7,120.47,41.61,2.92,0.0,23.08
22,6,1,23.22,20.06,25.4,24.16,177.54,37.19,4.02,0.0,22.6
22,6,1,23.08,23.22,20.06,25.4,261.61,39.15,3.35,0.0,38.64
22,6,1,22.6,23.08,23.22,20.06,176.22,37.17,4.76,0.0,21.0
23,6,1,38.64,22.6,23.08,23.22,215.7,52.65,5.24,0.0,23.62
23,6,1,21.0,38.64,22.6,23.08,308.12,33.73,3.55,0.0,25.18
23,6,1,23.62,21.0,38.64,22.6,172.33,43.09,3.88,0.0,25.46
23,6,1,25.18,23.62,21.0,38.64,200.63,32.53,4.96,0.0,23.16
0,0,0,25.46,25.18,23.62,21.0,273.06,27.24,6.71,0.0,22.96
0,0,0,23.16,25.46,25.18,23.62,145.76,44.97,3.06,0.0,40.16
0,0,0,22.96,23.16,25.46,25.18,280.75,42.1,6.14,0.0,24.36
0,0,0,40.16,22.96,23.16,25.46,151.33,55.09,4.14,0.0,23.04
1,0,0,24.36,40.16,22.96,23.16,350.3,39.62,2.65,0.0,20.72
1,0,0,23.04,24.36,40.16,22.96,311.93,23.95,3.63,0.0,24.5
1,0,0,20.72,23.04,24.36,40.16,325.11,30.49,2.73,0.0,20.46
1,0,0,24.5,20.72,23.04,24.36,381.08,38.81,8.08,0.0,23.72
2,0,0,20.46,24.5,20.72,23.04,133.11,47.79,3.59,0.0,21.98
2,0,0,23.72,20.46,24.5,20.72,293.36,46.53,6.0,0.0,20.56
2,0,0,21.98,23.72,20.46,24.5,325.72,33.88,3.59,0.0,24.54
3,0,0,20.56,21.98,23.72,20.46,206.27,31.92,3.08,0.0,26.84
3,0,0,24.54,20.56,21.98,23.72,273.69,38.93,4.57,0.0,22.04
3,0,0,26.84,24.54,20.56,21.98,364.39,38.55,6.59,0.0,23.66
3,0,0,22.04,26.84,24.54,20.56,163.89,46.79,4.78,0.0,26.8
4,0,0,23.66,22.04,26.84,24.54,121.42,30.35,5.96,0.0,22.76
4,0,0,26.8,23.66,22.04,26.84,238.82,32.37,5.43,0.0,22.86
4,0,0,22.76,26.8,23.66,22.04,112.62,35.09,4.29,0.0,24.74
4,0,0,22.86,22.76,26.8,23.66,331.77,29.95,6.53,0.0,33.42
5,0,0,24.74,22.86,22.76,26.8,77.59,24.71,7.22,0.0,23.2
5,0,0,33.42,24.74,22.86,22.76,109.23,31.21,10.57,0.0,24.22
5,0,0,23.2,33.42,24.74,22.86,251.33,35.76,7.27,0.0,26.32
5,0,0,24.22,23.2,33.42,24.74,261.95,36.21,4.18,0.0,19.74
6,0,0,26.32,24.22,23.2,33.42,363.39,37.89,3.88,0.0,21.32
6,0,0,19.74,26.32,24.22,23.2,342.78,49.11,2.51,0.0,25.9
6,0,0,21.32,19.74,26.32,24.22,319.95,43.3,4.0,0.0,22.56
6,0,0,25.9,21.32,19.74,26.32,161.44,25.14,6.02,0.0,21.22
7,0,0,22.56,25.9,21.32,19.74,265.43,41.05,2.63,0.0,23.26
7,0,0,21.22,22.56,25.9,21.32,299.4,41.94,3.53,0.0,24.04
7,0,0,23.26,21.22,22.56,25.9,201.44,37.83,5.2,0.0,34.56
7,0,0,24.04,23.26,21.22,22.56,232.2,35.35,3.31,0.0,28.9
8,0,0,34.56,24.04,23.26,21.22,100.33,22.47,4.06,0.0,25.08
8,0,0,28.9,34.56,24.04,23.26,296.46,33.34,5.82,0.0,23.7
8,0,0,25.08,28.9,34.56,24.04,108.13,45.76,3.88,0.0,21.08
8,0,0,23.7,25.08,28.9,34.56,320.16,11.98,5.53,0.0,22.14
9,0,0,21.08,23.7,25.08,28.9,281.57,44.52,3.8,0.0,21.6
9,0,0,22.14,21.08,23.7,25.08,301.26,36.53,3.37,0.0,24.72
9,0,0,21.6,22.14,21.08,23.7,182.28,28.96,2.59,0.0,29.68
9,0,0,24.72,21.6,22.14,21.08,122.96,35.97,5.24,0.0,25.24
10,0,0,29.68,24.72,21.6,22.14,259.8,13.02,9.88,0.0,24.4
10,0,0,25.24,29.68,24.72,21.6,257.54,44.08,4.42,0.0,23.28
10,0,0,24.4,25.24,29.68,24.72,269.16,40.46,2.59,0.0,24.72
10,0,0,23.28,24.4,25.24,29.68,269.98,10.04,7.12,0.0,21.18
11,0,0,24.72,23.28,24.4,25.24,111.36,39.23,4.27,0.0,26.08
11,0,0,21.18,24.72,23.28,24.4,151.39,40.51,2.94,0.0,21.56
11,0,0,26.08,21.18,24.72,23.28,322.99,52.44,5.84,0.0,25.04
11,0,0,21.56,26.08,21.18,24.72,264.43,12.18,3.31,0.0,20.32
12,0,0,25.04,21.56,26.08,21.18,186.21,52.65,4.55,0.0,53.58
12,0,0,20.32,25.04,21.56,26.08,273.75,26.33,2.98,0.0,23.02
12,0,0,53.58,20.32,25.04,21.56,279.7,28.28,9.53,0.0,24.82
12,0,0,23.02,53.58,20.32,25.04,282.55,47.99,4.14,0.0,23.26
13,0,0,24.82,23.02,53.58,20.32,109.46,22.58,3.53,0.0,28.88
13,0,0,23.26,24.82,23.02,53.58,240.15,16.91,4.61,0.0,24.5
13,0,0,28.88,23.26,24.82,23.02,314.41,18.26,6.08,0.0,22.52
13,0,0,24.5,28.88,23.26,24.82,192.18,19.21,4.67,0.0,25.3
14,0,0,22.52,24.5,28.88,23.26,155.14,36.84,3.35,0.0,25.26
14,0,0,25.3,22.52,24.5,28.88,137.54,39.27,4.04,0.0,21.76
14,0,0,25.26,25.3,22.52,24.5,212.24,35.76,4.88,0.0,20.3
14,0,0,21.76,25.26,25.3,22.52,324.97,39.63,2.71,0.0,20.64
15,0,0,20.3,21.76,25.26,25.3,293.34,33.25,3.37,0.0,88.24
15,0,0,20.64,20.3,21.76,25.26,323.84,37.32,3.1,0.0,23.3
15,0,0,88.24,20.64,20.3,21.76,256.98,29.28,19.71,0.0,20.78
15,0,0,23.3,88.24,20.64,20.3,182.63,36.01,3.63,0.0,21.16
16,0,0,20.78,23.3,88.24,20.64,170.64,32.86,2.78,0.0,21.86
16,0,0,21.16,20.78,23.3,88.24,288.05,33.0,3.98,0.0,23.96
16,0,0,21.86,21.16,20.78,23.3,98.93,34.89,3.78,0.0,22.4
16,0,0,23.96,21.86,21.16,20.78,334.13,25.44,5.24,0.0,31.14
17,0,0,22.4,23.96,21.86,21.16,274.04,32.25,5.73,0.0,23.98
17,0,0,31.14,22.4,23.96,21.86,315.29,20.13,9.37,0.0,23.54
17,0,0,23.98,31.14,22.4,23.96,318.07,17.89,4.96,0.0,36.2
17,0,0,23.54,23.98,31.14,22.4,204.8,33.57,3.61,0.0,22.44
18,0,0,36.2,23.54,23.98,31.14,313.04,28.11,4.76,0.0,21.34
18,0,0,22.44,36.2,23.54,23.98,296.35,43.14,3.63,0.0,26.1
18,0,0,21.34,22.44,36.2,23.54,227.04,33.17,4.39,0.0,24.1
18,0,0,26.1,21.34,22.44,36.2,276.33,35.51,3.53,0.0,22.1
19,0,0,24.1,26.1,21.34,22.44,279.06,32.7,5.86,0.0,25.46
19,0,0,22.1,24.1,26.1,21.34,293.21,40.47,3.98,0.0,23.18
19,0,0,25.46,22.1,24.1,26.1,247.4,32.56,3.94,0.0,22.68
19,0,0,23.18,25.46,22.1,24.1,123.39,22.78,4.65,0.0,19.88
20,0,0,22.68,23.18,25.46,22.1,241.0,34.1,4.04,0.0,21.66
20,0,0,19.88,22.68,23.18,25.46,187.34,40.44,3.31,0.0,25.82
20,0,0,21.66,19.88,22.68,23.18,311.34,36.71,5.0,0.0,27.5
20,0,0,25.82,21.66,19.88,22.68,151.94,46.36,4.55,0.0,20.84
21,0,0,27.5,25.82,21.66,19.88,234.11,28.98,5.98,0.0,22.62
21,0,0,20.84,27.5,25.82,21.66,148.73,17.63,4.08,0.0,26.42
21,0,0,22.62,20.84,27.5,25.82,143.34,35.45,2.92,0.0,20.86
21,0,0,26.42,22.62,20.84,27.5,217.02,32.43,6.67,0.0,19.66
22,0,0,20.86,26.42,22.62,20.84,318.03,27.14,3.1,0.0,22.02
22,0,0,19.66,20.86,26.42,22.62,253.12,32.2,2.73,0.0,22.08
22,0,0,22.02,19.66,20.86,26.42,296.11,44.98,4.12,0.0,25.72
22,0,0,22.08,22.02,19.66,20.86,236.83,34.45,4.18,0.0,22.98
23,0,0,25.72,22.08,22.02,19.66,180.16,41.17,4.51,0.0,27.22
23,0,0,22.98,25.72,22.08,22.02,226.69,44.65,3.06,0.0,32.38
23,0,0,27.22,22.98,25.72,22.08,155.34,43.12,3.59,0.0,26.64
23,0,0,32.38,27.22,22.98,25.72,232.13,29.68,6.94,0.0,40.6
0,1,0,26.64,32.38,27.22,22.98,332.97,47.03,6.9,0.0,27.42
0,1,0,40.6,26.64,32.38,27.22,232.94,29.09,14.29,0.0,25.72
0,1,0,27.42,40.6,26.64,32.38,214.56,29.95,6.06,0.0,25.06
0,1,0,25.72,27.42,40.6,26.64,176.59,40.14,6.82,0.0,23.6
1,1,0,25.06,25.72,27.42,40.6,147.65,38.74,5.65,0.0,41.22
1,1,0,23.6,25.06,25.72,27.42,259.71,24.94,5.51,0.0,21.9
1,1,0,41.22,23.6,25.06,25.72,173.61,28.59,12.98,0.0,23.12
1,1,0,21.9,41.22,23.6,25.06,252.56,50.5,3.92,0.0,24.8
2,1,0,23.12,21.9,41.22,23.6,315.62,33.84,4.51,0.0,22.56
2,1,0,24.8,23.12,21.9,41.22,342.72,41.37,6.69,0.0,25.28
2,1,0,22.56,24.8,23.12,21.9,325.24,37.34,3.16,0.0,58.84
2,1,0,25.28,22.56,24.8,23.12,296.58,34.24,5.41,0.0,23.86
3,1,0,58.84,25.28,22.56,24.8,120.19,32.17,10.29,0.0,21.45
3,1,0,23.86,58.84,25.28,22.56,300.75,36.7,5.8,0.0,29.88
3,1,0,21.45,23.86,58.84,25.28,293.48,28.91,3.6,0.0,25.68
3,1,0,29.88,21.45,23.86,58.84,225.35,36.64,6.33,0.0,27.06
4,1,0,25.68,29.88,21.45,23.86,124.51,36.45,4.63,0.0,35.34
4,1,0,27.06,25.68,29.88,21.45,311.99,26.48,5.96,0.0,26.5
4,1,0,35.34,27.06,25.68,29.88,282.61,25.69,12.33,0.0,34.58
4,1,0,26.5,35.34,27.06,25.68,284.83,28.1,7.9,0.0,21.66
5,1,0,34.58,26.5,35.34,27.06,179.09,34.56,7.33,0.0,25.82
5,1,0,21.66,34.58,26.5,35.34,214.43,31.77,2.39,0.0,27.82
5,1,0,25.82,21.66,34.58,26.5,160.78,25.49,5.39,0.0,24.02
5,1,0,27.82,25.82,21.66,34.58,277.53,21.0,5.51,0.0,20.7
6,1,0,24.02,27.82,25.82,21.66,224.9,46.13,5.22,0.0,23.0
6,1,0,20.7,24.02,27.82,25.82,130.39,35.78,3.27,0.0,39.4
6,1,0,23.0,20.7,24.02,27.82,164.22,30.9,3.06,0.0,27.66
6,1,0,39.4,23.0,20.7,24.02,81.74,21.34,6.33,0.0,25.3
7,1,0,27.66,39.4,23.0,20.7,270.22,32.39,3.61,0.0,35.64
7,1,0,25.3,27.66,39.4,23.0,315.28,36.24,4.94,0.0,26.56
7,1,0,35.64,25.3,27.66,39.4,106.97,35.69,8.49,0.0,46.54
7,1,0,26.56,35.64,25.3,27.66,243.62,33.88,8.02,0.0,25.04
8,1,0,46.54,26.56,35.64,25.3,188.23,26.37,7.94,0.0,21.76
8,1,0,25.04,46.54,26.56,35.64,422.54,58.22,3.94,0.0,27.58
8,1,0,21.76,25.04,46.54,26.56,175.07,47.88,3.9,0.0,24.88
8,1,0,27.58,21.76,25.04,46.54,212.02,41.04,4.16,0.0,30.24
9,1,0,24.88,27.58,21.76,25.04,201.84,47.2,5.76,0.0,31.04
9,1,0,30.24,24.88,27.58,21.76,289.55,30.25,6.86,0.0,25.32
9,1,0,31.04,30.24,24.88,27.58,231.53,38.98,8.73,0.0,28.12
9,1,0,25.32,31.04,30.24,24.88,274.83,37.67,6.88,0.0,22.26
10,1,0,28.12,25.32,31.04,30.24,257.79,23.09,8.59,0.0,28.3
10,1,0,22.26,28.12,25.32,31.04,104.95,31.92,4.49,0.0,24.42
10,1,0,28.3,22.26,28.12,25.32,262.08,42.64,4.24,0.0,21.06
10,1,0,24.42,28.3,22.26,28.12,224.13,17.78,3.96,0.0,27.96
11,1,0,21.06,24.42,28.3,22.26,199.65,47.23,3.41,0.0,30.1
11,1,0,27.96,21.06,24.42,28.3,322.89,41.38,11.02,0.0,33.06
11,1,0,30.1,27.96,21.06,24.42,129.59,25.77,9.98,0.0,24.68
11,1,0,33.06,30.1,27.96,21.06,96.32,36.45,11.33,0.0,27.88
12,1,0,24.68,33.06,30.1,27.96,277.23,44.05,5.31,0.0,27.62
12,1,0,27.88,24.68,33.06,30.1,366.94,43.21,7.12,0.0,24.38
12,1,0,27.62,27.88,24.68,33.06,332.41,14.71,6.35,0.0,20.76
12,1,0,24.38,27.62,27.88,24.68,329.73,39.44,3.24,0.0,29.78
13,1,0,20.76,24.38,27.62,27.88,346.1,48.16,2.51,0.0,21.76
13,1,0,29.78,20.76,24.38,27.62,231.49,21.54,3.98,0.0,27.08
13,1,0,21.76,29.78,20.76,24.38,141.36,38.88,4.45,0.0,32.6
13,1,0,27.08,21.76,29.78,20.76,188.67,53.93,8.02,0.0,28.6
14,1,0,32.6,27.08,21.76,29.78,324.61,49.23,7.22,0.0,22.38
14,1,0,28.6,32.6,27.08,21.76,164.95,29.7,7.92,0.0,21.62
14,1,0,22.38,28.6,32.6,27.08,224.88,7.78,3.59,0.0,29.48
14,1,0,21.62,22.38,28.6,32.6,215.1,35.49,3.63,0.0,30.38
15,1,0,29.48,21.62,22.38,28.6,225.09,30.65,6.67,0.0,21.7
15,1,0,30.38,29.48,21.62,22.38,312.15,50.74,7.53,0.0,26.22
15,1,0,21.7,30.38,29.48,21.62,313.97,36.64,4.04,0.0,22.18
15,1,0,26.22,21.7,30.38,29.48,164.4,44.22,6.98,0.0,28.04
16,1,0,22.18,26.22,21.7,30.38,223.9,26.13,4.27,0.0,26.02
16,1,0,28.04,22.18,26.22,21.7,128.23,48.7,6.96,0.0,22.2
16,1,0,26.02,28.04,22.18,26.22,261.04,45.32,4.69,0.0,27.5
16,1,0,22.2,26.02,28.04,22.18,266.64,22.35,3.69,0.0,21.78
17,1,0,27.5,22.2,26.02,28.04,240.78,39.37,6.08,0.0,25.98
17,1,0,21.78,27.5,22.2,26.02,173.04,38.54,4.78,0.0,23.88
17,1,0,25.98,21.78,27.5,22.2,325.23,44.21,4.57,0.0,21.86
17,1,0,23.88,25.98,21.78,27.5,182.37,44.16,5.51,0.0,28.74
18,1,0,21.86,23.88,25.98,21.78,259.43,51.51,4.2,0.0,24.4
18,1,0,28.74,21.86,23.88,25.98,127.67,27.74,6.33,0.0,23.14
18,1,0,24.4,28.74,21.86,23.88,170.8,27.68,2.65,0.0,20.72
18,1,0,23.14,24.4,28.74,21.86,257.71,39.13,3.86,0.0,21.74
19,1,0,20.72,23.14,24.4,28.74,217.98,32.27,4.65,0.0,25.16
19,1,0,21.74,20.72,23.14,24.4,258.83,27.43,3.57,0.0,20.88
19,1,0,25.16,21.74,20.72,23.14,241.59,30.73,5.69,0.0,21.62
19,1,0,20.88,25.16,21.74,20.72,265.29,28.77,4.39,0.0,32.52
20,1,0,21.62,20.88,25.16,21.74,198.21,34.18,3.53,0.0,40.88
20,1,0,32.52,21.62,20.88,25.16,295.82,24.55,7.0,0.0,26.66
20,1,0,40.88,32.52,21.62,20.88,137.3,25.72,8.24,0.0,22.12
20,1,0,26.66,40.88,32.52,21.62,125.24,31.3,5.84,0.0,25.66
21,1,0,22.12,26.66,40.88,32.52,332.1,46.4,4.1,0.0,24.02
21,1,0,25.66,22.12,26.66,40.88,45.13,36.1,6.39,0.0,21.56
21,1,0,24.02,25.66,22.12,26.66,222.93,34.47,5.33,0.0,25.0
21,1,0,21.56,24.02,25.66,22.12,287.41,55.56,3.02,0.0,23.32
22,1,0,25.0,21.56,24.02,25.66,273.44,31.58,5.57,0.0,31.56
22,1,0,23.32,25.0,21.56,24.02,297.35,44.02,4.06,0.0,27.54
22,1,0,31.56,23.32,25.0,21.56,311.75,51.17,6.45,0.0,24.62
22,1,0,27.54,31.56,23.32,25.0,262.96,34.74,7.35,0.0,25.92
23,1,0,24.62,27.54,31.56,23.32,301.48,41.4,7.08,0.0,22.98
23,1,0,25.92,24.62,27.54,31.56,214.09,29.48,3.43,0.0,20.44
23,1,0,22.98,25.92,24.62,27.54,177.26,33.15,5.71,0.0,22.62
23,1,0,20.44,22.98,25.92,24.62,273.35,40.32,4.02,0.0,24.32
0,2,0,22.62,20.44,22.98,25.92,300.19,46.9,3.88,0.0,30.56
0,2,0,24.32,22.62,20.44,22.98,187.72,54.93,5.61,0.0,19.7
0,2,0,30.56,24.32,22.62,20.44,331.99,46.01,5.61,0.0,25.36
0,2,0,19.7,30.56,24.32,22.62,313.91,44.41,3.14,0.0,25.78
1,2,0,25.36,19.7,30.56,24.32,321.05,47.26,4.0,0.0,20.8
1,2,0,25.78,25.36,19.7,30.56,230.5,49.25,3.57,0.0,23.92
1,2,0,20.8,25.78,25.36,19.7,205.65,23.1,4.73,0.0,34.46
1,2,0,23.92,20.8,25.78,25.36,288.01,39.09,4.16,0.0,25.86
2,2,0,34.46,23.92,20.8,25.78,294.81,39.95,10.67,0.0,26.96
2,2,0,25.86,34.46,23.92,20.8,149.18,33.94,6.41,0.0,23.92
2,2,0,26.96,25.86,34.46,23.92,331.89,27.41,4.98,0.0,21.06
2,2,0,23.92,26.96,25.86,34.46,134.93,29.44,4.45,0.0,26.84
3,2,0,21.06,23.92,26.96,25.86,323.22,36.85,4.69,0.0,25.28
3,2,0,26.84,21.06,23.92,26.96,323.93,40.82,8.47,0.0,55.04
3,2,0,25.28,26.84,21.06,23.92,229.85,17.22,4.86,0.0,35.92
3,2,0,55.04,25.28,26.84,21.06,168.91,32.93,13.31,0.0,44.48
4,2,0,35.92,55.04,25.28,26.84,312.2,36.49,11.88,0.0,26.26
4,2,0,44.48,35.92,55.04,25.28,309.42,31.07,9.63,0.0,37.28
4,2,0,26.26,44.48,35.92,55.04,235.05,49.74,4.27,0.0,23.0
4,2,0,37.28,26.26,44.48,35.92,237.61,27.59,13.31,0.0,33.3
5,2,0,23.0,37.28,26.26,44.48,104.84,17.82,4.2,0.0,26.9
5,2,0,33.3,23.0,37.28,26.26,252.74,14.44,9.9,0.0,27.9
5,2,0,26.9,33.3,23.0,37.28,249.56,42.22,4.0,0.0,23.08
5,2,0,27.9,26.9,33.3,23.0,179.5,28.16,8.71,0.0,31.33
6,2,0,23.08,27.9,26.9,33.3,282.92,29.63,5.08,0.0,31.6
6,2,0,31.33,23.08,27.9,26.9,173.43,31.3,7.44,0.0,26.72
6,2,0,31.6,31.33,23.08,27.9,331.73,44.06,10.27,0.0,25.46
6,2,0,26.72,31.6,31.33,23.08,194.02,33.55,6.39,0.0,26.28
7,2,0,25.46,26.72,31.6,31.33,205.92,40.57,5.96,0.0,24.34
7,2,0,26.28,25.46,26.72,31.6,343.08,28.49,5.67,0.0,28.12
7,2,0,24.34,26.28,25.46,26.72,230.61,37.17,5.31,0.0,23.84
7,2,0,28.12,24.34,26.28,25.46,236.73,45.55,8.29,0.0,19.74
8,2,0,23.84,28.12,24.34,26.28,139.02,36.09,4.06,0.0,28.56
8,2,0,19.74,23.84,28.12,24.34,146.04,21.55,2.88,0.0,35.46
8,2,0,28.56,19.74,23.84,28.12,138.23,30.14,7.2,0.0,30.36
8,2,0,35.46,28.56,19.74,23.84,141.18,24.11,10.96,0.0,22.18
9,2,0,30.36,35.46,28.56,19.74,259.68,22.47,7.43,0.0,27.48
9,2,0,22.18,30.36,35.46,28.56,141.69,41.4,3.69,0.0,31.14
9,2,0,27.48,22.18,30.36,35.46,307.22,45.88,7.71,0.0,39.96
9,2,0,31.14,27.48,22.18,30.36,178.02,48.96,7.29,0.0,22.88
10,2,0,39.96,31.14,27.48,22.18,325.3,26.34,10.02,0.0,31.27
10,2,0,22.88,39.96,31.14,27.48,371.01,45.42,5.02,0.0,20.96
10,2,0,31.27,22.88,39.96,31.14,267.76,55.85,8.6,0.0,30.14
10,2,0,20.96,31.27,22.88,39.96,97.31,47.5,2.73,0.0,44.76
11,2,0,30.14,20.96,31.27,22.88,185.42,7.13,6.59,0.0,25.72
11,2,0,44.76,30.14,20.96,31.27,165.5,27.31,9.82,0.0,24.26
11,2,0,25.72,44.76,30.14,20.96,278.82,35.64,5.51,0.0,36.34
12,2,0,24.26,25.72,44.76,30.14,182.63,36.6,4.69,0.0,28.76
12,2,0,36.34,24.26,25.72,44.76,325.53,35.03,7.98,0.0,22.76
12,2,0,28.76,36.34,24.26,25.72,91.91,23.44,7.0,0.0,19.86
12,2,0,22.76,28.76,36.34,24.26,284.79,41.86,4.06,0.0,21.12
13,2,0,19.86,22.76,28.76,36.34,353.81,49.82,2.96,0.0,27.84
13,2,0,21.12,19.86,22.76,28.76,314.25,35.57,3.82,0.0,27.32
13,2,0,27.84,21.12,19.86,22.76,139.47,53.66,8.16,0.0,26.16
13,2,0,27.32,27.84,21.12,19.86,202.44,51.5,7.57,0.0,24.54
14,2,0,26.16,27.32,27.84,21.12,149.76,32.81,5.55,0.0,25.58
14,2,0,24.54,26.16,27.32,27.84,166.23,48.85,5.43,0.0,46.68
14,2,0,25.58,24.54,26.16,27.32,277.79,51.86,6.2,0.0,29.54
14,2,0,46.68,25.58,24.54,26.16,197.72,49.03,15.55,0.0,31.66
15,2,0,29.54,46.68,25.58,24.54,340.87,24.25,6.82,0.0,22.46
15,2,0,31.66,29.54,46.68,25.58,106.83,51.8,7.24,0.0,25.84
15,2,0,22.46,31.66,29.54,46.68,347.42,34.5,3.78,0.0,21.52
15,2,0,25.84,22.46,31.66,29.54,293.64,29.0,7.45,0.0,27.94
16,2,0,21.52,25.84,22.46,31.66,266.53,43.92,3.86,0.0,22.54
16,2,0,27.94,21.52,25.84,22.46,224.56,35.13,5.63,0.0,22.28
16,2,0,22.54,27.94,21.52,25.84,263.83,50.8,4.43,0.0,27.46
16,2,0,22.28,22.54,27.94,21.52,353.79,42.46,4.67,0.0,28.44
17,2,0,27.46,22.28,22.54,27.94,261.15,41.58,5.71,0.0,29.36
17,2,0,28.44,27.46,22.28,22.54,120.32,36.88,6.96,0.0,31.78
17,2,0,29.36,28.44,27.46,22.28,260.0,33.32,7.37,0.0,32.64
17,2,0,31.78,29.36,28.44,27.46,277.28,43.66,7.31,0.0,32.6
18,2,0,32.64,31.78,29.36,28.44,173.11,37.68,7.53,0.0,32.02
18,2,0,32.6,32.64,31.78,29.36,182.1,26.6,8.84,0.0,26.5
18,2,0,32.02,32.6,32.64,31.78,276.57,39.35,11.73,0.0,31.8
18,2,0,26.5,32.02,32.6,32.64,325.81,53.62,5.43,0.0,27.54
19,2,0,31.8,26.5,32.02,32.6,290.79,42.86,7.88,0.0,23.32
19,2,0,27.54,31.8,26.5,32.02,286.36,25.53,7.53,0.0,29.54
19,2,0,23.32,27.54,31.8,26.5,118.47,41.35,6.39,0.0,23.52
19,2,0,29.54,23.32,27.54,31.8,215.08,47.22,6.96,0.0,23.28
20,2,0,23.52,29.54,23.32,27.54,263.11,30.36,5.06,0.0,23.0
20,2,0,23.28,23.52,29.54,23.32,230.08,31.42,3.73,0.0,31.8
20,2,0,23.0,23.28,23.52,29.54,379.75,30.08,4.04,0.0,24.02
20,2,0,31.8,23.0,23.28,23.52,140.33,20.33,5.08,0.0,24.46
21,2,0,24.02,31.8,23.0,23.28,296.56,47.73,4.1,0.0,32.0
21,2,0,24.46,24.02,31.8,23.0,202.93,30.03,5.39,0.0,28.74
21,2,0,32.0,24.46,24.02,31.8,298.76,32.91,7.61,0.0,27.1
21,2,0,28.74,32.0,24.46,24.02,309.37,28.58,6.61,0.0,23.46
22,2,0,27.1,28.74,32.0,24.46,216.55,58.38,6.73,0.0,22.08
22,2,0,23.46,27.1,28.74,32.0,228.54,37.99,2.69,0.0,26.18
22,2,0,22.08,23.46,27.1,28.74,254.96,30.04,2.92,0.0,23.52
22,2,0,26.18,22.08,23.46,27.1,276.14,37.82,5.18,0.0,32.18
23,2,0,23.52,26.18,22.08,23.46,396.4,44.68,5.02,0.0,27.64
23,2,0,32.18,23.52,26.18,22.08,304.76,34.84,8.76,0.0,26.48
23,2,0,27.64,32.18,23.52,26.18,255.97,37.83,8.29,0.0,21.2
23,2,0,26.48,27.64,32.18,23.52,276.64,49.7,4.67,0.0,22.94
0,3,0,21.2,26.48,27.64,32.18,160.77,36.36,2.61,0.0,24.72
0,3,0,22.94,21.2,26.48,27.64,145.51,26.56,3.63,0.0,23.52
0,3,0,24.72,22.94,21.2,26.48,299.31,37.91,7.0,0.0,21.48
0,3,0,23.52,24.72,22.94,21.2,292.91,33.38,5.08,0.0,23.8
1,3,0,21.48,23.52,24.72,22.94,224.61,54.51,3.98,0.0,22.72
1,3,0,23.8,21.48,23.52,24.72,220.1,42.89,5.08,0.0,27.9
1,3,0,22.72,23.8,21.48,23.52,121.61,47.58,4.24,0.0,24.36
1,3,0,27.9,22.72,23.8,21.48,197.77,38.13,7.94,0.0,27.0
2,3,0,24.36,27.9,22.72,23.8,335.39,31.25,4.47,0.0,25.04
2,3,0,27.0,24.36,27.9,22.72,194.63,29.22,4.59,0.0,21.8
2,3,0,25.04,27.0,24.36,27.9,148.12,42.15,3.82,0.0,48.18
2,3,0,21.8,25.04,27.0,24.36,228.73,42.36,3.67,0.0,32.22
3,3,0,48.18,21.8,25.04,27.0,222.53,29.94,10.71,0.0,22.58
3,3,0,32.22,48.18,21.8,25.04,253.0,31.19,8.63,0.0,24.02
3,3,0,22.58,32.22,48.18,21.8,184.4,50.41,4.65,0.0,29.74
3,3,0,24.02,22.58,32.22,48.18,291.93,32.83,3.9,0.0,29.8
4,3,0,29.74,24.02,22.58,32.22,265.97,22.37,6.1,0.0,24.7
4,3,0,29.8,29.74,24.02,22.58,135.19,8.38,8.49,0.0,24.46
4,3,0,24.7,29.8,29.74,24.02,300.45,32.31,4.22,0.0,23.6
4,3,0,24.46,24.7,29.8,29.74,313.08,36.9,5.33,0.0,75.24
5,3,0,23.6,24.46,24.7,29.8,295.93,36.0,5.82,0.0,24.04
5,3,0,75.24,23.6,24.46,24.7,312.25,33.64,14.35,0.0,26.28
5,3,0,24.04,75.24,23.6,24.46,273.68,37.63,5.0,0.0,28.42
5,3,0,26.28,24.04,75.24,23.6,342.82,53.07,5.92,0.0,56.88
6,3,0,28.42,26.28,24.04,75.24,201.08,23.58,8.45,0.0,27.62
6,3,0,56.88,28.42,26.28,24.04,204.26,42.53,13.2,0.0,21.38
6,3,0,27.62,56.88,28.42,26.28,219.58,23.7,5.0,0.0,28.4
6,3,0,21.38,27.62,56.88,28.42,263.86,55.79,4.14,0.0,23.76
7,3,0,28.4,21.38,27.62,56.88,314.62,38.49,6.43,0.0,26.28
7,3,0,23.76,28.4,21.38,27.62,302.89,40.66,5.06,0.0,27.5
7,3,0,26.28,23.76,28.4,21.38,299.45,38.78,7.2,0.0,31.74
7,3,0,27.5,26.28,23.76,28.4,287.96,52.34,6.22,0.0,29.2
8,3,0,31.74,27.5,26.28,23.76,227.29,19.01,7.94,0.0,28.82
8,3,0,29.2,31.74,27.5,26.28,357.88,23.82,7.02,0.0,26.74
11,3,0,28.82,29.2,31.74,27.5,295.32,34.47,7.69,0.0,24.4
12,3,0,26.74,28.82,29.2,31.74,144.59,44.98,8.33,0.0,26.16
12,3,0,24.4,26.74,28.82,29.2,294.55,51.1,5.76,0.0,34.56
12,3,0,26.16,24.4,26.74,28.82,365.21,51.3,7.35,0.0,32.96
12,3,0,34.56,26.16,24.4,26.74,307.38,52.98,11.39,0.0,23.22
13,3,0,32.96,34.56,26.16,24.4,294.42,46.68,7.18,0.0,29.5
13,3,0,23.22,32.96,34.56,26.16,197.58,38.14,3.0,0.0,36.14
13,3,0,29.5,23.22,32.96,34.56,249.45,30.62,6.67,0.0,34.8
13,3,0,36.14,29.5,23.22,32.96,329.61,38.95,9.02,0.0,31.2
14,3,0,34.8,36.14,29.5,23.22,338.66,29.51,9.1,0.0,30.4
14,3,0,31.2,34.8,36.14,29.5,176.06,25.82,6.71,0.0,39.98
14,3,0,30.4,31.2,34.8,36.14,213.67,46.59,5.78,0.0,24.1
14,3,0,39.98,30.4,31.2,34.8,288.55,46.45,9.57,0.0,25.18
15,3,0,24.1,39.98,30.4,31.2,289.77,46.6,4.04,0.0,29.78
15,3,0,25.18,24.1,39.98,30.4,345.85,41.86,4.06,0.0,25.3
15,3,0,29.78,25.18,24.1,39.98,310.0,37.99,6.63,0.0,33.82
15,3,0,25.3,29.78,25.18,24.1,369.26,46.96,5.33,0.0,24.9
16,3,0,33.82,25.3,29.78,25.18,275.9,31.15,10.22,0.0,28.32
16,3,0,24.9,33.82,25.3,29.78,298.67,35.52,4.43,0.0,25.98
16,3,0,28.32,24.9,33.82,25.3,418.29,41.67,6.82,0.0,23.48
16,3,0,25.98,28.32,24.9,33.82,309.04,47.82,5.96,0.0,28.72
17,3,0,23.48,25.98,28.32,24.9,188.03,52.12,4.61,0.0,32.42
17,3,0,28.72,23.48,25.98,28.32,256.17,31.33,7.61,0.0,40.18
17,3,0,32.42,28.72,23.48,25.98,187.08,13.96,7.86,0.0,31.44
17,3,0,40.18,32.42,28.72,23.48,166.83,41.4,6.37,0.0,22.74
18,3,0,31.44,40.18,32.42,28.72,286.87,50.84,8.22,0.0,32.8
18,3,0,22.74,31.44,40.18,32.42,334.41,47.63,4.06,0.0,34.14
18,3,0,32.8,22.74,31.44,40.18,345.61,28.61,7.47,0.0,29.02
18,3,0,34.14,32.8,22.74,31.44,124.35,17.18,9.59,0.0,28.3
19,3,0,29.02,34.14,32.8,22.74,83.73,3.99,9.69,0.0,26.18
19,3,0,28.3,29.02,34.14,32.8,171.28,36.36,6.8,0.0,31.0
20,3,0,26.18,28.3,29.02,34.14,287.11,30.91,5.69,0.0,22.58
20,3,0,31.0,26.18,28.3,29.02,330.0,33.02,5.53,0.0,32.52
20,3,0,22.58,31.0,26.18,28.3,168.41,43.08,3.92,0.0,31.88
20,3,0,32.52,22.58,31.0,26.18,251.54,18.65,7.06,0.0,23.24
21,3,0,31.88,32.52,22.58,31.0,201.76,39.24,6.82,0.0,27.78
21,3,0,23.24,31.88,32.52,22.58,319.06,55.95,4.65,0.0,31.82
21,3,0,27.78,23.24,31.88,32.52,326.6,34.46,5.78,0.0,41.76
21,3,0,31.82,27.78,23.24,31.88,224.52,57.07,7.14,0.0,41.66
22,3,0,41.76,31.82,27.78,23.24,147.01,53.95,10.33,0.0,29.4
22,3,0,41.66,41.76,31.82,27.78,165.83,31.36,12.0,0.0,27.98
22,3,0,29.4,41.66,41.76,31.82,248.57,48.02,7.39,0.0,24.02
22,3,0,27.98,29.4,41.66,41.76,232.19,31.92,5.59,0.0,36.82
23,3,0,24.02,27.98,29.4,41.66,291.06,31.58,5.69,0.0,28.78
23,3,0,36.82,24.02,27.98,29.4,66.55,16.27,10.57,0.0,24.22
23,3,0,28.78,36.82,24.02,27.98,334.4,47.66,6.27,0.0,23.72
23,3,0,24.22,28.78,36.82,24.02,152.57,24.47,4.57,0.0,24.62
0,4,0,23.72,24.22,28.78,36.82,260.32,20.55,5.71,0.0,29.46
0,4,0,24.62,23.72,24.22,28.78,297.22,34.9,5.92,0.0,22.86
0,4,0,29.46,24.62,23.72,24.22,138.9,46.48,6.9,0.0,24.5
0,4,0,22.86,29.46,24.62,23.72,182.44,42.2,4.96,0.0,31.74
1,4,0,24.5,22.86,29.46,24.62,334.51,38.93,3.76,0.0,49.56
1,4,0,31.74,24.5,22.86,29.46,143.96,40.77,7.31,0.0,25.22
1,4,0,49.56,31.74,24.5,22.86,276.85,28.89,8.41,0.0,24.22
1,4,0,25.22,49.56,31.74,24.5,163.2,33.17,4.88,0.0,23.62
2,4,0,24.22,25.22,49.56,31.74,308.58,33.42,4.1,0.0,31.62
2,4,0,23.62,24.22,25.22,49.56,342.44,25.1,5.18,0.0,24.02
2,4,0,31.62,23.62,24.22,25.22,99.9,26.49,9.2,0.0,29.94
2,4,0,24.02,31.62,23.62,24.22,149.15,18.59,4.73,0.0,29.74
3,4,0,29.94,24.02,31.62,23.62,333.71,37.33,6.29,0.0,27.86
3,4,0,29.74,29.94,24.02,31.62,300.02,33.92,7.1,0.0,31.06
3,4,0,27.86,29.74,29.94,24.02,275.32,34.34,6.41,0.0,38.04
3,4,0,31.06,27.86,29.74,29.94,343.79,35.69,9.57,0.0,29.16
4,4,0,38.04,31.06,27.86,29.74,204.88,20.96,6.51,0.0,30.54
4,4,0,29.16,38.04,31.06,27.86,330.38,38.97,9.18,0.0,30.74
4,4,0,30.54,29.16,38.04,31.06,124.68,40.03,7.39,0.0,31.58
4,4,0,30.74,30.54,29.16,38.04,115.51,33.23,6.78,0.0,29.4
5,4,0,31.58,30.74,30.54,29.16,317.97,36.44,6.43,0.0,44.8
5,4,0,29.4,31.58,30.74,30.54,281.7,29.18,6.92,0.0,30.5
5,4,0,44.8,29.4,31.58,30.74,302.42,53.13,9.45,0.0,33.82
5,4,0,30.5,44.8,29.4,31.58,262.11,39.98,6.92,0.0,28.16
6,4,0,33.82,30.5,44.8,29.4,367.82,41.29,10.08,0.0,27.26
6,4,0,28.16,33.82,30.5,44.8,264.4,37.76,4.88,0.0,29.52
6,4,0,27.26,28.16,33.82,30.5,279.88,35.22,5.86,0.0,26.42
6,4,0,29.52,27.26,28.16,33.82,339.71,30.5,6.31,0.0,23.36
7,4,0,26.42,29.52,27.26,28.16,332.71,42.92,6.59,0.0,40.18
7,4,0,23.36,26.42,29.52,27.26,327.73,38.66,5.22,0.0,28.96
7,4,0,40.18,23.36,26.42,29.52,218.61,15.22,8.98,0.0,35.24
7,4,0,28.96,40.18,23.36,26.42,238.55,30.46,4.86,0.0,33.16
8,4,0,35.24,28.96,40.18,23.36,259.06,29.04,8.67,0.0,35.08
8,4,0,33.16,35.24,28.96,40.18,252.8,34.34,7.37,0.0,31.28
8,4,0,35.08,33.16,35.24,28.96,186.7,42.04,8.9,0.0,31.28
8,4,0,31.28,35.08,33.16,35.24,347.39,32.84,7.33,0.0,30.34
9,4,0,31.28,31.28,35.08,33.16,281.99,18.76,10.51,0.0,24.8
9,4,0,30.34,31.28,31.28,35.08,272.13,26.97,7.61,0.0,29.32
9,4,0,24.8,30.34,31.28,31.28,233.08,38.38,5.31,0.0,31.38
9,4,0,29.32,24.8,30.34,31.28,251.03,53.32,5.98,0.0,35.5
10,4,0,31.38,29.32,24.8,30.34,226.38,23.19,7.31,0.0,41.68
10,4,0,35.5,31.38,29.32,24.8,348.38,21.94,7.94,0.0,33.6
10,4,0,41.68,35.5,31.38,29.32,313.95,22.38,13.02,0.0,27.86
10,4,0,33.6,41.68,35.5,31.38,298.02,39.52,8.67,0.0,25.38
11,4,0,27.86,33.6,41.68,35.5,263.16,30.37,6.76,0.0,29.52
11,4,0,25.38,27.86,33.6,41.68,218.54,36.4,3.78,0.0,39.88
11,4,0,29.52,25.38,27.86,33.6,73.63,14.88,5.84,0.0,31.9
11,4,0,39.88,29.52,25.38,27.86,250.12,37.18,8.29,0.0,35.06
12,4,0,31.9,39.88,29.52,25.38,251.81,42.68,7.27,0.0,30.32
12,4,0,35.06,31.9,39.88,29.52,252.26,27.55,8.0,0.0,35.6
12,4,0,30.32,35.06,31.9,39.88,274.97,21.49,7.9,0.0,26.18
13,4,0,35.6,30.32,35.06,31.9,203.12,11.6,5.82,0.0,29.22
13,4,0,26.18,35.6,30.32,35.06,305.37,40.61,6.18,0.0,25.96
13,4,0,29.22,26.18,35.6,30.32,327.19,40.28,5.53,0.0,32.66
13,4,0,25.96,29.22,26.18,35.6,295.38,38.87,6.57,0.0,34.3
14,4,0,32.66,25.96,29.22,26.18,337.65,13.71,7.82,0.0,33.98
14,4,0,34.3,32.66,25.96,29.22,253.19,24.8,6.45,0.0,27.62
14,4,0,33.98,34.3,32.66,25.96,282.81,41.4,8.76,0.0,31.86
14,4,0,27.62,33.98,34.3,32.66,332.84,34.74,6.86,0.0,24.5
15,4,0,31.86,27.62,33.98,34.3,236.42,32.92,8.22,0.0,26.4
15,4,0,24.5,31.86,27.62,33.98,237.71,34.54,5.8,0.0,25.12
15,4,0,26.4,24.5,31.86,27.62,311.78,46.11,5.41,0.0,27.12
15,4,0,25.12,26.4,24.5,31.86,274.47,25.41,4.1,0.0,29.08
16,4,0,27.12,25.12,26.4,24.5,322.8,41.11,5.61,0.0,28.68
16,4,0,29.08,27.12,25.12,26.4,322.74,40.42,7.0,0.0,25.26
16,4,0,28.68,29.08,27.12,25.12,335.04,40.29,5.43,0.0,36.98
16,4,0,25.26,28.68,29.08,27.12,227.11,33.19,5.35,0.0,43.62
17,4,0,36.98,25.26,28.68,29.08,336.54,47.08,8.24,0.0,33.34
17,4,0,43.62,36.98,25.26,28.68,319.95,41.84,9.14,0.0,32.44
17,4,0,33.34,43.62,36.98,25.26,299.6,48.41,6.16,0.0,32.72
17,4,0,32.44,33.34,43.62,36.98,274.37,28.23,8.49,0.0,35.86
18,4,0,32.72,32.44,33.34,43.62,324.3,33.38,4.96,0.0,22.88
18,4,0,35.86,32.72,32.44,33.34,302.43,44.85,10.82,0.0,25.1
18,4,0,22.88,35.86,32.72,32.44,274.54,29.89,5.94,0.0,34.5
18,4,0,25.1,22.88,35.86,32.72,211.49,36.46,6.04,0.0,26.9
19,4,0,34.5,25.1,22.88,35.86,306.95,26.62,7.22,0.0,24.96
19,4,0,26.9,34.5,25.1,22.88,276.23,49.14,6.39,0.0,26.26
19,4,0,24.96,26.9,34.5,25.1,342.12,45.83,4.82,0.0,26.48
19,4,0,26.26,24.96,26.9,34.5,281.73,36.63,5.08,0.0,29.8
20,4,0,26.48,26.26,24.96,26.9,298.38,25.22,6.41,0.0,31.68
20,4,0,29.8,26.48,26.26,24.96,331.45,39.7,7.94,0.0,34.9
20,4,0,31.68,29.8,26.48,26.26,318.36,27.54,5.24,0.0,29.22
20,4,0,34.9,31.68,29.8,26.48,323.66,53.79,7.76,0.0,23.62
21,4,0,29.22,34.9,31.68,29.8,276.99,26.42,8.39,0.0,32.88
21,4,0,23.62,29.22,34.9,31.68,323.03,46.43,3.67,0.0,33.44
21,4,0,32.88,23.62,29.22,34.9,312.99,30.43,8.92,0.0,26.72
21,4,0,33.44,32.88,23.62,29.22,281.49,55.45,8.04,0.0,24.54
22,4,0,26.72,33.44,32.88,23.62,304.84,25.79,5.86,0.0,25.74
22,4,0,24.54,26.72,33.44,32.88,310.75,54.69,5.04,0.0,27.82
22,4,0,25.74,24.54,26.72,33.44,223.62,36.67,5.29,0.0,25.94
22,4,0,27.82,25.74,24.54,26.72,305.27,14.18,5.78,0.0,28.26
23,4,0,25.94,27.82,25.74,24.54,306.02,43.25,4.31,0.0,33.8
23,4,0,28.26,25.94,27.82,25.74,303.01,36.56,6.35,0.0,24.94
23,4,0,33.8,28.26,25.94,27.82,331.86,37.51,8.0,0.0,31.7
23,4,0,24.94,33.8,28.26,25.94,342.71,41.38,4.39,0.0,26.26
0,5,1,31.7,24.94,33.8,28.26,337.83,37.84,6.69,0.0,22.4
0,5,1,26.26,31.7,24.94,33.8,165.69,49.25,5.67,0.0,35.1
0,5,1,22.4,26.26,31.7,24.94,388.02,49.31,3.92,0.0,41.56
0,5,1,35.1,22.4,26.26,31.7,343.15,38.35,8.04,0.0,25.9
1,5,1,41.56,35.1,22.4,26.26,121.43,40.33,7.8,0.0,32.46
1,5,1,25.9,41.56,35.1,22.4,264.47,17.26,3.65,0.0,28.64
1,5,1,32.46,25.9,41.56,35.1,111.78,27.98,6.84,0.0,24.5
1,5,1,28.64,32.46,25.9,41.56,302.45,38.14,5.39,0.0,29.32
2,5,1,24.5,28.64,32.46,25.9,319.83,40.46,5.02,0.0,31.08
2,5,1,29.32,24.5,28.64,32.46,350.34,47.75,5.69,0.0,24.32
2,5,1,31.08,29.32,24.5,28.64,173.98,33.94,7.98,0.0,26.96
2,5,1,24.32,31.08,29.32,24.5,111.36,46.89,5.71,0.0,37.02
3,5,1,26.96,24.32,31.08,29.32,167.93,33.04,6.41,0.0,30.48
3,5,1,37.02,26.96,24.32,31.08,302.46,44.95,9.47,0.0,29.22
3,5,1,30.48,37.02,26.96,24.32,112.43,22.06,5.55,0.0,19.67
4,5,1,29.22,30.48,37.02,26.96,293.33,32.26,8.08,0.0,32.16
4,5,1,19.67,29.22,30.48,37.02,287.64,38.91,3.76,0.0,30.22
5,5,1,32.16,19.67,29.22,30.48,314.73,41.8,9.18,0.0,31.08
5,5,1,30.22,32.16,19.67,29.22,275.72,28.67,5.96,0.0,33.66
5,5,1,31.08,30.22,32.16,19.67,198.98,29.25,8.04,0.0,26.5
5,5,1,33.66,31.08,30.22,32.16,269.63,26.62,7.86,0.0,29.27
6,5,1,26.5,33.66,31.08,30.22,267.58,22.65,4.41,0.0,37.7
6,5,1,29.27,26.5,33.66,31.08,278.52,21.94,7.81,0.0,40.8
6,5,1,37.7,29.27,26.5,33.66,108.66,28.68,9.55,0.0,28.76
6,5,1,40.8,37.7,29.27,26.5,213.18,12.65,9.23,0.0,25.98
7,5,1,28.76,40.8,37.7,29.27,330.16,40.96,5.59,0.0,24.36
7,5,1,25.98,28.76,40.8,37.7,279.3,36.6,6.53,0.0,39.92
7,5,1,24.36,25.98,28.76,40.8,323.27,33.01,4.9,0.0,35.56
7,5,1,39.92,24.36,25.98,28.76,260.07,41.42,9.9,0.0,32.74
8,5,1,35.56,39.92,24.36,25.98,342.64,35.01,7.22,0.0,34.28
8,5,1,32.74,35.56,39.92,24.36,249.86,9.07,10.0,0.0,31.84
8,5,1,34.28,32.74,35.56,39.92,319.68,44.71,7.47,0.0,30.38
8,5,1,31.84,34.28,32.74,35.56,308.64,25.76,7.14,0.0,30.36
9,5,1,30.38,31.84,34.28,32.74,348.67,10.13,7.96,0.0,22.32
9,5,1,30.36,30.38,31.84,34.28,319.52,20.55,7.63,0.0,41.74
9,5,1,22.32,30.36,30.38,31.84,288.26,22.76,4.37,0.0,32.02
9,5,1,41.74,22.32,30.36,30.38,217.98,21.7,10.2,0.0,28.68
10,5,1,32.02,41.74,22.32,30.36,278.4,36.41,7.1,0.0,26.38
10,5,1,28.68,32.02,41.74,22.32,254.1,46.3,7.53,0.0,24.26
10,5,1,26.38,28.68,32.02,41.74,275.64,36.59,7.49,0.0,31.84
10,5,1,24.26,26.38,28.68,32.02,284.52,8.07,5.63,0.0,33.84
11,5,1,31.84,24.26,26.38,28.68,287.94,22.68,6.16,0.0,26.46
11,5,1,33.84,31.84,24.26,26.38,198.02,34.55,8.61,0.0,31.22
11,5,1,26.46,33.84,31.84,24.26,256.95,41.64,6.06,0.0,35.98
11,5,1,31.22,26.46,33.84,31.84,312.51,46.3,11.27,0.0,29.48
12,5,1,35.98,31.22,26.46,33.84,342.55,43.0,8.22,0.0,29.98
12,5,1,29.48,35.98,31.22,26.46,288.73,21.09,4.0,0.0,29.82
12,5,1,29.98,29.48,35.98,31.22,329.19,53.16,7.0,0.0,28.86
12,5,1,29.82,29.98,29.48,35.98,280.36,42.2,6.1,0.0,24.6
13,5,1,28.86,29.82,29.98,29.48,113.87,29.29,6.49,0.0,28.72
13,5,1,24.6,28.86,29.82,29.98,308.13,40.16,4.53,0.0,23.72
13,5,1,28.72,24.6,28.86,29.82,268.08,25.21,7.06,0.0,25.8
13,5,1,23.72,28.72,24.6,28.86,166.68,39.18,4.12,0.0,31.8
14,5,1,25.8,23.72,28.72,24.6,150.51,30.54,5.73,0.0,26.48
14,5,1,31.8,25.8,23.72,28.72,217.37,52.11,8.57,0.0,32.28
14,5,1,26.48,31.8,25.8,23.72,93.14,45.44,5.43,0.0,24.98
14,5,1,32.28,26.48,31.8,25.8,199.54,44.12,8.27,0.0,28.76
15,5,1,24.98,32.28,26.48,31.8,322.86,41.16,5.12,0.0,27.86
15,5,1,28.76,24.98,32.28,26.48,291.2,28.6,6.29,0.0,28.98
15,5,1,27.86,28.76,24.98,32.28,144.53,40.95,4.31,0.0,21.66
15,5,1,28.98,27.86,28.76,24.98,340.21,38.95,5.59,0.0,30.36
16,5,1,21.66,28.98,27.86,28.76,290.18,19.83,3.18,0.0,27.68
16,5,1,30.36,21.66,28.98,27.86,156.08,45.84,8.18,0.0,26.9
16,5,1,27.68,30.36,21.66,28.98,273.81,22.91,7.37,0.0,26.42
16,5,1,26.9,27.68,30.36,21.66,362.48,25.01,7.2,0.0,26.53
17,5,1,26.42,26.9,27.68,30.36,282.85,44.5,4.14,0.0,30.46
17,5,1,26.53,26.42,26.9,27.68,308.65,33.45,7.85,0.0,28.06
17,5,1,30.46,26.53,26.42,26.9,158.39,50.91,8.45,0.0,28.96
17,5,1,28.06,30.46,26.53,26.42,123.07,29.17,5.24,0.0,28.4
18,5,1,28.96,28.06,30.46,26.53,219.78,40.77,7.43,0.0,38.14
18,5,1,28.4,28.96,28.06,30.46,312.01,27.29,5.96,0.0,27.9
18,5,1,38.14,28.4,28.96,28.06,288.73,29.59,9.88,0.0,27.16
18,5,1,27.9,38.14,28.4,28.96,168.39,48.34,6.2,0.0,27.48
19,5,1,27.16,27.9,38.14,28.4,310.74,19.69,6.16,0.0,27.6
19,5,1,27.48,27.16,27.9,38.14,147.71,50.18,5.57,0.0,27.38
19,5,1,27.6,27.48,27.16,27.9,331.53,37.36,6.51,0.0,27.5
19,5,1,27.38,27.6,27.48,27.16,266.83,45.24,4.92,0.0,25.0
20,5,1,27.5,27.38,27.6,27.48,339.21,46.59,6.59,0.0,30.0
20,5,1,25.0,27.5,27.38,27.6,179.23,52.8,6.61,0.0,25.86
20,5,1,30.0,25.0,27.5,27.38,313.17,48.86,8.86,0.0,34.7
20,5,1,25.86,30.0,25.0,27.5,128.56,42.36,4.82,0.0,25.02
21,5,1,34.7,25.86,30.0,25.0,399.33,42.28,6.63,0.0,28.2
21,5,1,25.02,34.7,25.86,30.0,293.24,45.52,3.24,0.0,29.48
21,5,1,28.2,25.02,34.7,25.86,247.58,19.46,6.69,0.0,29.92
21,5,1,29.48,28.2,25.02,34.7,157.25,44.07,6.08,0.0,40.4
22,5,1,29.92,29.48,28.2,25.02,176.26,44.19,7.69,0.0,30.2
22,5,1,40.4,29.92,29.48,28.2,119.01,34.79,9.88,0.0,27.64
22,5,1,30.2,40.4,29.92,29.48,123.58,28.76,9.61,0.0,23.94
22,5,1,27.64,30.2,40.4,29.92,258.74,39.35,8.47,0.0,24.7
23,5,1,23.94,27.64,30.2,40.4,198.11,25.66,3.06,0.0,21.02
23,5,1,24.7,23.94,27.64,30.2,151.81,36.89,5.41,0.0,39.68
23,5,1,21.02,24.7,23.94,27.64,328.97,42.66,3.14,0.0,25.34
23,5,1,39.68,21.02,24.7,23.94,278.51,36.05,10.33,0.0,30.84
0,6,1,25.34,39.68,21.02,24.7,259.06,42.26,6.49,0.0,34.3
0,6,1,30.84,25.34,39.68,21.02,138.12,41.5,8.96,0.0,23.16
0,6,1,34.3,30.84,25.34,39.68,220.64,27.49,10.53,0.0,28.5
0,6,1,23.16,34.3,30.84,25.34,174.66,39.93,5.04,0.0,32.46
1,6,1,28.5,23.16,34.3,30.84,339.87,40.64,6.41,0.0,25.98
1,6,1,32.46,28.5,23.16,34.3,338.16,17.67,4.82,0.0,35.38
1,6,1,25.98,32.46,28.5,23.16,94.97,18.48,5.63,0.0,26.72
1,6,1,35.38,25.98,32.46,28.5,153.77,32.61,8.47,0.0,35.5
2,6,1,26.72,35.38,25.98,32.46,299.34,54.85,4.98,0.0,27.3
2,6,1,35.5,26.72,35.38,25.98,215.25,30.72,9.73,0.0,29.5
2,6,1,27.3,35.5,26.72,35.38,337.44,35.11,5.2,0.0,36.76
2,6,1,29.5,27.3,35.5,26.72,31.52,22.12,7.2,0.0,27.02
3,6,1,36.76,29.5,27.3,35.5,249.89,13.75,8.69,0.0,30.58
3,6,1,27.02,36.76,29.5,27.3,282.26,23.12,5.33,0.0,30.26
3,6,1,30.58,27.02,36.76,29.5,328.58,32.94,8.96,0.0,38.48
3,6,1,30.26,30.58,27.02,36.76,125.76,47.75,6.65,0.0,25.98
4,6,1,38.48,30.26,30.58,27.02,136.26,44.15,11.82,0.0,30.62
4,6,1,25.98,38.48,30.26,30.58,168.98,48.89,6.33,0.0,30.52
4,6,1,30.62,25.98,38.48,30.26,349.88,47.86,6.41,0.0,24.12
4,6,1,30.52,30.62,25.98,38.48,219.83,37.13,6.02,0.0,33.6
5,6,1,24.12,30.52,30.62,25.98,304.52,37.4,4.04,0.0,23.78
5,6,1,33.6,24.12,30.52,30.62,388.39,40.94,9.92,0.0,24.0
5,6,1,23.78,33.6,24.12,30.52,304.53,49.97,4.98,0.0,23.88
5,6,1,24.0,23.78,33.6,24.12,168.86,38.64,3.43,0.0,27.02
6,6,1,23.88,24.0,23.78,33.6,366.36,36.94,4.47,0.0,28.68
6,6,1,27.02,23.88,24.0,23.78,141.84,45.9,6.1,0.0,25.16
6,6,1,28.68,27.02,23.88,24.0,244.12,32.7,6.51,0.0,24.76
6,6,1,25.16,28.68,27.02,23.88,106.27,23.03,4.94,0.0,32.12
7,6,1,24.76,25.16,28.68,27.02,149.46,58.05,4.76,0.0,26.82
7,6,1,32.12,24.76,25.16,28.68,336.14,37.23,6.67,0.0,31.68
7,6,1,26.82,32.12,24.76,25.16,333.75,33.51,6.33,0.0,27.98
7,6,1,31.68,26.82,32.12,24.76,250.05,19.16,7.04,0.0,26.28
8,6,1,27.98,31.68,26.82,32.12,337.34,24.71,5.49,0.0,32.84
8,6,1,26.28,27.98,31.68,26.82,167.42,27.49,7.24,0.0,30.78
8,6,1,32.84,26.28,27.98,31.68,319.78,36.49,6.43,0.0,29.1
8,6,1,30.78,32.84,26.28,27.98,343.59,48.39,6.92,0.0,28.18
9,6,1,29.1,30.78,32.84,26.28,153.28,48.72,7.02,0.0,38.12
9,6,1,28.18,29.1,30.78,32.84,321.66,38.57,5.24,0.0,27.96
9,6,1,38.12,28.18,29.1,30.78,121.27,41.49,10.16,0.0,26.02
9,6,1,27.96,38.12,28.18,29.1,369.48,52.16,5.45,0.0,28.14
10,6,1,26.02,27.96,38.12,28.18,122.23,34.85,6.02,0.0,29.6
10,6,1,28.14,26.02,27.96,38.12,186.31,38.73,8.53,0.0,28.52
10,6,1,29.6,28.14,26.02,27.96,295.26,20.71,6.67,0.0,31.52
10,6,1,28.52,29.6,28.14,26.02,271.3,43.02,5.78,0.0,30.32
11,6,1,31.52,28.52,29.6,28.14,186.51,20.18,8.78,0.0,28.44
11,6,1,30.32,31.52,28.52,29.6,332.01,41.83,8.65,0.0,28.28
11,6,1,28.44,30.32,31.52,28.52,315.57,44.79,8.84,0.0,27.24
11,6,1,28.28,28.44,30.32,31.52,250.14,19.97,6.69,0.0,26.16
12,6,1,27.24,28.28,28.44,30.32,297.19,37.21,8.47,0.0,31.2
12,6,1,26.16,27.24,28.28,28.44,130.41,39.69,5.84,0.0,29.8
12,6,1,31.2,26.16,27.24,28.28,188.24,37.29,8.04,0.0,39.58
12,6,1,29.8,31.2,26.16,27.24,266.41,19.3,6.98,0.0,41.08
13,6,1,39.58,29.8,31.2,26.16,343.68,39.11,12.02,0.0,28.16
13,6,1,41.08,39.58,29.8,31.2,144.28,43.35,13.12,0.0,30.37
13,6,1,28.16,41.08,39.58,29.8,243.73,39.0,6.16,0.0,31.4
13,6,1,30.37,28.16,41.08,39.58,327.73,46.94,6.58,0.0,28.58
14,6,1,31.4,30.37,28.16,41.08,276.92,28.47,10.22,0.0,28.58
14,6,1,28.58,31.4,30.37,28.16,148.95,49.7,6.43,0.0,33.0
14,6,1,28.58,28.58,31.4,30.37,174.53,38.2,6.41,0.0,30.18
14,6,1,33.0,28.58,28.58,31.4,361.17,35.94,7.78,0.0,28.02
15,6,1,30.18,33.0,28.58,28.58,293.8,34.9,8.06,0.0,26.3
15,6,1,28.02,30.18,33.0,28.58,341.49,49.26,7.84,0.0,24.12
15,6,1,26.3,28.02,30.18,33.0,340.19,23.51,6.1,0.0,39.56
15,6,1,24.12,26.3,28.02,30.18,326.93,34.44,4.02,0.0,25.38
16,6,1,39.56,24.12,26.3,28.02,248.98,39.22,9.9,0.0,32.98
16,6,1,25.38,39.56,24.12,26.3,145.59,43.66,5.47,0.0,26.14
16,6,1,32.98,25.38,39.56,24.12,189.68,49.26,7.4,0.0,24.58
16,6,1,26.14,32.98,25.38,39.56,269.28,37.42,5.62,0.0,27.56
17,6,1,24.58,26.14,32.98,25.38,337.31,38.09,5.14,0.0,24.02
17,6,1,27.56,24.58,26.14,32.98,155.73,34.04,7.27,0.0,31.36
17,6,1,24.02,27.56,24.58,26.14,235.48,23.35,5.04,0.0,20.92
17,6,1,31.36,24.02,27.56,24.58,206.47,28.64,8.59,0.0,25.82
18,6,1,20.92,31.36,24.02,27.56,144.91,27.24,3.67,0.0,34.9
18,6,1,25.82,20.92,31.36,24.02,222.69,32.75,5.57,0.0,26.54
18,6,1,34.9,25.82,20.92,31.36,314.48,28.19,7.82,0.0,26.24
18,6,1,26.54,34.9,25.82,20.92,284.88,34.21,5.04,0.0,30.2
19,6,1,26.24,26.54,34.9,25.82,200.1,35.63,4.73,0.0,35.0
19,6,1,30.2,26.24,26.54,34.9,222.55,29.94,7.04,0.0,29.68
19,6,1,35.0,30.2,26.24,26.54,229.84,21.81,10.92,0.0,30.62
19,6,1,29.68,35.0,30.2,26.24,190.32,21.69,7.35,0.0,20.34
20,6,1,30.62,29.68,35.0,30.2,220.14,16.86,7.8,0.0,29.06
20,6,1,20.34,30.62,29.68,35.0,163.43,52.69,2.9,0.0,27.92
20,6,1,29.06,20.34,30.62,29.68,299.09,24.31,7.0,0.0,49.68
20,6,1,27.92,29.06,20.34,30.62,146.95,45.91,5.59,0.0,25.56
21,6,1,49.68,27.92,29.06,20.34,81.84,22.63,15.63,0.0,37.8
21,6,1,25.56,49.68,27.92,29.06,367.91,42.72,5.1,0.0,26.4
21,6,1,37.8,25.56,49.68,27.92,173.34,41.13,8.94,0.0,34.68
21,6,1,26.4,37.8,25.56,49.68,270.66,28.94,6.29,0.0,26.1
22,6,1,34.68,26.4,37.8,25.56,261.84,31.44,16.55,0.0,35.84
22,6,1,26.1,34.68,26.4,37.8,259.16,49.02,5.33,0.0,34.98
22,6,1,35.84,26.1,34.68,26.4,130.45,46.33,10.41,0.0,26.4
22,6,1,34.98,35.84,26.1,34.68,104.26,36.41,11.43,0.0,30.58
23,6,1,26.4,34.98,35.84,26.1,304.14,46.45,4.86,0.0,23.6
23,6,1,30.58,26.4,34.98,35.84,283.1,41.71,8.06,0.0,24.5
23,6,1,23.6,30.58,26.4,34.98,319.47,33.94,7.1,0.0,28.54
23,6,1,24.5,23.6,30.58,26.4,291.69,45.77,4.06,0.0,31.5
0,0,0,28.54,24.5,23.6,30.58,281.95,36.71,7.35,0.0,22.38
0,0,0,31.5,28.54,24.5,23.6,327.34,46.24,5.96,0.0,30.66
0,0,0,22.38,31.5,28.54,24.5,377.16,31.5,6.12,0.0,22.86
0,0,0,30.66,22.38,31.5,28.54,235.78,46.83,5.94,0.0,39.94
1,0,0,22.86,30.66,22.38,31.5,152.62,38.92,7.49,0.0,23.24
1,0,0,39.94,22.86,30.66,22.38,294.65,36.94,7.1,0.0,35.82
1,0,0,23.24,39.94,22.86,30.66,292.08,8.81,4.92,0.0,24.9
1,0,0,35.82,23.24,39.94,22.86,288.12,15.86,10.27,0.0,26.06
2,0,0,24.9,35.82,23.24,39.94,346.27,33.58,6.45,0.0,32.5
2,0,0,26.06,24.9,35.82,23.24,145.96,26.7,4.19,0.0,37.16
2,0,0,32.5,26.06,24.9,35.82,156.42,47.3,10.51,0.0,23.7
2,0,0,37.16,32.5,26.06,24.9,275.22,48.4,9.51,0.0,27.92
3,0,0,23.7,37.16,32.5,26.06,159.65,39.54,5.43,0.0,30.52
3,0,0,27.92,23.7,37.16,32.5,123.61,44.63,8.27,0.0,29.76
3,0,0,30.52,27.92,23.7,37.16,284.85,38.57,10.94,0.0,32.04
3,0,0,29.76,30.52,27.92,23.7,144.46,38.14,8.39,0.0,29.54
4,0,0,32.04,29.76,30.52,27.92,344.91,34.25,8.71,0.0,33.56
4,0,0,29.54,32.04,29.76,30.52,199.03,29.62,9.47,0.0,38.54
4,0,0,33.56,29.54,32.04,29.76,315.37,39.99,12.73,0.0,36.48
4,0,0,38.54,33.56,29.54,32.04,133.94,24.55,13.65,0.0,25.66
5,0,0,36.48,38.54,33.56,29.54,242.09,35.19,12.29,0.0,21.46
5,0,0,25.66,36.48,38.54,33.56,333.93,15.6,5.55,0.0,35.5
5,0,0,21.46,25.66,36.48,38.54,317.06,20.53,3.76,0.0,31.65
5,0,0,35.5,21.46,25.66,36.48,142.67,21.19,10.39,0.0,28.42
6,0,0,31.65,35.5,21.46,25.66,139.03,51.15,7.46,0.0,35.52
6,0,0,28.42,31.65,35.5,21.46,179.91,29.23,8.06,0.0,31.86
6,0,0,35.52,28.42,31.65,35.5,101.99,20.97,9.33,0.0,27.96
6,0,0,31.86,35.52,28.42,31.65,126.54,33.16,10.2,0.0,33.4
7,0,0,27.96,31.86,35.52,28.42,171.8,33.22,6.71,0.0,27.6
7,0,0,33.4,27.96,31.86,35.52,96.05,34.02,9.02,0.0,28.78
7,0,0,27.6,33.4,27.96,31.86,289.05,42.56,7.59,0.0,31.2
7,0,0,28.78,27.6,33.4,27.96,92.85,37.21,5.39,0.0,27.26
8,0,0,31.2,28.78,27.6,33.4,136.73,41.52,9.69,0.0,25.88
8,0,0,27.26,31.2,28.78,27.6,290.9,43.24,8.73,0.0,39.54
8,0,0,25.88,27.26,31.2,28.78,168.52,21.04,5.92,0.0,31.14
8,0,0,39.54,25.88,27.26,31.2,65.11,19.88,10.1,0.0,30.18
9,0,0,31.14,39.54,25.88,27.26,109.95,51.01,5.65,0.0,24.92
9,0,0,30.18,31.14,39.54,25.88,261.11,21.29,5.49,0.0,20.84
9,0,0,24.92,30.18,31.14,39.54,340.48,38.37,5.24,1.0,25.28
9,0,0,20.84,24.92,30.18,31.14,294.93,31.44,3.2,1.0,62.06
10,0,0,25.28,20.84,24.92,30.18,263.94,43.5,5.1,2.0,20.68
10,0,0,62.06,25.28,20.84,24.92,353.27,17.31,10.31,0.0,28.88
10,0,0,20.68,62.06,25.28,20.84,333.75,23.03,3.06,0.0,26.86
10,0,0,28.88,20.68,62.06,25.28,267.92,34.3,6.14,0.0,29.44
11,0,0,26.86,28.88,20.68,62.06,337.5,12.74,5.69,0.0,35.86
11,0,0,29.44,26.86,28.88,20.68,286.8,37.32,6.76,0.0,29.86
11,0,0,35.86,29.44,26.86,28.88,237.55,34.84,9.29,0.0,34.8
11,0,0,29.86,35.86,29.44,26.86,342.56,40.83,5.33,0.0,28.36
12,0,0,34.8,29.86,35.86,29.44,251.63,40.69,9.31,0.0,30.78
12,0,0,28.36,34.8,29.86,35.86,298.01,26.84,5.8,0.0,22.36
12,0,0,30.78,28.36,34.8,29.86,209.27,38.17,7.94,0.0,37.9
12,0,0,22.36,30.78,28.36,34.8,119.3,18.76,3.37,0.0,28.44
13,0,0,37.9,22.36,30.78,28.36,120.76,33.44,7.37,0.0,21.4
13,0,0,28.44,37.9,22.36,30.78,206.42,22.78,5.35,0.0,30.36
13,0,0,21.4,28.44,37.9,22.36,191.74,32.24,4.0,0.0,25.9
13,0,0,30.36,21.4,28.44,37.9,60.18,32.74,8.31,0.0,29.16
14,0,0,25.9,30.36,21.4,28.44,200.21,44.1,7.12,0.0,33.0
14,0,0,29.16,25.9,30.36,21.4,295.99,43.19,7.06,0.0,32.14
14,0,0,33.0,29.16,25.9,30.36,316.0,49.73,9.35,0.0,31.76
14,0,0,32.14,33.0,29.16,25.9,133.57,34.65,6.49,0.0,33.92
15,0,0,31.76,32.14,33.0,29.16,169.2,41.37,8.04,0.0,24.84
15,0,0,33.92,31.76,32.14,33.0,327.7,28.22,14.0,1.0,24.84
15,0,0,24.84,33.92,31.76,32.14,176.65,46.25,6.69,2.0,22.34
15,0,0,24.84,24.84,33.92,31.76,177.83,37.36,5.81,0.0,26.68
16,0,0,22.34,24.84,24.84,33.92,260.08,36.75,4.08,0.0,24.82
16,0,0,26.68,22.34,24.84,24.84,264.82,27.36,6.86,0.0,27.32
16,0,0,24.82,26.68,22.34,24.84,160.59,47.11,6.2,1.0,22.18
16,0,0,27.32,24.82,26.68,22.34,323.35,28.21,7.33,1.0,27.96
17,0,0,22.18,27.32,24.82,26.68,227.54,19.87,3.92,2.0,30.32
17,0,0,27.96,22.18,27.32,24.82,145.28,40.96,7.24,1.0,40.02
17,0,0,30.32,27.96,22.18,27.32,221.14,41.52,7.33,1.0,34.28
17,0,0,40.02,30.32,27.96,22.18,222.72,19.75,8.29,0.0,26.56
18,0,0,34.28,40.02,30.32,27.96,277.32,25.0,8.1,0.0,23.9
18,0,0,26.56,34.28,40.02,30.32,308.38,23.95,5.92,0.0,33.44
18,0,0,23.9,26.56,34.28,40.02,356.59,34.59,5.2,0.0,27.64
18,0,0,33.44,23.9,26.56,34.28,330.9,30.5,8.14,0.0,31.04
19,0,0,27.64,33.44,23.9,26.56,252.36,34.26,8.18,0.0,26.68
19,0,0,31.04,27.64,33.44,23.9,303.88,24.43,9.12,0.0,26.78
19,0,0,26.68,31.04,27.64,33.44,320.36,31.31,7.16,0.0,26.48
19,0,0,26.78,26.68,31.04,27.64,311.34,43.26,5.53,0.0,23.32
20,0,0,26.48,26.78,26.68,31.04,151.86,36.92,9.29,0.0,24.3
20,0,0,23.32,26.48,26.78,26.68,284.31,20.14,4.12,0.0,29.1
20,0,0,24.3,23.32,26.48,26.78,255.3,40.31,4.65,0.0,26.71
20,0,0,29.1,24.3,23.32,26.48,205.78,41.68,7.39,0.0,25.16
21,0,0,26.71,29.1,24.3,23.32,133.24,32.94,6.44,0.0,39.88
21,0,0,25.16,26.71,29.1,24.3,244.55,36.49,5.06,0.0,22.52
21,0,0,39.88,25.16,26.71,29.1,279.36,34.06,15.86,0.0,43.96
21,0,0,22.52,39.88,25.16,26.71,294.34,38.26,2.98,0.0,53.54
22,0,0,43.96,22.52,39.88,25.16,237.88,19.08,8.02,0.0,28.28
22,0,0,53.54,43.96,22.52,39.88,70.73,35.99,10.47,0.0,22.3
22,0,0,28.28,53.54,43.96,22.52,153.64,45.62,8.61,0.0,25.06
22,0,0,22.3,28.28,53.54,43.96,153.07,44.73,4.14,0.0,27.42
23,0,0,25.06,22.3,28.28,53.54,127.44,29.31,5.31,0.0,41.56
23,0,0,27.42,25.06,22.3,28.28,191.58,26.12,6.59,0.0,34.0
23,0,0,41.56,27.42,25.06,22.3,376.06,34.68,7.71,0.0,38.2
23,0,0,34.0,41.56,27.42,25.06,312.85,41.79,10.06,0.0,24.8
0,1,0,38.2,34.0,41.56,27.42,128.58,13.28,10.98,0.0,23.26
0,1,0,24.8,38.2,34.0,41.56,321.44,43.29,5.88,0.0,51.82
0,1,0,23.26,24.8,38.2,34.0,299.82,28.77,4.78,0.0,20.54
0,1,0,51.82,23.26,24.8,38.2,335.48,30.4,7.29,0.0,23.44
1,1,0,20.54,51.82,23.26,24.8,222.63,41.54,3.86,0.0,34.38
1,1,0,23.44,20.54,51.82,23.26,171.26,38.97,3.37,0.0,32.92
1,1,0,34.38,23.44,20.54,51.82,296.59,43.59,9.47,0.0,28.02
1,1,0,32.92,34.38,23.44,20.54,319.01,40.55,7.53,0.0,28.42
2,1,0,28.02,32.92,34.38,23.44,314.2,41.24,5.73,0.0,44.68
2,1,0,28.42,28.02,32.92,34.38,368.31,50.77,8.16,0.0,25.24
2,1,0,44.68,28.42,28.02,32.92,294.96,34.03,15.33,0.0,22.34
2,1,0,25.24,44.68,28.42,28.02,131.86,34.7,5.2,0.0,30.46
3,1,0,22.34,25.24,44.68,28.42,377.43,45.82,3.94,0.0,27.06
3,1,0,30.46,22.34,25.24,44.68,264.59,28.51,8.49,0.0,34.54
3,1,0,27.06,30.46,22.34,25.24,205.58,34.5,6.55,0.0,32.4
3,1,0,34.54,27.06,30.46,22.34,129.76,30.93,8.16,0.0,28.92
4,1,0,32.4,34.54,27.06,30.46,142.56,29.22,8.0,0.0,30.38
4,1,0,28.92,32.4,34.54,27.06,155.88,32.96,6.43,0.0,28.84
4,1,0,30.38,28.92,32.4,34.54,56.48,38.22,6.84,0.0,23.0
4,1,0,28.84,30.38,28.92,32.4,202.54,30.0,9.39,0.0,23.3
5,1,0,23.0,28.84,30.38,28.92,269.52,45.3,4.73,0.0,28.8
5,1,0,23.3,23.0,28.84,30.38,312.06,40.18,6.82,0.0,26.8
5,1,0,28.8,23.3,23.0,28.84,256.12,44.88,7.59,0.0,39.32
5,1,0,26.8,28.8,23.3,23.0,202.21,28.8,4.82,0.0,27.98
6,1,0,39.32,26.8,28.8,23.3,291.03,34.46,9.71,0.0,27.24
6,1,0,27.98,39.32,26.8,28.8,332.03,36.06,8.24,0.0,24.0
6,1,0,27.24,27.98,39.32,26.8,218.04,6.15,4.8,0.0,26.42
6,1,0,24.0,27.24,27.98,39.32,256.91,28.0,6.27,0.0,26.08
7,1,0,26.42,24.0,27.24,27.98,327.09,39.06,5.61,0.0,40.78
7,1,0,26.08,26.42,24.0,27.24,264.1,38.92,5.04,0.0,36.8
7,1,0,40.78,26.08,26.42,24.0,190.79,16.52,10.06,0.0,29.24
